58183.5330078125,15330.112415402926,72358.2,72358.2,0.0,61729.25,10.003317294822443,-3.3634054138305114,60169.22685177282,7344.6806274414175,58183.5330078125,185.70000000000437,-63717.6,505.2329754544053,-22.513254187823453,-19.5,2819.814444700933,251.80884570754523,186.451663405088,7062.772902645941,14777.428258928874,56901.89606380261,58183.5330078125,1281.6369440098863,3134.111075956155,8.02449141829896,3.1600483087147406,164567.88297286216,43357.10983667598,203389.86108812067,203389.86108812067,0.0,170183.51001069185,20766.365431742215,164567.88297286216,0.9682139940687792,0.9364405370181356,0.9046774275838878,0.8729342490590571,0.8412144597317347,0.8095198475077096,0.7778526774038657,0.7462121249187693,0.7146023312544295,100594.586328125,26794.826267242115,124602.6,124602.6,0.0,105295.3,9.462913958306013,-3.236544888028774,104102.03414543963,12965.374363708484,100594.58632812493,73.0,-98813.5,505.8760758727748,-22.53470221184409,-45.69999999999709,4371.813273294706,385.7912301193702,249.107240704501,12265.210603203903,25541.0601881631,98479.55089345152,100594.58632812499,2115.0354346734607,5513.812141811496,8.011415820841261,3.1566102005969605,284524.45657309104,75785.8745678629,351094.7803150882,351094.7803150882,0.0,294444.6725145976,36669.048199611396,284524.4565730911,0.9721675143625812,0.9443341054702212,0.9164986999603388,0.8886632530230769,0.8608268260837026,0.8329922806243651,0.8051608953149557,0.7773308638736938,0.7495018174608542,
56076.907421875,20128.64335011179,73835.3,73835.3,0.0,60804.75,3.645707422050558,-2.276405476447409,59580.04556155978,12266.823498535145,56076.907421874996,532.6000000000058,-59256.6,248.07705202231375,-15.78337432992082,0.0,3718.009441053735,522.8062406766637,361.53411764705885,12450.200041801301,17870.43714202016,53251.08506028849,56076.907421875,2825.822361586513,5124.193794714179,2.1043294809638535,2.0127030211104286,158609.44602391223,54952.21086261131,207078.05934811156,207078.05934811156,0.0,167859.1726617918,34415.7474456709,158609.44602391223,0.9671798996151663,0.9342331815251332,0.9011683550692765,0.8679912117912583,0.8347089064140142,0.8013268698185114,0.7678524078041703,0.7342975051284839,0.700666498496074,80688.5109375,28405.65673276307,94152.8,94152.8,0.0,88938.85,4.140861988159693,-2.459698042409093,85542.4872898294,17650.611767578106,80688.51093749994,52.70000000001164,-88300.9,249.93474654935588,-15.871352648998688,4.0,5530.030423704559,689.6816178392924,387.68196078431384,17856.79759874444,25714.184902115205,76418.37430350954,80688.51093750002,4270.136633990475,8345.67302179291,2.1211311926280887,2.0201112587686634,228221.57299100468,77252.36886539456,266188.9335641135,266188.9335641135,0.0,240941.93257671743,49253.6808377204,228221.57299100465,0.9649696366340997,0.9299456741707975,0.894927119250964,0.8599156874905194,0.8249134969276022,0.7899178465729382,0.754926086590501,0.7199401392409196,0.684958283739601,
51647.2400390625,29856.14553294306,76022.0,76022.0,0.0,66340.85,-0.6727673268409506,-1.1219209898044618,59655.90356148177,25621.87298812855,51647.24003906244,258.8999999999942,-71133.9,505.03644231547406,-22.506700954315054,0.0,3148.2837682832856,286.3803194687506,207.61682974559682,7670.668920307221,13374.955915573019,51450.5755749306,51647.2400390625,196.6644641318974,2375.1548154263432,6.028683332451733,2.6811559242743668,146080.4546447619,84033.00354101796,214077.17904499127,214077.17904499127,0.0,168526.09564499225,72254.30133703336,146080.45464476192,0.9908779607593953,0.981767689111526,0.9726664209712588,0.9635760354904419,0.954494623432961,0.9454232416510706,0.9363628162073278,0.9273150990219797,0.9182822306005878,69885.1546875,40142.760797486706,94319.9,94319.9,0.0,92587.5,-0.6392752042858976,-1.165963317472867,80593.89610969333,34669.588458251936,69885.15468749998,90.69999999999709,-94130.3,505.962258518767,-22.537575044582777,0.0,4164.163723976073,367.7157524672443,202.53033268101765,10186.912467388214,18197.107244559847,69691.539266441,69885.1546875,193.61542105900645,3043.8228693909023,5.951608574403059,2.666467220227161,197665.0671352084,113006.02568745379,266578.16049181763,266578.16049181763,0.0,227688.03351788138,97792.5308575241,197665.06713520843,0.9913890758473192,0.9827784713231471,0.9741670373316644,0.9655563487248147,0.9569448681860533,0.9483333455524623,0.9397219371715604,0.931110610894098,0.9224998666877157,
60318.675,23735.22077671111,79351.3,79351.3,0.0,65908.2,2.300807573428881,-1.9243726837516826,64820.54658111765,15138.178613281229,60318.675,431.0,-77235.1,504.6005066760296,-22.492135039547023,0.0,3419.0332443325665,319.15799265474766,230.07416829745597,8042.295984317308,15329.444473612552,60144.783332032996,60318.674999999996,173.89166796699817,2975.002350830143,7.4220356876964875,3.007297274007717,170606.97649874992,67128.37900873048,224343.52097968257,224343.52097968257,0.0,183338.37486566958,42817.20490177646,170606.9764987499,0.9827103701811261,0.9654069854494066,0.9480902810881011,0.9307597197901569,0.9134174874846785,0.8960591014623875,0.878685876454189,0.8612980002720001,0.8438951015078607,80635.9328125,30504.16868932466,96109.9,96109.9,0.0,91787.4,3.123063342805155,-2.2597786291555293,86212.86428352086,20158.98320312502,80635.93281249999,129.1999999999971,-92121.6,505.8847068481585,-22.534989366989656,0.0,4075.454057060797,359.8444805281838,211.4604696673191,10565.673828200204,20535.792166229585,80573.19356612099,80635.93281250002,62.73924637902981,3493.0295556073606,7.445538752993791,3.0121359064346653,228072.85959608637,86278.35986364035,271701.2198321923,271701.2198321923,0.0,243846.64169329038,57018.2148990216,228072.85959608635,0.9841167356056704,0.9682340277238557,0.9523526868454263,0.9364710971083544,0.9205923618644428,0.9047135420223353,0.8888349174699536,0.8729564058489092,0.8570775016021573,
67347.737890625,13523.069350720072,91801.4,91801.4,0.0,70493.35,9.845834581972484,-2.0283061595512506,68692.00247225807,9280.194470214848,67347.737890625,954.1000000000058,-57241.5,243.83628796945825,-15.581856814020991,6.599999999991269,3607.029306452589,602.3304421376389,451.98549019607833,11678.95491842945,22810.184314123748,67233.3544973488,67347.737890625,114.38339327619055,1989.8616981553705,2.097743271506979,2.0106744191064263,190488.16864014056,35559.036576257255,197167.32141367908,257872.57999990042,60705.25858622135,193778.70748383636,26138.459459516464,190488.16864014056,0.916029770396435,0.8311953126140272,0.7455008896180921,0.658947645431102,0.571564110454884,0.5657260166561112,0.5590987703557687,0.5517240703659833,0.5436512406291572,84448.95156249999,12009.052984184502,89134.2,89134.2,0.0,86208.20000000001,44.763772683493166,-6.782215881763473,85298.55082932198,3304.7574218750037,84448.95156249996,93.5,-84361.7,249.94785604527425,-15.871973388134672,8.5,5283.23050314602,659.0127981545556,367.8686274509803,13565.439926869798,28939.22920006958,82971.99657969236,84448.9515625,1476.9549828076413,1742.6727584730481,2.1659192896150765,2.040899577323409,238857.7052557522,27138.121563288216,162454.03531166902,251946.954462879,89492.91915120996,240394.42797624823,9344.898658515674,238857.70525575223,0.8069864955106097,0.6139238137407621,0.42080548709875487,0.22760903270752447,0.034356846979113544,0.03400469586770983,0.033630251676088956,0.03324739209436969,0.03286508382173664,
54098.661718749994,17010.871307931848,63352.0,63352.0,0.0,57391.55,5.825732028266467,-2.6971041418750357,56710.095595182735,9298.211090087887,54098.66171874997,29.400000000001455,-54371.5,249.79664610214317,-15.864816580710093,-4.799999999995634,3405.731109923101,425.2437370242219,253.96313725490205,11444.956296460212,17432.771916016285,50991.65173699911,54098.661718749994,3107.0099817508844,4510.996395531652,2.1457836244303197,2.031728743894349,153014.12221778085,46649.72955787009,179143.73524665888,179143.73524665888,0.0,159967.243102769,26287.763675296097,153014.12221778088,0.9597702122142451,0.919536913870864,0.8792987961553183,0.8390525127588135,0.7987947964787588,0.758530836213223,0.7182593309887133,0.6779837437982988,0.6377050994939675,74725.98203125,22921.555989782282,83188.2,83188.2,0.0,81738.29999999999,6.715683866979429,-2.9505562775841927,78162.4597842687,12843.528161621094,74725.98203125001,28.0,-81092.9,249.99961770181375,-15.874426992826796,-7.30000000000291,5078.262641131681,633.4640922722023,331.139607843137,15683.389184989373,24118.114983737065,70356.85593560852,74725.98203125,4369.126095641475,6261.6046719659125,2.155811471256169,2.0362232851975843,211356.9945004839,62410.002124505474,235175.2301412715,235175.2301412715,0.0,220378.7364730508,36046.124241586724,211356.9945004839,0.9545295622426179,0.9090732785760862,0.8636339949168845,0.8182055522117049,0.7727855728720782,0.7273814335384938,0.681993834096416,0.6366191800807777,0.5912585787538321,
32985.644140625,30196.4413738458,65885.1,65885.1,0.0,54452.9,-1.9325075863253705,-0.15464474738834116,44719.99319114499,29893.24000244157,32985.644140624994,27.69999999999709,-55085.1,505.6497384302774,-22.527167905550836,0.0,2437.330057986722,218.99241194695173,132.4651663405088,5908.221519313311,9097.21075383053,32772.77167987542,32985.644140624994,212.8724607495776,2643.2714439077276,3.4160227098516645,2.186813940974519,93297.490614569,85407.83263263448,186303.65102558045,186303.65102558045,0.0,126486.8357971678,84550.85086945309,93297.49061456902,0.9944398413611221,0.9888788461109697,0.9833162547569162,0.9777526955089051,0.9721881961920971,0.9666225394631789,0.9610557408871889,0.9554878725057812,0.9499198228904855,45278.578125,41220.84460346723,84599.7,84599.7,0.0,81598.8,-1.9637329268803836,-0.18750656525621656,61231.590432103934,41033.71142578124,45278.578125,106.60000000000582,-82645.5,505.9219748242055,-22.536232364826283,0.0,3656.1652904640046,322.8273581979282,179.90724070450102,8056.607063911482,12493.223145130603,45138.06463139672,45278.578125,140.51349360327467,3495.717813870152,3.434519761380053,2.1898219436728388,128067.15853868952,116589.96951175733,239128.69951022457,239128.69951022457,0.0,173188.96641220056,116060.86242568752,128067.1585386895,0.9940628124409334,0.9881276216085442,0.98219309805185,0.9762606999992531,0.970330331717813,0.9644016121430026,0.9584744424545483,0.9525484344185148,0.9466246604589231,
54956.896875,14296.245740345597,62379.7,62379.7,0.0,58364.9,10.66079761125054,-3.5214323692909812,56785.94153835729,6869.612109375009,54956.89687500001,45.19999999999709,-58469.4,505.87946132261476,-22.534815786189718,-0.19999999999708962,2586.6997474057484,228.3664423772894,134.4960861056752,6639.002608762492,13970.843512151072,53821.77566287705,54956.896875000006,1135.1212121229523,2798.996300393927,8.01327563223601,3.1571354625712957,155441.57781312917,40435.45463295003,176370.1442527937,176370.1442527937,0.0,160614.7879381237,19430.197226641132,155441.57781312917,0.9689794827502559,0.9379645560654161,0.9069601723270767,0.8759598747204097,0.8449608760059426,0.8139613114643803,0.7829624789719566,0.7519609688569093,0.7209588708907819,77767.1857421875,20091.696230741945,84455.3,84455.3,0.0,82662.55,11.032790584536531,-3.607173611168106,80320.67875515186,9720.898217773427,77767.18574218758,41.39999999999418,-83032.8,505.97733454375475,-22.538077799761993,1.6000000000058208,3673.199485083969,324.3516806384778,177.245792563601,9373.50180156951,19777.176394471964,76211.68459846274,77767.1857421875,1555.5011437247529,4015.445423450421,8.009955602417488,3.1562533734599008,219958.81756837835,56827.785300520954,238851.4429413213,238851.4429413213,0.0,227181.15812769605,27494.85219604729,219958.81756837838,0.9686417584524839,0.9372874928496713,0.9059391437016757,0.8745924097668187,0.8432489365047248,0.8119073836658225,0.7805676239634848,0.7492267651153198,0.7178863509792739,
31230.65859375,30495.48073082607,65264.3,65264.3,0.0,56688.45,-1.9705983557626277,-0.03349844353376842,43650.06736768634,30376.69527282696,31230.65859375,54.599999999998545,-57822.3,505.5485708360177,-22.523811153645287,0.0,2558.515163389028,234.97372329303144,136.78121330724073,5603.138472831298,8843.139488534014,30509.50008031025,31230.65859375,721.1585134397492,1600.8462860149918,2.9103728826418784,2.0740063669165156,88333.64189025023,85988.36735555583,184569.89590878913,184569.89590878913,0.0,123275.42987176719,85573.21558117986,88333.64189025019,0.9942654688892163,0.9885266631262382,0.9827837217522282,0.9770387080511076,0.9712906950567928,0.9655399737024452,0.959786810685185,0.954032195680408,0.9482756539556815,43601.978125,42428.423210049245,86094.1,86094.1,0.0,84003.9,-1.9965159882039176,-0.05430806069688064,60838.33982370019,42409.73653564427,43601.978125,64.90000000000873,-86094.1,505.977906279641,-22.53809673747874,0.0,3808.625020028859,336.3163407002833,179.60763209393346,7735.385545846042,12382.980206602062,42495.01458730711,43601.978125,1106.963537692892,2205.927073249548,2.903408912427502,2.073281914845729,123325.01762134006,119583.15616244475,243110.91276983282,243110.91276983282,0.0,171782.39493346075,119471.11082067326,123325.01762134006,0.9940421695630437,0.9880847539006059,0.982126563227686,0.9761700377138607,0.9702133828283729,0.9642565893070192,0.9582998549282019,0.9523435391584412,0.9463876036185613,
50733.22890625,18370.039128656834,59863.1,59863.1,0.0,57131.899999999994,3.723512461374134,-2.379146403946267,53956.63863550381,11692.423849487282,50733.228906249984,57.30000000000291,-58557.4,505.88964444972896,-22.535154572951534,0.0,2590.5700745878876,228.73221226940782,135.46966731898232,6560.682027282253,12914.250561256562,50462.10331935227,50733.22890625,271.12558689773084,2510.2878073573625,7.546564603354831,3.03712129334977,143495.240764395,50983.38779743409,169259.16026313027,169259.16026313027,0.0,152283.25565647474,32640.989803046334,143495.240764395,0.9824081114494742,0.9648189143452389,0.9472346613565423,0.9296530216203363,0.9120759835313037,0.8945006949149638,0.8769275414763639,0.8593546367293572,0.8417831050513255,74193.770703125,26798.462146403617,86059.3,86059.3,0.0,83369.9,3.7866781740801914,-2.4021032297404616,78885.18989366834,17099.34559173582,74193.770703125,53.39999999999418,-83950.8,505.962226647358,-22.537574114557966,0.7000000000116415,3713.8377089652545,327.93996193335727,183.23796477495125,9557.76666896452,18905.49521195471,73829.94681592107,74193.770703125,363.8238872039296,3605.1362204982765,7.527656889937758,3.0325672378672257,209851.673543918,74424.18478628343,243344.75298237125,243344.75298237125,0.0,222658.2227771658,47827.46441395025,209851.67354391798,0.982828620272485,0.9656600208361024,0.9484964289734389,0.9313358600034618,0.9141776544440047,0.8970218005039783,0.8798669537979965,0.8627137806331714,0.8455617744142122,
51875.321874999994,15226.350323434153,58581.7,58581.7,0.0,55732.0,7.540115646705454,-3.0536018514941388,54063.76571981269,8105.519042968744,51875.321874999994,48.0,-55995.5,249.8915460252459,-15.869305962048578,0.0,3506.9757750830854,437.3814994232981,253.7180392156863,10666.964264934499,16828.521468090017,48868.44693175638,51875.321875,3006.8749432436266,4125.018679059583,2.1608297235698135,2.038542634564353,146725.56749618944,40731.69820092229,165654.188471285,165654.188471285,0.0,152274.3031355253,22566.988646818216,146725.56749618944,0.9505406586384972,0.9011039061281727,0.8516943941379124,0.8023128421725205,0.7529628918141195,0.7036414755609902,0.6543474482139359,0.6050864757795003,0.5558496300033612,76993.055859375,22441.048118117236,85288.1,85288.1,0.0,83980.29999999999,7.832622059791909,-3.1304220126141544,80196.82843607027,12030.164978027331,76993.05585937497,75.19999999999709,-85288.1,249.96760883639786,-15.872909245805545,4.19999999999709,5341.141473064922,666.3431387927718,368.4321568627451,15795.51048834119,24991.071658522935,72538.84265609024,76993.05585937499,4454.213203284746,6110.346103469357,2.1612490479995925,2.0387357043698233,217769.24760975488,59790.90183638153,240021.35111079444,240021.35111079444,0.0,225828.24700848773,33300.37053633279,217769.2476097549,0.9486068397009588,0.8972425027176991,0.8459123224262566,0.7946166715554833,0.7433578593485629,0.6921340964904971,0.6409444608557328,0.5897908283979177,0.5386656456866078,
57769.941796875006,9294.363127350776,62534.6,62534.6,0.0,59754.65,31.999794666137014,-5.591471029976415,58512.830739568424,3779.1633331298813,57769.941796874984,33.30000000000291,-57537.3,249.90278266895533,-15.869838329430063,-3.099999999998545,3603.5375785687133,449.34953940791985,260.56156862745115,9517.172074883974,19700.598549204846,56542.321679049666,57769.941796875006,1227.6201178253395,1453.8473973340224,2.1652539925096272,2.0405959991176847,163398.07037328993,23148.26400569917,136106.81238058954,176783.2360343629,40676.42365377334,165029.60803501945,10667.483197337995,163398.07037328993,0.849163809535157,0.6983596965730865,0.5475930196092103,0.39684474559331895,0.2461219364359421,0.09541884748930571,0.09505688122317035,0.09466254413518224,0.09422647242340382,83425.71054687501,12950.53727732004,87482.5,87482.5,0.0,85105.05,37.36209098531088,-6.2597160969316015,84424.91099208943,3910.5801818847594,83425.710546875,59.5,-87482.5,249.9801021440744,-15.873501844000845,18.19999999999709,5478.50576831411,683.5306789696272,373.71960784313745,13586.255996548103,28512.0773813279,81693.5730480825,83425.710546875,1732.1374987924974,1997.4888963941296,2.1665099241652737,2.0411694375315883,235963.5426120056,31354.21926886909,184977.50761280418,246823.0112390279,61845.503626223726,238037.56112842378,10882.377436611378,235963.54261200567,0.8298004816808282,0.6596732274849126,0.48963507564071246,0.3196423037077316,0.1497314943816953,-0.020105041159238037,-0.01988445444876278,-0.019667102867256453,-0.019477569012322348,
53364.448046875,14428.117555645553,60377.2,60377.2,0.0,55679.0,9.444168630208846,-3.3215643506098274,55280.510955916,7087.465756225584,53364.44804687499,39.0,-55395.0,249.89596287557703,-15.869514578037732,0.0,3469.385408482061,432.62479661668516,251.35254901960775,10583.395405438618,17467.984878519906,50447.79499889661,53364.448046875,2916.6530479783924,3721.9317598901225,2.1637930034425716,2.0399176146299354,150937.4523528901,39765.96681518428,170721.7045739974,170721.7045739974,0.0,156087.94520887037,19731.997099031054,150937.45235289016,0.944069240194515,0.8881236248713287,0.8321675945491162,0.7761931099022886,0.7202046904401602,0.6642026861179735,0.6081823525799485,0.5521469781206623,0.49609050405558186,78171.958984375,20861.16306861225,85166.2,85166.2,0.0,83708.45,10.098832469595443,-3.475538203711938,80907.62198971146,10382.213302612305,78171.95898437497,62.90000000000873,-85017.2,249.99093072401902,-15.87401493742166,2.8000000000029104,5324.054960817358,664.2324336793546,354.11607843137244,15433.338974496375,25615.8694697749,73917.86169891668,78171.958984375,4254.097285458327,5204.595446286369,2.164531575907719,2.0402572267263395,221103.68918595294,57304.0046240725,240852.0601573324,240852.0601573324,0.0,228408.82276653458,28303.67504474637,221103.6891859529,0.9400058703710504,0.8800025874693738,0.8199953319314669,0.759980803260409,0.6999628483175275,0.6399373721005797,0.5799055575684636,0.5198669470773385,0.45981373154382443,
42282.28085937501,21759.401837906775,55116.1,55116.1,0.0,53128.399999999994,0.0382411233861113,-1.4227011044012998,47552.737492331304,17672.67207794197,42282.280859375016,48.400000000001455,-55116.1,505.910248753533,-22.535841236278717,0.0,2438.3025362729913,215.30020565178685,125.30684931506852,6097.805273898708,10846.569018293714,41794.7545229224,42282.280859374994,487.52633645259874,2109.5781495062392,6.55574334688043,2.802654905607869,119592.35007879292,60817.64708916377,155707.49415702914,155707.49415702914,0.0,134168.23914336297,49277.461239281394,119592.35007879295,0.989732211106514,0.9794661859561068,0.9692004147782806,0.9589367552377546,0.9486744658824665,0.938414104382819,0.9281559278252501,0.9178999888467345,0.9076472071728829,63343.3505859375,32600.60448485112,83078.1,83078.1,0.0,78901.6,0.0376025267868938,-1.4220379995242722,71240.29390892969,26475.541065216064,63343.3505859375,67.80000000000291,-81980.3,505.9421835023134,-22.536905784962933,0.0,3626.706604797229,320.2586892666617,181.6663405088063,9095.296596851369,16274.515000824598,62635.611663105556,63343.3505859375,707.7389228319468,3095.3783068213697,6.525050963388027,2.7968981693068558,179162.05096957315,91135.05731218506,234954.96637893192,234954.96637893192,0.0,201009.05248002926,73856.1251404088,179162.05096957312,0.989917885906749,0.9798397946711707,0.9697631761802322,0.9596878144694742,0.949614250657041,0.9395433224147477,0.9294749399732329,0.9194099163621777,0.9093484994172557,
39239.1115234375,21486.44187751395,52376.5,52376.5,0.0,50705.600000000006,-0.3655830370518398,-1.2759020145628062,44736.73052095502,18086.777967834478,39239.1115234375,37.89999999999418,-50992.5,505.93344968570864,-22.53661513777844,0.0,2255.851663000004,199.18274975969055,112.18845401174161,5758.569719849051,10111.90135463096,38815.46066835483,39239.1115234375,423.6508550826708,1497.086306868498,6.27643438485101,2.740795888447332,110984.96738383145,60269.25149092902,148123.4203754128,148123.4203754128,0.0,126293.49017454137,50897.43985389365,110984.96738383146,0.990910375884813,0.9818205587314316,0.9727294076994024,0.963635192737287,0.9545391335291664,0.9454412932313373,0.9363410914187692,0.9272387637344612,0.9181330418903071,59949.2154296875,32820.562079746946,79155.3,79155.3,0.0,77614.95000000001,-0.3642791660051108,-1.2772673047086525,68345.4294438597,27632.841487121666,59949.21542968748,66.39999999999418,-78136.8,505.9507549436037,-22.53719159370373,0.0,3456.65530054852,305.2213893175925,170.8833659491193,8786.34947561545,15455.572475492389,59308.95705852703,59949.2154296875,640.2583711604757,2263.0225765397804,6.268991688723071,2.7393238744509976,169561.98702858097,92056.4473041829,223801.5589872421,223801.5589872421,0.0,192939.51626182874,77755.54929882217,169561.987028581,0.9909095687359057,0.9818181331005336,0.9727241148924708,0.9636269691254493,0.9545275358938202,0.9454251584392008,0.9363205431377888,0.9272127319239372,0.9181009261430884,
43894.158203125,17345.984731824552,51882.0,51882.0,0.0,50698.5,2.5491392568251783,-2.1277964382739993,47197.24897361771,11830.847328186032,43894.158203125,38.0,-51361.9,505.91752636306586,-22.536083939146945,0.0,2272.2109220978978,200.62803834237803,115.56144814090025,5877.4285596569325,11156.731014931192,43454.8860138133,43894.158203125,439.2721893117006,1557.3444848163933,7.389807207932659,2.9989040362424935,124151.42767961926,48267.28503757838,146718.01029246548,146718.01029246548,0.0,133204.00819715063,33214.83060676755,124151.42767961927,0.9849791158868006,0.9699542326969325,0.9549249312711148,0.9398914482725572,0.9248548576720494,0.9098143948016543,0.8947691016867247,0.8797195634650686,0.8646651081076089,66726.51191406249,26359.682694086518,78515.2,78515.2,0.0,77162.65,2.5562348863466315,-2.1307945705267533,71744.4092870688,17984.880164337166,66726.51191406247,55.60000000000582,-77499.7,505.92789381888656,-22.536429476642667,0.0,3428.509921719173,302.72439443782747,173.4931506849315,8928.132010968802,16963.608549482673,66073.49707710899,66726.5119140625,653.0148369535183,2368.326146957697,7.385972181928606,2.9980041897210024,188731.07623743426,73365.67443021067,222049.48980481812,222049.48980481812,0.0,202489.36101025128,50510.80021885333,188731.07623743423,0.9851053908782568,0.9702033409336714,0.9552943788914199,0.9403784991867425,0.9254569727939965,0.9105285812668088,0.8955901341545962,0.8806436108319088,0.8656897406011199,
35550.627734375,24094.29448524305,53370.0,53370.0,0.0,51085.2,-1.3619482248027535,-0.7946959389981832,42946.270607000624,22358.01197357168,35550.62773437501,53.80000000000291,-53150.6,505.90063920857153,-22.53552163943162,0.0,2351.360956769829,207.62052305253056,118.75205479452053,5628.069727860661,9328.318140144742,34809.55332925878,35550.627734375,741.0744051162208,1516.606029081718,5.218001548693822,2.519364721628411,100552.35978566046,67864.55802753623,150931.83637825144,150931.83637825144,0.0,121311.0683109243,62845.22486603785,100552.35978566045,0.9926140406653686,0.9852264734854856,0.9778388958890811,0.9704502839619028,0.9630604867116372,0.9556680295543124,0.9482733704855801,0.9408767410748665,0.9334782220731379,54554.3806640625,36988.66028163961,82494.3,82494.3,0.0,77949.65,-1.362377174532889,-0.7921512678280734,65911.6183921316,34309.590964507835,54554.38066406249,80.19999999999709,-81697.2,505.8946886042176,-22.53532339055838,0.0,3614.2622345017517,319.1378870332103,183.64755381604706,8628.396350602623,14321.73142755804,53413.64339281984,54554.3806640625,1140.7372712426568,2319.250752526926,5.208639433405176,2.517389907565394,154303.09004396346,104181.9476187776,233250.27335084736,233250.27335084736,0.0,186180.8846438249,96439.43127747726,154303.0900439635,0.9926318271122568,0.9852622699126252,0.9778908637957401,0.9705166839474428,0.9631404377887334,0.9557600077426583,0.9483754663953821,0.940987700681221,0.933596079340681,
49574.471875,5494.093082325404,51861.7,51861.7,0.0,50303.75,74.68756767911178,-8.598499503002365,49877.98432657861,1604.5459472656244,49574.471874999996,34.0,-50509.0,249.96583728174087,-15.872825106568623,-3.8000000000029104,3163.119340386861,394.55388850442137,219.9972549019609,7584.000295324453,17142.61681184545,49090.99870673743,49574.471875,483.4731682625686,597.3814324894806,2.1665811255387,2.041202146395367,140217.78094621713,9605.675509505114,57398.579790019634,146596.28186008421,89197.70207006458,140546.41616019685,4437.240892719215,140217.7809462172,0.6755549426185863,0.3512607645786308,0.027115580224401577,0.027153412746973984,0.02712116399233728,0.02706526875696417,0.026946415545220308,0.026823486780720857,0.02666035914292593,76549.96601562499,8392.041158921038,79251.7,79251.7,0.0,77875.15,78.13294681267692,-8.88933314154717,77008.59466193608,2049.2600860595758,76549.96601562497,54.69999999999709,-78804.3,249.98071686363738,-15.873530531386129,-0.10000000000582077,4935.029794856121,615.6353648596689,336.8262745098039,11648.346382334359,26496.097589005505,75859.2882286194,76549.96601562499,690.6777870055862,880.154300212662,2.166580522430893,2.041201851451981,216516.00027699283,14152.029880512713,84859.56661214604,224015.98911863694,139156.4225064909,216978.0134614696,5549.302272272962,216516.00027699285,0.665053506403334,0.3302861929720401,-0.004310272150706592,-0.004123884010937464,-0.003998379202781023,-0.0038963469329742415,-0.0038850034347380335,-0.003856665800522791,-0.003825437637169162,
42199.9705078125,18974.267766790595,51684.1,51684.1,0.0,50646.55,1.145207185417922,-1.7706947007703513,46269.43211393579,14176.552592468293,42199.970507812504,39.099999999998545,-51454.0,505.89856698296796,-22.535452876383907,0.0,2276.30679778278,200.9970864082169,116.3684931506849,5747.954799016594,10814.521488844626,42173.25045723251,42199.9705078125,26.720050579981507,1786.4043925332967,6.953984912018788,2.892699870262004,119359.54124778615,53085.867244836656,146166.96197788685,146166.96197788685,0.0,130632.3443409724,39892.848850263246,119359.54124778615,0.987790737288868,0.9755807900996739,0.9633707101047714,0.9511611172938536,0.9389528378503926,0.9267446284006136,0.9145372157024539,0.9023311115064142,0.8901255097383778,65513.8505859375,29462.121729496524,80845.3,80845.3,0.0,78242.0,1.142717192885157,-1.7692276364043087,71833.70542718937,22008.559181213375,65513.850585937565,52.40000000000873,-80193.3,505.93326556251697,-22.53660912271581,4.5,3547.664442540879,313.26942758337896,177.82818003913894,8918.187355550068,16792.49172262999,65498.149368836945,65513.8505859375,15.701217100554064,2778.8137250440027,6.949793878910734,2.891735424998193,185301.15204383474,82421.95208259275,228623.8504582391,228623.8504582391,0.0,202805.0668348243,61925.26805054079,185301.1520438348,0.987755538770368,0.9755115951524056,0.9632684564363734,0.9510267915234579,0.9387874377422134,0.9265491010493696,0.9143108650622264,0.9020740322656696,0.889839061473116,
50944.48125,10834.963760335031,54857.8,54857.8,0.0,53356.75,18.004481687883178,-4.452842110379445,52083.938114541364,4378.041357421877,50944.48125,67.59999999999854,-53035.5,249.939748451051,-15.871589289724847,9.69999999999709,3321.42185254873,414.32557016532155,233.93882352941182,9157.811578001887,17060.33614882194,48953.24325656833,50944.48125,1991.2379934316739,2171.255180282827,2.165571127529055,2.0407402495209945,144092.7526236237,27831.470862187878,154978.78526367733,154978.78526367733,0.0,146755.96113618565,12157.054869527754,144092.7526236237,0.9099277130885004,0.8198777205641159,0.7298531019556322,0.6398733283052408,0.5499293565133956,0.4600148150817142,0.3701397794497964,0.2803081079993535,0.19052555397837068,77429.333984375,16460.518273649992,82956.7,82956.7,0.0,81124.25,18.041468988785596,-4.459322277815877,79159.65148420664,6654.083389282227,77429.333984375,63.69999999999709,-81809.1,249.97055867400917,-15.873049002792479,16.30000000000291,5123.253303624372,639.1396447520193,355.8792156862745,13902.503827002729,25934.91485618496,74312.61930414637,77429.333984375,3116.7146802286306,3344.8984492133936,2.16652635643148,2.0411769331337797,219003.22849243827,42143.66203563807,234544.63231380936,234544.63231380936,0.0,223021.30467712096,18345.024618242976,219003.22849243827,0.9084279517390101,0.8168912722330255,0.7253918634052612,0.6339376895503671,0.5425197576098155,0.45114942481924336,0.35982840998635945,0.2685550873679591,0.17733591764090467,
41079.8193359375,23131.545946506656,56010.8,56010.8,0.0,53617.45,-0.5297544244287953,-1.2064755395070408,47144.67069084919,19737.569446563724,41079.81933593749,79.40000000000146,-54696.5,505.8558627645055,-22.53402725670139,0.0,2419.8050822344817,213.66617698308556,127.56046966731901,6030.259520869141,10635.774355167856,40692.51276415348,41079.8193359375,387.3065717840244,2043.952959444675,6.108729549009192,2.702329417623585,116191.27528943866,64750.79618214738,158405.1772379339,158405.1772379339,0.0,133015.3301676469,55070.62489111418,116191.27528943866,0.9911752662658408,0.9823428844474678,0.9735027751202153,0.9646549418446899,0.9557980383876947,0.9469339074445723,0.9380633297757972,0.9291867591821505,0.9203033764573638,62257.0216796875,35061.582329688186,84999.4,84999.4,0.0,80960.5,-0.5306563178343557,-1.2053807204713183,71451.04130722366,29912.553385162497,62257.02167968746,103.20000000001164,-82819.5,505.8679442982005,-22.534430544009766,0.0,3663.962607932669,323.5303794026543,192.32954990215256,9133.176628852161,16123.018164078927,61670.355259396296,62257.0216796875,586.6664202912042,3066.082935993519,6.102959045286315,2.7011198518550805,176089.44882473978,98147.7571742877,240380.91490902784,240380.91490902784,0.0,201594.8318428416,83463.73313045288,176089.4488247398,0.9912077334360315,0.9824072790317919,0.973597572615886,0.9647794145146039,0.9559512286520899,0.9471143648010915,0.9382686065038951,0.9294147034490574,0.9205515216644375,
47501.4953125,16184.717538782485,55109.8,55109.8,0.0,52809.9,4.696398731632922,-2.576816812786778,50183.03636423002,9834.293951415997,47501.49531249999,65.70000000000437,-55109.8,505.87007118346776,-22.534502483865612,4.100000000005821,2438.073779082678,215.28433944416588,128.81722113502934,6001.791351606502,12107.562752205838,47305.05465818436,47501.4953125,196.44065431564533,2583.8070057163754,7.633542889776431,3.058766008664077,134354.51780787902,44794.91927574737,155592.69537110347,155592.69537110347,0.0,141625.28463628382,27563.749739131417,134354.51780787902,0.9801306736925843,0.9602628176601374,0.9403982311847097,0.9205381721333218,0.9006845318460218,0.8808355339368057,0.8609898279994991,0.8411496276251028,0.8213161775896257,73064.4126953125,24936.876318401093,85647.4,85647.4,0.0,80477.6,4.647180338918988,-2.5598729232750608,77202.69556842027,15126.616690826446,73064.41269531248,78.89999999999418,-85647.4,505.9070613057918,-22.53573525942362,8.0,3789.0044703226786,334.59333412479265,197.12054794520554,9235.76850340278,18623.571375929776,72766.66094658643,73064.4126953125,297.75174872606675,4021.859995911748,7.63011416600272,3.0579093873906644,206657.36672107183,68991.92935173099,241957.86909709102,241957.86909709102,0.0,217869.57918847183,42367.91931754305,206657.36672107174,0.9799929082320328,0.9599877479303723,0.9399848080790193,0.9199843276114082,0.899988037359598,0.8799947773091559,0.8600020813069913,0.8400126877492471,0.820029117030512,
41489.5615234375,21344.885298994017,54220.3,54220.3,0.0,52317.9,0.04108373189706871,-1.4249239642196911,46658.202321074445,17341.34016799926,41489.561523437544,77.69999999999709,-53117.4,505.8623282744531,-22.534243282756197,0.0,2349.936554725016,207.4932877861225,123.41643835616445,5952.8948712368,10661.26370781295,41020.557035590544,41489.5615234375,469.004487846956,1865.1339720178714,6.524132384996154,2.7949929803216107,117350.2012067165,59681.989814587854,153330.44864605338,153330.44864605338,0.0,131654.88836911987,48402.78268414515,117350.20120671653,0.9899989588141407,0.9799886381323301,0.9699693987386484,0.9599406281624647,0.9499036557851954,0.9398607195429247,0.9298102114728181,0.9197535034916664,0.9096920697248065,63597.5955078125,32716.757500550146,83266.1,83266.1,0.0,79740.1,0.04167767409211098,-1.425320379589251,71519.51045501597,26581.807497405884,63597.59550781253,93.89999999999418,-81151.9,505.91490577593464,-22.535996218743325,0.0,3590.104099747727,317.0138349654016,183.15244618395297,9106.349757770764,16353.685069676781,62886.00225467306,63597.5955078125,711.5932531394388,2852.5555956789867,6.510569445231107,2.792485642430964,179881.16420293337,91485.42442637218,235420.6315496823,235420.6315496823,0.0,201808.86035423746,74208.88559084888,179881.1642029334,0.9900807011795394,0.9801514675600834,0.9702130473552073,0.9602655046753664,0.9503101300348493,0.9403485357123825,0.9303799452702368,0.9204053763395524,0.9104259629285976,
45080.841015625,20002.384672079505,56704.7,56704.7,0.0,53332.350000000006,1.2689176314121458,-1.8016121989914382,49319.140495814594,14792.150958251928,45080.84101562502,75.20000000000437,-56247.9,505.9122498954739,-22.535907926908934,4.799999999995634,2488.379814744247,219.7447566453855,127.13424657534237,6158.92753508585,11525.947984493545,44935.146750535314,45080.841015625,145.69426508969124,1880.3561250569642,7.026789037858723,2.9102037818093307,127507.87353496435,55692.64602950373,160303.86501143698,160303.86501143698,0.0,139139.9605978673,41342.503982124676,127507.87353496435,0.987175091448421,0.9743368198729192,0.9614884432779973,0.9486278038979388,0.9357556190594197,0.922871176699373,0.9099763414060117,0.8970708843315374,0.8841558367810604,67818.8953125,30086.457482279067,84733.2,84733.2,0.0,80462.75,1.2711568043787578,-1.802959900868516,74192.97463534416,22253.075024414007,67818.89531250003,93.30000000000291,-83843.1,505.9364388779215,-22.53671431666945,8.900000000008731,3709.1339840380515,327.5513229498966,187.74050880626228,9250.453258327983,17348.1902548934,67602.19869039937,67818.8953125,216.69662210062654,2793.1870244571,7.016869354150952,2.9080265858527787,191820.80307219728,83793.24843384436,239643.9682216752,239643.9682216752,0.0,209323.9808869463,62228.52113439878,191820.80307219728,0.987329065915765,0.9746437542125669,0.961945768042752,0.9492342633923381,0.9365095091773422,0.9237708891316512,0.9110202727174811,0.8982571655471879,0.8854836338083302,
51044.596875,19844.631601189863,60862.6,60862.6,0.0,58103.15,2.7514270712347244,-2.172067602143558,54766.415562077826,13359.328088378881,51044.59687500004,68.70000000000437,-60051.3,505.88345132337207,-22.534946965981742,0.0,2656.6719496105197,234.59353939361372,139.5489236790607,6779.566629399617,12984.512127674887,50677.52963292406,51044.596875,367.0672420759403,2025.566393503564,7.4084171973019775,3.003587783306159,144375.92237298464,55179.058028421154,172095.1887857742,172095.1887857742,0.0,154561.10573476742,37287.344544262894,144375.92237298464,0.9844898154140258,0.9689741810439887,0.9534535541496633,0.9379288169251015,0.9224007359181625,0.9068690609029649,0.8913384722107864,0.8758050795271375,0.8602697051118837,76124.9080078125,29615.717692284547,91345.3,91345.3,0.0,86485.45000000001,2.7368093439552377,-2.165863170899444,81682.87674676382,19923.31576766965,76124.90800781248,100.70000000001164,-88621.2,505.90648251362904,-22.53571507044446,0.0,3920.561184138239,346.2032996197168,203.55048923679067,10095.834247664056,19374.47974215433,75603.03311627966,76124.90800781251,521.8748915328474,2969.6601336530193,7.396054778811633,3.000693149856221,215313.75467810538,82378.94690856658,258251.6245899554,258251.6245899554,0.0,230534.82133367134,55658.30135422167,215313.75467810535,0.9847156594443986,0.9694242867549923,0.9541250493267669,0.9388182425047727,0.9235062573288093,0.9081907318871413,0.8928731393351981,0.8775512884034474,0.8622263080566865,
44163.316015624994,17880.192326464083,52444.6,52444.6,0.0,51508.45,2.2584071835865176,-2.0602188293235013,47645.56389767365,12420.93262939452,44163.31601562502,29.69999999999709,-50755.5,249.98426990347912,-15.873699180160271,-2.1999999999970896,3178.501145607384,396.4692933487116,213.94352941176464,10104.271837800523,14027.527586983408,42874.33645241937,44163.316015625,1288.979563205637,5382.325102913253,2.0065959697011975,1.9662233686475357,124912.7209373316,48957.55172266044,148316.10697328614,148316.10697328614,0.0,134164.1894196982,34552.61024193166,124912.7209373316,0.9719268582314874,0.9438689447426901,0.9158281607556009,0.8878019427311108,0.8597875092959327,0.8317852592120889,0.8037950962461953,0.7758180874015002,0.7478513688027816,66187.08203125,26786.954703190335,78473.4,78473.4,0.0,77043.15,2.265485601255752,-2.063379348563833,71402.17622791472,18615.116821289062,66187.08203124999,51.89999999999418,-76481.1,249.9929784471803,-15.874112084335865,-1.8999999999941792,4789.490135285801,597.4389819300263,317.8572549019607,15144.136059155604,21020.83444419216,64240.81555007801,66187.08203125,1946.2664811719899,8019.851183950419,2.0080629351254293,1.9668545370611057,187205.3381249887,73316.54276552022,221907.57347383397,221907.57347383397,0.0,201050.12824064476,51747.13449308295,187205.3381249887,0.9717445862208968,0.9435039310388136,0.9152839956667698,0.8870765971672463,0.8588851861458463,0.8307059182529517,0.8025398376947745,0.7743879212674896,0.7462491486979576,
45610.798828125,11795.543860100115,49835.7,49835.7,0.0,48741.45,10.978013420526663,-3.5950491535951516,47111.35558116784,5701.349853515625,45610.79882812502,26.69999999999709,-49835.7,505.9547701157898,-22.537325518373567,1.9000000000014552,2204.652687345551,194.6727065230302,110.50645792563598,5504.984208230713,11595.077229273295,44676.01252150271,45610.798828125,934.7863066222909,2459.9723223370365,8.018099418790987,3.1583511661389925,129006.82058681053,33362.69908962745,140879.18211283477,140879.18211283477,0.0,133251.0016790213,16125.852573351305,129006.82058681053,0.9678608015568857,0.9357242040557286,0.903588935055012,0.8714588373780973,0.8393338202696284,0.8072167289131528,0.7751098827291252,0.7430159296634373,0.7109339384237965,69311.2884765625,17922.9945586898,75622.9,75622.9,0.0,73778.3,10.983641574725862,-3.596203861714752,71591.1198699398,8663.911059570311,69311.28847656249,44.5,-75618.5,505.9630423889779,-22.537601364243677,5.30000000000291,3345.231614138387,295.3989483802531,165.2972602739726,8361.278447977862,17622.95252406135,67910.4279658597,69311.28847656249,1400.8605107027956,3675.768066311169,8.014262211311204,3.1573670266311815,196041.92837821745,50693.70834737853,213820.28715138623,213820.28715138623,0.0,202490.22136453705,24505.241047277184,196041.92837821736,0.9679549814495965,0.9359069897322227,0.903859534647928,0.871815321091804,0.839774865589922,0.807740285608748,0.7757146293422327,0.7437000569509745,0.7116996224653042,
40032.7607421875,15680.680420281818,47177.9,47177.9,0.0,46152.65,2.663976311152485,-2.156094662436452,42994.25160511854,10633.702072143555,40032.76074218752,37.200000000004366,-46646.2,505.95671956561245,-22.537390550729107,0.0,2063.5522106613257,182.2092983712524,101.40958904109588,5341.467754739719,10177.116019369221,39656.69154362003,40032.7607421875,376.0691985674688,1518.3606444265595,7.404772204766733,3.0025071280692845,113229.74636167756,43578.33274398801,133425.42811099114,133425.42811099114,0.0,121326.19892618235,29784.445499009093,113229.74636167758,0.9848070767042874,0.9696121137892328,0.9544188608386397,0.9392240598880868,0.924027627528075,0.9088293829214926,0.8936286472123256,0.878424784038532,0.8632185932460859,60632.19609375,23756.619043187704,72140.2,72140.2,0.0,69678.35,2.657699400321481,-2.1533913352667824,65120.19772324178,16105.427087402368,60632.19609374996,74.39999999999418,-70522.0,505.9385328601229,-22.53678385336964,0.0,3119.806913203948,275.4701314716159,157.26477495107636,8091.013718537098,15413.718482043014,60059.99279625981,60632.196093750004,572.2032974901945,2328.2971005625,7.404449979158894,3.002440232113359,171493.74806449254,66027.45696335289,203954.76869561058,203954.76869561058,0.0,183765.423021457,45116.47771281662,171493.7480644925,0.9848385937834401,0.9696776407747635,0.9545184053470281,0.9393581847440217,0.9241982260352186,0.9090374478944464,0.8938756701339472,0.8787116253788921,0.8635475038238536,
43329.8642578125,14110.16887376767,48926.0,48926.0,0.0,47966.7,5.521623904722631,-2.738412938113105,45569.441539772015,8293.606830596924,43329.86425781254,41.30000000000291,-47929.3,505.9285797984468,-22.5364530185899,2.0,2120.3437338754147,187.22116490056334,106.51859099804304,5394.879601333062,11053.440173493202,43104.47397735953,43329.8642578125,225.3902804529752,2526.3045839268434,7.687049601037527,3.072235183533555,122555.36337836734,39513.716389618115,138306.72764287808,138306.72764287808,0.0,128767.81770195081,23100.910044495184,122555.3633783673,0.9794069246726105,0.9588104313750659,0.9382092323151949,0.9176028110669929,0.8969915132485448,0.8763761081085256,0.8557569032011443,0.8351334018442139,0.8145030465362668,66227.50664062501,21569.301362340135,75038.8,75038.8,0.0,73285.45000000001,5.517646396957316,-2.737171539772466,69651.39910363234,12676.358692932135,66227.50664062503,62.40000000000873,-73100.5,505.9215326735745,-22.536217834175787,1.2999999999883585,3233.903313471296,285.544968041637,164.8131115459884,8245.053222313853,16895.38622404381,65883.56356492788,66227.506640625,343.9430756971177,3837.5965250364266,7.685680531985067,3.07190963923545,187319.6761866522,60404.9563855461,212130.79691909722,212130.79691909722,0.0,196818.2406247245,35321.532415320304,187319.67618665218,0.9794657581339574,0.9589296482805644,0.9383893645734843,0.9178441853563475,0.897295152043072,0.8767427404097742,0.8561874508266564,0.8356275088643135,0.8150606336362256,
28112.1341796875,25091.119123623852,51191.9,51191.9,0.0,49712.25,-1.9475710383466514,-0.22753625948351783,37680.98123739133,24927.556479644605,28112.134179687495,44.200000000004366,-51191.9,505.9707214107573,-22.537857249573708,0.0,2264.631381114544,199.97266324807381,107.20547945205482,4966.533419769238,7716.402232303962,28051.32117041419,28112.1341796875,60.813009273308175,1993.9539080187496,3.5627881897636398,2.209054610684787,79513.12284833263,70425.93749665908,144415.0695721581,144415.0695721581,0.0,106217.46267623497,69573.98249229115,79513.12284833263,0.993929418965303,0.9878608561211477,0.9817946304366916,0.9757291571368624,0.9696660848457588,0.9636048047238133,0.9575455072240041,0.9514885211675245,0.9454335658119563,42873.08359375,38266.60001485064,78280.5,78280.5,0.0,76020.35,-1.9474512049160448,-0.22740924249159397,57466.80758083959,38016.36709289545,42873.083593750016,57.30000000000291,-78280.5,505.9768376635126,-22.538061162443203,0.0,3462.9697630056194,305.79533243209244,163.77064579256364,7568.614584375206,11772.146650743372,42774.10715063625,42873.083593749994,98.97644311374431,3038.237880813146,3.559648771187912,2.208907992602648,121263.39255807339,107402.41424711306,220974.22787800676,220974.22787800676,0.0,161987.92844160297,106105.46848831432,121263.3925580734,0.9939313323837329,0.9878636807896346,0.9817982603846717,0.9757335149216821,0.9696708846404157,0.96360987733465,0.9575509545420785,0.9514941726264297,0.94543935743736,
45634.883203125006,12002.010252523158,50217.3,50217.3,0.0,48762.9,10.477612867415749,-3.5230238349183116,47186.76525324161,5882.6216629028395,45634.88320312498,48.400000000001455,-49285.7,505.9551080375786,-22.537336528410474,0.0,2180.321117002845,192.51998881744467,107.79784735812142,5528.961528530518,11599.346063349656,44774.86657647043,45634.883203125006,860.0166266545777,2432.550196127622,8.002388770435541,3.154251415885966,129074.94148634309,33452.8208980989,142010.87116078474,142010.87116078474,0.0,133339.53556894956,16351.858988785678,129074.94148634309,0.9693125085764,0.9386114129100437,0.9078942350883489,0.8771651536130599,0.8464230993238381,0.815667560543471,0.784896969824862,0.7541130777691977,0.7233206392233409,70368.906640625,18499.760311213187,77320.2,77320.2,0.0,75169.45,10.498594376239346,-3.527847036881701,72760.04503413489,9070.99187164306,70368.90664062502,66.80000000000291,-75509.6,505.9564715045458,-22.53738200363053,-1.0,3340.422671056936,294.95443951271545,165.73757338551857,8523.79390019721,17887.187255180306,69052.8856655069,70368.906640625,1316.0209751181098,3730.366497524722,8.001234485064236,3.1539507203558514,199033.3242810761,51572.70097168959,218644.27567865804,218644.27567865804,0.0,205606.43876078224,25251.09655501209,199033.32428107606,0.9695095734712664,0.9390034637299884,0.9084769239328441,0.8779345835204346,0.8473783755981864,0.8168085645700089,0.7862248230683746,0.7556288638999697,0.7250223059709116,
45918.673046875,16026.2151014537,54869.0,54869.0,0.0,50358.75,4.26202202874087,-2.4772292455791463,48635.00904558224,9865.339912414533,45918.673046875,68.90000000000146,-52675.9,505.8718244366833,-22.534559582221707,1.3000000000029104,2330.397985810591,205.78266780534756,124.06399217221133,5837.954429448877,11708.036704604807,45719.63160436466,45918.673046875,199.04144251034677,2549.156898816376,7.581899365700368,3.0458793006976252,129877.62037813306,44908.25249812946,155180.52282834984,155180.52282834984,0.0,137422.51423082827,27828.737487480612,129877.62037813307,0.9813584040137968,0.9627117802812265,0.9440592939576468,0.9254004992293874,0.9067351943679007,0.8880620906864068,0.8693793005864545,0.8506880752290624,0.8319872443358257,70634.96875,24643.614001876358,84403.4,84403.4,0.0,77847.4,4.271957145842588,-2.480690248520569,74810.47066679205,15175.48156738281,70634.96875,109.69999999999709,-80379.7,505.8625517866693,-22.534250159402607,0.8000000000029104,3556.0381356850185,314.00853397467046,190.81311154598814,8973.984636243156,18013.53360678017,70321.02544311366,70634.96875,313.9433068863444,3885.6554126424176,7.578011147868178,3.0449933194074155,199785.86156809953,69065.59357413967,238692.98031165742,238692.98031165742,0.0,211386.9596220544,42815.07860958832,199785.8615680995,0.9815229790854559,0.9630404725258094,0.9445542370738162,0.9260605071795858,0.907559882464473,0.8890514306486698,0.8705343000742786,0.8520083082962538,0.8334726691450796,
48207.509374999994,12477.919344041156,53614.5,53614.5,0.0,51190.75,10.930714281650564,-3.5839412636264334,49796.2090052758,6025.938671874997,48207.50937499995,54.900000000001455,-51082.8,505.87700734389205,-22.53473307782709,2.599999999998545,2259.9089163797466,199.546957923721,119.56203522504892,5811.38182491535,12260.887523865718,47250.684411698836,48207.509375,956.8249633011635,2437.230197353044,8.00523224118932,3.155054249239013,136351.42713270627,35292.518587752784,151607.93652708293,151607.93652708293,0.0,140844.85631144853,17043.92839158829,136351.4271327063,0.9690258475157942,0.9380417599789851,0.9070457463810419,0.8760430103831507,0.8450310727322934,0.814006627191172,0.7829746779534187,0.7519356246614899,0.720889567174366,74129.466015625,19186.46848180606,82347.2,82347.2,0.0,78659.9,10.933610534008674,-3.5846458377392554,76572.17709171552,9266.183251953116,74129.46601562494,96.89999999999418,-78005.7,505.84700597076136,-22.533732955593553,6.399999999994179,3451.0319412106805,304.71752405972626,185.79021526418802,8931.91442827859,18856.362619099742,72672.75110788188,74129.46601562499,1456.7149077431118,3696.3629430280625,8.002158005484382,3.1542695743355775,209669.79242154467,54266.83623041653,232855.99060965778,232855.99060965778,0.0,216578.6493829724,26208.724052693087,209669.79242154464,0.9692580570151953,0.9385079615868734,0.9077458614887857,0.8769751357120165,0.8461948352588156,0.8154008170709851,0.7845990528038155,0.7537884687064992,0.7229693950756424,
48584.803125,12598.666673155509,54569.0,54569.0,0.0,51557.55,10.830783688704411,-3.561126953798531,50191.7273725092,6073.1003906250035,48584.80312499999,50.69999999999709,-51484.4,505.89195786800525,-22.535232065469632,0.4000000000014552,2277.659260544223,201.1169312311152,118.44911937377688,5860.114025128567,12356.269478375823,47632.23557870703,48584.803125000006,952.567546292978,2516.543933282843,8.00397858730848,3.154719172299147,137418.5750092035,35634.0835745691,154305.65496332682,154305.65496332682,0.0,141963.56106325123,17177.32187615044,137418.57500920346,0.9691423110568099,0.938282243734282,0.9074202739500706,0.8765551730911026,0.8456848351758991,0.8148104862859187,0.7839306022828054,0.7530487363370442,0.7221597657902756,74301.776953125,19252.89490872331,83193.1,83193.1,0.0,78634.65,10.87181300814662,-3.57042344095643,76755.63836460671,9287.722119140626,74301.77695312501,75.80000000000291,-78431.4,505.8757478825705,-22.534691711933885,3.5,3469.81606949211,306.37876463401966,182.46868884540115,8958.897984714193,18897.707600162877,72844.22747033254,74301.776953125,1457.5494827924588,3825.5240920152746,8.003737459942498,3.154660484355674,210157.16135106012,54454.839999870484,235189.16014486089,235189.16014486089,0.0,217097.58650557825,26269.645168882515,210157.16135106012,0.9692201622462071,0.9384372146247997,0.9076523161440662,0.8768650813118789,0.8460747702653008,0.815281640817114,0.7844837015166528,0.7536847028330901,0.7228805913400768,
48139.034375,12483.684478363823,54038.1,54038.1,0.0,51194.55,10.827937596883103,-3.5607016303181624,49731.36845807457,6017.379296874991,48139.03437499999,68.0,-52014.1,505.86800524104933,-22.53443237077029,1.4000000000014552,2301.119977651315,203.18543893443945,122.04540117416839,5808.182316005579,12240.967891069147,47171.87720259425,48139.034375,967.1571724057501,2520.003717267084,8.00889625257204,3.156006005189239,136157.75058533926,35308.78721090103,152816.59414816514,152816.59414816514,0.0,140661.4499383685,17019.718823167426,136157.7505853393,0.9684637495125233,0.93692503546016,0.9053799856567409,0.8738298612862138,0.8422666766219085,0.8106954779823555,0.7791189781445772,0.7475379888417655,0.7159504320690152,73591.2935546875,19085.896471214022,82656.2,82656.2,0.0,77979.25,10.822910888373029,-3.5594862318116354,76025.98194802938,9198.91169433594,73591.29355468747,114.5,-79144.4,505.84574371182055,-22.533690303817544,6.899999999994179,3501.4113134322997,309.1670160576888,189.57886497064575,8876.428155972588,18714.849789301643,72121.13782145742,73591.2935546875,1470.155733230077,3809.380434420318,8.00655316049384,3.1554093181609457,208147.61083523766,53982.34847662664,233743.86923945465,233743.86923945465,0.0,215033.76907702076,26018.451354404686,208147.61083523763,0.9686389972232062,0.9372732707576404,0.9059024413723453,0.874528074448783,0.8431420006804168,0.8117524125876531,0.7803573428180153,0.7489573498437423,0.7175502765275931,
