89862.37675781248,64250.20553268124,139792.5,139792.5,0.0,131897.25,-1.53006257072022,-0.680068071690085,110468.7089974117,60727.30929336523,89862.3767578125,281.5,-136430.0,505.89864670226854,-22.535452456350708,0.0,6035.6289357204905,532.9807974080975,305.0712328767123,13978.035913005193,24058.584567452497,89280.59299207214,89862.37675781251,581.7837657403729,4282.938689659154,4.731074938067335,2.4167918052207753,254169.1839159585,180219.45768280208,395210.1824438232,395210.1824438232,0.0,311578.2838709843,170218.43357946575,254169.18391595854,0.9933144835337465,0.9866260277329879,0.9799335455282361,0.9732376860564892,0.9665399290572607,0.9598389232535302,0.9531346344878663,0.946427746274573,0.9397194187780912,151243.3796875,108223.08224112865,236907.8,236907.8,0.0,220303.90000000002,-1.5301608071557604,-0.6751309459578091,185975.25488372738,102207.44017944408,151243.37968750004,625.3999999999942,-232793.8,505.85665199970117,-22.53405067677698,0.0,10298.99248286423,909.492729424291,530.9759295499023,23551.14845645059,40487.08324015145,150228.90892603545,151243.3796875,1014.4707614645529,7299.107367039276,4.729712112739272,2.4176579588397837,427780.87754641206,303494.7463842376,669896.7363955071,669896.7363955071,0.0,524505.0431380151,286382.0992838687,427780.8775464121,0.9932470740647743,0.98649091501161,0.9797314541323985,0.9729681501293468,0.9662013597196184,0.9594314762637118,0.9526591144813503,0.9458838422101609,0.9391063153559273,
75303.25234375,68038.55234826167,140877.8,140877.8,0.0,132892.95,-1.9556919630472065,-0.2013767349917304,101488.05062268971,67655.26577758856,75303.25234374999,144.69999999998254,-133819.7,505.9331007497505,-22.536602589402083,0.0,5920.035671515474,522.7433986542611,292.6191780821917,13192.836103164385,20852.661915568457,74670.11906353469,75303.25234375,633.1332802153203,5750.151496862366,3.4341902379123734,2.1934043341051312,212989.76151066966,191347.87858355395,398385.23331270705,398385.23331270705,0.0,286319.1386316996,190064.46411110135,212989.76151066963,0.9943422190789305,0.9886798536056247,0.9830133506135732,0.9773428993699808,0.9716687546681385,0.9659908266055283,0.9603090902818158,0.9546245015089155,0.9489367811451878,129185.4029296875,116788.226935287,245450.1,245450.1,0.0,223392.9,-1.9526556606111853,-0.1980273699025585,174150.3898381908,116065.01044464043,129185.40292968752,295.5,-231886.3,505.88049037337356,-22.534848026607627,0.0,10258.67817224341,905.8839112901564,527.7050880626224,22569.017998996536,35825.014552773326,128072.65915809879,129185.4029296875,1112.7437715887038,9352.23068446586,3.4201635289357126,2.1921939838913205,365391.4977675941,328412.67987028684,693839.5841385179,693839.5841385179,0.0,491289.9703234631,326011.56466881896,365391.4977675941,0.9943479449739417,0.9886913302166132,0.98302977701866,0.9773638031079018,0.9716936247169704,0.9660193184316823,0.9603410317309647,0.9546587521054624,0.9489727608190404,
161479.162109375,10628.983643013433,166850.1,166850.1,0.0,162364.85,205.1163611320522,-13.69653737188797,161828.5978708005,3299.083242797852,161479.16210937503,113.39999999999418,-154365.5,249.9830737662671,-15.873642088625981,-51.79999999998836,9667.022628552246,1205.6509557862355,670.7498039215689,24038.697018348168,56111.34313713053,160799.11533702404,161479.162109375,680.0467723509618,1033.4565303518232,2.166164574632293,2.041011247134347,456732.04219144356,15819.647731469006,89298.0051669759,471847.93566840084,382549.93050142494,457005.92952248914,9324.585497051368,456732.04219144356,0.13707301266447572,0.13560357699248504,0.1340898381582082,0.1325602705162815,0.1309676528846237,0.12924209987437602,0.12749865435587776,0.12567502528761532,0.1238850958689054,270351.503125,17442.38319545749,276067.0,276067.0,0.0,273430.65,222.45688241380614,-14.545352876969176,270913.5876501658,5023.117846679688,270351.5031250001,109.79999999998836,-262249.9,249.9912962843735,-15.874032275056745,-65.30000000004657,16422.993828477076,2048.437539407922,1109.6211764705884,40009.26418365406,94038.68554303993,269255.86678849236,270351.50312500005,1095.6363365077045,1622.7002558113004,2.1662968220930168,2.041072226338179,764669.5246546546,23458.988383646512,131303.4006606501,780795.6162908648,649492.2156302147,765029.2844535819,14195.378002218418,764669.5246546546,0.08916673375245071,0.08838727652955304,0.08762129030327592,0.08685570947291364,0.08601734991257129,0.08512942188969855,0.08422113321849274,0.08324762552781856,0.08228215155088876,
142523.25937500002,50213.413260534995,169122.2,169122.2,0.0,156790.85,4.119897656076122,-2.452120101877811,151110.11327554088,31176.962988281288,142523.25937500008,412.70000000001164,-169122.2,249.96102808291027,-15.872594958945303,40.70000000001164,10591.46746980795,1321.725914648214,733.8337254901965,31552.198401776135,45411.8093836919,135005.24987113918,142523.259375,7518.009503860804,14857.283627201406,2.122646685266975,2.0207701311209765,403116.6527234869,135591.47549519385,476667.29264625587,476667.29264625587,0.0,425309.397885765,85839.656385627,403116.6527234867,0.962012397482418,0.9240345698221313,0.8860725240110672,0.848125384712012,0.8101953751341526,0.772285392557153,0.7343932631670315,0.6965211419670586,0.6586636838084389,235551.9890625,82903.0452362952,278171.2,278171.2,0.0,260069.9,4.148066522394002,-2.4618295957595495,249715.14663862766,51526.997607421814,235551.98906250016,498.20000000001164,-278171.2,249.97785913319692,-15.873394427035837,71.60000000003492,17420.439897655946,2173.889156478275,1196.867450980392,52126.90154118296,75060.4686070348,223185.17150025617,235551.9890625,12366.817562243854,24605.571142048404,2.12294451693237,2.0208851872795015,666241.635152293,223944.0792368622,784863.5308923529,784863.5308923529,0.0,702871.8709947405,141985.52469724225,666241.6351522931,0.9621329585164218,0.9242764396527727,0.8864332743712969,0.8486005032350503,0.8107794407564698,0.7729709091171647,0.735174925879794,0.6973911329394202,0.659618105847717,
88102.76679687502,80211.75395418693,164276.3,164276.3,0.0,157447.75,-1.9634416860141215,-0.18717814078619274,119147.06454492093,79843.13240966767,88102.76679687496,154.10000000000582,-156148.3,505.9362235846846,-22.536706588153898,0.0,6907.817187371761,609.941936496876,340.1367906066535,15543.12695209741,24404.577976786175,87881.96133646602,88102.766796875,220.805460408988,6358.421988301815,3.3926367222198612,2.181526526477601,249192.25537346932,226872.82120221053,464530.90076269966,464530.90076269966,0.0,336998.60109259584,225830.48143220632,249192.25537346935,0.9943906979157745,0.9887769598852798,0.9831585464662957,0.9775354743224525,0.9719075932175001,0.9662760602344703,0.9606395885506765,0.9549979995594102,0.9493508845409474,143419.14296875,130568.22053292059,266875.4,266875.4,0.0,256622.25,-1.9636783357691803,-0.18742778484593067,193951.31034108574,129973.59831543034,143419.14296875003,173.0,-255041.7,505.9646383362971,-22.537654356963703,0.0,11282.590747586066,996.2167194518968,543.6659491193737,25364.14090399054,39682.56915807675,143078.9430972632,143419.14296874998,340.19987148676984,10358.692652125392,3.404503575301982,2.183591977612109,405650.5941806644,369302.4315473151,754600.4920284187,754600.4920284187,0.0,548576.9686250831,367620.8509762275,405650.5941806644,0.9943202884838811,0.9886372686278516,0.9829510307307051,0.9772611219910776,0.9715677087499905,0.9658716828752908,0.960171934190178,0.9544688072149198,0.94876132165167,
153539.27890624997,32615.097534276,164552.2,164552.2,0.0,160761.5,18.10692066949055,-4.470601851606252,156965.1386589441,13194.781781005884,153539.27890625005,163.20000000001164,-156761.7,249.9652045894831,-15.872794398605443,-12.10000000000582,9817.173479074072,1224.7114063821637,683.5478431372549,27723.323692027516,51368.03685752835,147519.41775440238,153539.27890625002,6019.861151847652,6572.0625906510595,2.1652512652283757,2.040594203403954,434274.66117240814,84062.62268079314,465319.4308897398,465319.4308897398,0.0,442335.85189127875,36945.00708255899,434274.66117240826,0.9115823443580517,0.8231024799835778,0.7345655726736977,0.6459746503067136,0.557326820937167,0.46863493118984434,0.3798933143181747,0.2911164905647786,0.20229096115266004,254125.32343750002,53954.76832032041,270214.4,270214.4,0.0,266488.25,18.148801200371913,-4.4780815441874315,259789.90942050354,21838.894982910148,254125.32343749993,193.79999999998836,-259818.5,249.97452354842298,-15.873236866842674,-12.700000000011642,16270.936892413478,2029.780115340251,1118.4898039215684,45829.70823062219,85041.9014703744,244119.3532233228,254125.32343750002,10005.97021417722,10860.28973756915,2.1654407689836805,2.0406814660044867,718774.9578955239,139024.61249494576,764170.8287583878,764170.8287583878,0.0,732096.49840515,61122.38253372481,718774.9578955238,0.9113515675424507,0.8226637189481875,0.7339421632893951,0.6451864847426143,0.5564021905307259,0.46759048558599775,0.37875256651810224,0.2898927963237315,0.2010086178426626,
131767.3640625,53575.61830120674,165918.2,165918.2,0.0,151666.05,2.1189843695963937,-1.979843548558349,142242.69790866596,36544.85487670887,131767.36406250016,269.0,-156214.6,505.8088977590487,-22.532461871398798,47.20000000001164,6911.267452755863,610.3457171196476,389.42035225048926,17668.01898285758,33580.642784906784,131050.39263650327,131767.3640625,716.9714259967473,4421.887782661345,7.272545391796735,2.971511897341642,372694.38667068136,150428.45552979218,469131.65567915083,469131.65567915083,0.0,401907.73330319737,103094.35245456135,372694.3866706814,0.9857725545939012,0.9715391285276757,0.9572975497982292,0.9430500874987007,0.9287965695474956,0.9145371734353713,0.9002715480374142,0.8859992613323664,0.8717182583973164,220798.323046875,89511.0463318622,276993.5,276993.5,0.0,255669.4,2.1739724698066514,-2.004211361034505,238252.23372664725,61237.034907531626,220798.32304687498,533.3999999999942,-260988.0,505.8057984818209,-22.53235765964405,45.39999999999418,11546.676080720892,1019.6993998950728,644.9332681017612,29571.147799681858,56272.445639990256,219534.34023001965,220798.323046875,1263.9828168553759,7436.336363589467,7.27811699737434,2.972830302572753,624511.9660042532,251327.23919787066,783123.0936164794,783123.0936164794,0.0,673186.881070421,172760.45317919124,624511.9660042531,0.9857376132159753,0.9714714316292747,0.957201588040039,0.9429287903893284,0.9286528959165591,0.914374091855553,0.9000921920085673,0.8858059863086548,0.8715153003917221,
109545.37363281251,73559.90361601362,162780.6,162780.6,0.0,156342.84999999998,-1.3302286712630216,-0.8153867326500261,131951.68928191,68037.94690475421,109545.37363281248,169.79999999998836,-157685.9,505.9227674822882,-22.536257905910848,0.0,6975.896041438612,616.0080299937638,351.29138943248546,17075.311280439615,28852.956826056365,107967.36571239578,109545.3736328125,1578.0079204167128,4320.9033383904625,5.19298755766212,2.517338507279467,309841.10617350304,207239.86930177384,460314.63515851856,460314.63515851856,0.0,372759.80805746245,191908.4918398845,309841.1061735031,0.9930335883738489,0.9860650430926469,0.9790930753835051,0.9721181840273344,0.9651403666361223,0.9581582956564805,0.9511720591071476,0.9441804819292627,0.9371830884853836,180817.6025390625,121422.23661137768,267756.8,267756.8,0.0,259622.4,-1.3302659495325666,-0.8152340426872317,217803.50073330718,112304.68282699585,180817.60253906247,328.19999999998254,-260288.2,505.93693050083476,-22.53672984239114,0.0,11514.85747109057,1016.8270970163197,565.1808219178085,28186.40933975638,47624.358545724244,178154.28874797132,180817.6025390625,2663.3137910911814,7141.7143973601715,5.1946612374537935,2.5192074278700614,511429.41165306,342082.2139378396,757193.028330961,757193.028330961,0.0,615288.7811397256,316767.5767943683,511429.4116530601,0.9930311404966191,0.9860614334915752,0.9790897676101326,0.9721164190371695,0.9651411093741652,0.9581632751854833,0.9511830148552589,0.9441997990760463,0.9372126992348625,
140755.65078125,45375.91001154446,161487.6,161487.6,0.0,153166.4,5.6928139129386075,-2.763877721935419,147888.89896212288,26391.68452148435,140755.65078124998,296.0,-161487.6,249.97905742290652,-15.873451195303792,16.10000000000582,10113.071236037867,1261.9127166474448,682.4800000000001,30151.04217685116,45197.86223968744,132647.67973649641,140755.65078125,8107.971044753586,12895.745773832456,2.1487085911404726,2.032917476250153,398117.1006309899,128341.41286096015,456125.2749673617,456125.2749673617,0.0,418292.65361702576,74646.95636831057,398117.1006309899,0.9563596609587972,0.9127317058395611,0.869114376561146,0.8255158974726885,0.7819337319223707,0.7383734525416508,0.6948387369892982,0.6513346993284201,0.6078618026729611,236786.158984375,76298.34326206525,270673.2,270673.2,0.0,258074.05,5.708363595484601,-2.7685679299140817,248775.24449010126,44397.4048095703,236786.158984375,411.70000000001164,-270673.2,249.9839517468989,-15.873683687345196,25.39999999999418,16950.648861344165,2115.0621237985415,1139.667843137255,50713.63472328164,76036.79258460166,223215.40162424365,236786.158984375,13570.757360131372,21819.613817564335,2.1488512194659473,2.0329738101714945,669732.3948358702,215802.91694025992,765145.186547524,765145.186547524,0.0,703642.2241825135,125574.8240317256,669732.3948358702,0.956487101364833,0.9129760522965539,0.8694666941549373,0.8259609865668862,0.78246247239353,0.7389744439002393,0.6955021556595543,0.6520484705808612,0.6086124149549916,
144635.900390625,34904.97739006763,158182.1,158182.1,0.0,151623.84999999998,13.128628782243972,-3.87287669386284,148788.10815521493,15819.55160522461,144635.9003906249,319.80000000001746,-150913.7,249.94923612285373,-15.872035407206072,0.0,9451.096201595026,1179.0692933487094,658.6607843137258,27415.13420680469,47862.83206593013,137860.24700900877,144635.900390625,6775.6533816162355,7825.666255813821,2.163672903635499,2.039876366613295,409092.10387693194,93158.81040419907,447293.86482373235,447293.86482373235,0.0,419565.1479929904,44466.00569633233,409092.10387693194,0.9299262759678719,0.8598218475795447,0.7896865361226516,0.7195303729329425,0.6493503810511703,0.5791422400154137,0.5089075345651785,0.4386525232205654,0.36837415748401814,247000.244921875,59441.34653617173,265229.8,265229.8,0.0,260565.95,13.308621723158605,-3.909951930480224,254051.95269767064,27015.651788330077,247000.24492187516,320.20000000001164,-257871.3,249.984165011688,-15.873693823512072,3.7999999999883585,16148.841720315544,2014.6093717800788,1081.1611764705883,46751.07934138513,81758.18488716353,235235.17578187023,247000.244921875,11765.069140004782,13769.460787686683,2.16511200147116,2.0405286035997072,698622.1925559838,158582.3562720263,749537.3953430885,749537.3953430885,0.0,716394.6758962674,75930.75513343728,698622.1925559838,0.9294578832403466,0.8589026552629326,0.7883297707794288,0.7177445811072287,0.6471496900640996,0.5765407338917325,0.5059170137687283,0.4352825332251689,0.3646350360459261,
136903.53847656248,35783.17118022091,156083.6,156083.6,0.0,146245.55,10.404500468771259,-3.4683625600354726,141502.70028206747,17668.871098327632,136903.53847656253,217.70000000001164,-146798.7,505.8259860711808,-22.533031225988626,22.89999999999418,6494.631904694487,573.5556312973678,355.98923679060675,16502.79441114831,34838.83000480656,134375.80302749827,136903.5384765625,2527.7354490642274,6752.369622384243,7.981496878189692,3.149033489108219,387221.68170084315,101208.4050977202,441261.6429394471,441261.6429394471,0.0,400229.6491286639,49972.43143716839,387221.68170084304,0.9692345193261392,0.9384654986836339,0.9076911699216901,0.8769120262146631,0.8461272570956488,0.8153346049822756,0.7845369353050163,0.7537368835963228,0.7229326944007177,232799.326171875,60564.94388507306,259884.7,259884.7,0.0,249149.35,10.65224629854714,-3.5241443830935735,240548.62022859562,29579.565797424315,232799.32617187497,421.5,-248534.0,505.8758894771405,-22.534695045268787,36.39999999999418,10995.281304498258,971.0197601878066,581.4970645792564,28042.02120900346,59240.30139806436,228499.41606517744,232799.326171875,4299.910106697549,11674.226609976236,7.987125567279888,3.1504481877292423,658455.928767167,171301.42702433828,734992.032077386,734992.032077386,0.0,680373.7127705677,83652.13168503079,658455.9287671669,0.9691039617505088,0.9382021192366875,0.9072946686761925,0.8763820454978277,0.8454641277477799,0.8145391734506634,0.7836105736385203,0.752676995704167,0.7217392238092957,
126091.7345703125,45661.34692934996,148684.6,148684.6,0.0,142798.8,3.7206200583253946,-2.3784197401785474,134104.75058830914,29060.204451751786,126091.73457031243,282.0,-142109.1,505.8657400664007,-22.534354795497823,0.0,6286.964853540041,555.1518966302993,329.2921722113504,16213.729450340608,32154.674568921444,125604.44549157625,126091.7345703125,487.28907873626133,6008.823734370826,7.506511286398453,3.027660830478572,356641.28226496885,126838.59884394248,420293.34593751456,420293.34593751456,0.0,378524.8134168958,81311.38336691726,356641.28226496885,0.9830386607229311,0.9660770466382258,0.9491173137564272,0.9321569624269502,0.9151949874512106,0.8982300787530667,0.8812615844867047,0.864289826499555,0.8473146568491758,213402.5470703125,77452.87730961927,251889.7,251889.7,0.0,242129.4,3.6631902328239567,-2.3582964962543222,227023.3364648575,49182.61827011117,213402.54707031246,530.3999999999942,-245272.5,505.84718031843613,-22.53373611072507,22.5,10851.089785635799,958.2202771894996,573.4500978473579,27458.988962934804,54419.06387077013,212612.6814089706,213402.5470703125,789.865661341915,10502.18939570474,7.503041585448415,3.0268180502655584,603593.5526235976,215010.88622573286,712335.5176353706,712335.5176353706,0.0,640745.5485326065,137354.01961275103,603593.5526235978,0.9827545063205733,0.9655113113197816,0.9482704753744137,0.9310302149698522,0.9137897762626863,0.8965492148747486,0.8793073564461904,0.8620631631235564,0.8448159412616755,
119948.234375,49455.0292106697,146466.2,146466.2,0.0,140963.5,2.031540634302427,-1.9958704863376509,129743.51176035014,34672.53649902343,119948.23437499996,198.40000000002328,-143149.7,505.92411765950044,-22.53630299462714,7.199999999982538,6332.835801267244,559.2447976225608,320.3011741682974,16181.810612279058,30553.15839673145,119611.14853752812,119948.234375,337.08583747187447,4332.35678774283,7.255010520377203,2.966172586392761,339264.8396716635,138146.14851374514,414212.54581736185,414212.54581736185,0.0,366312.6940014791,96514.61488936062,339264.83967166353,0.9859913249715584,0.971970856530835,0.9579378545911608,0.9438934109904431,0.9298342985644882,0.9157586879499227,0.901669236910798,0.8875652037756452,0.8734461518640806,203932.6796875,84266.31584514171,253569.3,253569.3,0.0,238673.85,1.9922968527036353,-1.9773981567009737,220656.63332571185,58949.29022216798,203932.6796875002,365.5,-247719.0,505.88845762632616,-22.535113869833477,19.5,10959.140163531692,967.8191466791244,570.4354207436402,27550.403561010582,51935.558523279986,203342.44460587378,203932.6796875,590.2350816262235,7369.181744205924,7.25406076692135,2.965855039450139,576808.7228503015,235292.8835157466,717147.2732153279,717147.2732153279,0.0,622953.4844507659,163803.13290211602,576808.7228503014,0.9857762258919397,0.9715401367787102,0.9572904973061073,0.9430265871110517,0.9287474270825664,0.9144512440951335,0.9001391169488548,0.8858107937811592,0.8714655740767362,
83070.8708984375,80860.92887768181,165762.3,165762.3,0.0,156214.05,-1.9942162524913554,-0.05239925168944148,115927.81983107589,80799.40177230864,83070.87089843753,241.59999999997672,-165759.6,505.9453157028025,-22.53700997083976,0.0,7332.994340337428,647.5589324489391,358.15068493150693,14702.145477737262,23618.962317623107,81074.71292656846,83070.8708984375,1996.157971869027,4168.076903472862,2.899217173567042,2.0750688172448166,234959.9045254296,227886.35804921904,468449.8986760698,468449.8986760698,0.0,327319.9488566743,227617.4075090097,234959.90452542956,0.9940371170871468,0.988072190046699,0.982105674301272,0.9761383355467173,0.9701698915036149,0.9642017438940321,0.9582337849092564,0.9522661733084085,0.9462997540228827,139013.101953125,135367.49741066445,280250.1,280250.1,0.0,259526.3,-1.9914114045349753,-0.05008409837373602,194033.50708023645,135211.96244659476,139013.10195312495,518.0999999999767,-279444.5,505.9258817745739,-22.53636137148508,0.0,12362.411573397736,1091.7181214839177,609.9810176125246,24638.577137055516,39510.03410577826,135587.29642420204,139013.10195312498,3425.8055289229387,6951.338206054265,2.899612403268643,2.0749074293956427,393188.4282593264,381476.8880444021,792506.5773795202,792506.5773795202,0.0,547833.6939519882,380901.2898762229,393188.42825932644,0.9940167338935144,0.9880293935221279,0.9820383271684393,0.9760439882084946,0.9700463224780215,0.9640463456565403,0.9580439473688779,0.9520400779951161,0.9460348493117202,
99576.6611328125,73052.07313173427,157890.0,157890.0,0.0,149790.45,-1.6016285544799356,-0.6268689245153812,123499.46085389695,69625.86852645877,99576.66113281247,96.10000000000582,-147176.6,505.9615977967565,-22.53755306311079,0.0,6510.848953808948,574.8602778022432,318.1892367906067,15963.425261096505,26568.788474077966,97556.46466911916,99576.6611328125,2020.1964636933424,4815.074646684723,4.673504185851042,2.414280552318315,281645.32933970663,205076.84411746787,446367.590295717,446367.590295717,0.0,348397.1921988638,194291.520879466,281645.32933970663,0.9936954150293937,0.9873843709124451,0.9810659401376756,0.974741152497456,0.9684108403651943,0.9620761785386885,0.9557360649611408,0.9493910268067483,0.9430407016134699,167891.3556640625,123206.99552015006,266860.1,266860.1,0.0,250109.05,-1.6014623519101008,-0.624994347195748,208248.57995150637,117392.78384323033,167891.35566406246,148.40000000002328,-246303.8,505.89941683671526,-22.53548213050601,0.0,10896.412539469728,962.0583108980086,542.8847358121329,26819.69015182132,44858.47931787435,164525.5172245592,167891.3556640625,3365.8384395032667,8050.0665117295985,4.65612001364815,2.412159396767303,474868.46437064436,345916.0687109019,754658.474784476,754658.474784476,0.0,587501.4766331564,327690.0810734273,474868.4643706444,0.9937551213936267,0.9875042133023557,0.9812470528412713,0.9749839395719353,0.9687153374035665,0.9624413479643943,0.9561622127169334,0.9498784638209201,0.9435899264140428,
118901.4828125,69414.25805341515,164584.3,164584.3,0.0,158945.05,-0.7249903761767333,-1.1257570552031246,137680.43374465866,60379.659240722984,118901.48281250005,243.20000000001164,-154847.8,505.92178235989064,-22.536224735636345,0.0,6850.337339533081,604.8404119163173,340.5577299412916,17388.43628456567,31023.57260750194,118337.42875441498,118901.48281249999,564.0540580850061,4976.598075719223,5.862318224409094,2.6498997106761046,336304.179159418,194896.71700929097,465340.00769707235,465340.00769707235,0.0,388696.83716373297,168397.90489417897,336304.17915941804,0.9919493091529888,0.9838988003398155,0.9758478604542687,0.9677963856834346,0.9597447579475472,0.9516920079829486,0.9436391249823639,0.9355856798300443,0.9275321302981714,198070.68027343747,115576.18771219035,269396.4,269396.4,0.0,264544.25,-0.72249417276291,-1.1291210812352066,229324.76872345427,100582.76732635462,198070.6802734376,446.1000000000349,-263639.1,505.9374961915501,-22.536748764550214,0.0,11663.078368471155,1029.8668923602438,571.0960861056755,29027.838558190288,51640.4674997042,197098.59615080975,198070.68027343752,972.0841226277828,8291.636268212924,5.876110984449708,2.652509026249558,560228.4847023208,324393.16152268386,761423.0118066971,761423.0118066971,0.0,647369.1978419584,280130.8487780852,560228.4847023209,0.9917729506679307,0.9835420923650438,0.9753073952663864,0.9670692077389673,0.9588268204398928,0.950580109078157,0.9423288688638892,0.9340735840535012,0.9258138928216756,
107326.851171875,71265.1920577216,161846.9,161846.9,0.0,147574.9,-1.285500469257931,-0.8291254927068021,128832.37396514032,65402.29993286088,107326.8511718749,245.60000000000582,-156580.6,505.86744809294765,-22.53441217427715,0.0,6927.256560086133,611.7721094818038,360.97358121330717,16660.531620118418,28237.11256599573,106518.19083050977,107326.851171875,808.6603413652151,4463.168123133278,5.253038978661154,2.53254569727526,303566.1770681287,199656.25935358653,457633.07411222486,457633.07411222486,0.0,363338.74794580485,182805.67540016552,303566.1770681288,0.9928720108547282,0.9857372777162063,0.9785958004216474,0.9714481454518233,0.9642940789463568,0.9571340954666687,0.9499675585707713,0.9427935151634849,0.9356128943466375,178923.201171875,118653.11683010601,268273.9,268273.9,0.0,251871.8,-1.2830505295139214,-0.8372495327205003,214690.64733026925,109031.32571411133,178923.20117187503,383.69999999998254,-258426.2,505.8876005451584,-22.535085277466685,0.0,11432.830873375904,1009.6485322896282,590.1142857142856,27750.341398575816,47072.92827094025,177552.54628773232,178923.201171875,1370.6548841426768,7330.677257081323,5.258521695273993,2.5337628292221672,506071.23544095067,332474.51497218903,758722.6770753628,758722.6770753628,0.0,605514.1604014909,304869.49847143545,506071.23544095067,0.9929237004555812,0.9858415117070117,0.9787536069196435,0.9716599076414777,0.9645606934946576,0.9574564728494913,0.9503469762024123,0.9432313767454649,0.9361095898883931,
119385.4203125,75434.3896497043,171730.5,171730.5,0.0,165688.2,-1.0954536828312762,-0.9489360778323407,141220.486208679,68086.99752197308,119385.42031249998,177.19999999998254,-168781.4,505.90998267707977,-22.53583277281436,0.0,7466.806799970265,659.368229288339,379.8863013698631,18265.56909170141,31198.614641195032,119045.5309559117,119385.4203125,339.8893565883113,6133.903582046753,5.546383149883008,2.5878385872056584,337672.96111109987,211787.93056614365,485629.9064531344,485629.9064531344,0.0,398593.9741127906,189941.04062499368,337672.9611110999,0.9923835992038277,0.9847629723024602,0.977138162176224,0.9695083335041262,0.9618755597090037,0.9542386972548874,0.9465990333949877,0.9389558532243543,0.9313089199471075,196782.9541015625,124338.160165875,281863.7,281863.7,0.0,274245.5,-1.0955030518836828,-0.9489761792644582,232773.51459814416,112227.77851104736,196782.95410156256,258.19999999995343,-276951.3,505.89463147030324,-22.53532126846556,0.0,12252.282494845722,1081.948876574457,626.3197651663403,30074.613998889283,51445.52778536749,195993.15907343512,196782.9541015625,789.7950281273746,10131.20357261788,5.539230371926122,2.5869250678290525,556586.245068544,349112.9988643392,796885.371477357,796885.371477357,0.0,657014.5616160675,313079.76285105594,556586.2450685439,0.9924369864687324,0.9848704123563147,0.9772998880583158,0.9697254712738858,0.9621474339944014,0.9545660565215718,0.9469817135707878,0.9393945531652831,0.9318042899817164,
102605.711328125,75887.95009238583,160741.7,160741.7,0.0,158052.85,-1.6242854329392773,-0.6117389834446672,127620.19027714607,72545.44433746388,102605.71132812508,174.29999999998836,-153409.3,505.9493682103866,-22.537145197409192,0.0,6786.6039804410675,599.2374247954074,330.4244618395301,16552.63426987709,27381.909773686504,101105.55115835459,102605.711328125,1500.1601697704214,4891.951101488269,4.637006469411078,2.4085163171101116,290212.77707434626,213030.04826870625,454569.28649536066,454569.28649536066,0.0,360007.30192951846,203503.8763596818,290212.7770743462,0.9937508721638715,0.987495252629634,0.9812342031477661,0.9749660177343784,0.9686912211713515,0.9624092753159031,0.956119592047707,0.9498230169486366,0.9435193743120118,170354.84999999998,126004.46771336,268006.2,268006.2,0.0,260575.8,-1.6242010329930991,-0.6112998696615894,211891.24758292804,120446.20253906306,170354.84999999998,243.29999999998836,-254755.6,505.92068934853586,-22.53618924363164,0.0,11270.174431981939,995.1150164100112,565.8045009784738,27481.700411415673,45463.4401185637,167841.05956843693,170354.85,2513.7904315630612,8037.836989135629,4.635223479631512,2.407427538603805,481836.2785720686,353713.09969165,758007.6860535659,758007.6860535659,0.0,597728.3297967858,337870.7786525542,481836.27857206855,0.993756815450847,0.9875068124632513,0.9812495473807673,0.9749847005711365,0.9687122036636494,0.9624317675615234,0.9561430177384276,0.9498461211258508,0.9435409925576032,
98386.58457031251,73463.96314827289,158765.9,158765.9,0.0,149638.85,-1.6448061510583143,-0.5877831072934596,122787.92247147943,70331.03506393381,98386.58457031251,145.70000000001164,-143974.2,505.82541592359473,-22.533014226400525,0.0,6369.603907375193,562.3550882541048,336.1547945205478,15878.053879710673,26331.03872175647,97462.67893372242,98386.5845703125,923.9056365900701,4550.061814160729,4.564655038062315,2.3998149113805516,278279.2845098069,207103.6812041523,448777.26878464455,448777.26878464455,0.0,346888.0150071507,198422.53053617536,278279.2845098069,0.9940251145085991,0.9880472311322483,0.9820658186791591,0.9760812593691149,0.9700936069402087,0.9641023873402128,0.9581071981789666,0.9521083451765633,0.9461052963065243,162601.15527343747,121321.88759277237,257816.5,257816.5,0.0,248520.75,-1.6454693394418762,-0.5923302784861484,202874.68078922463,116234.4195899963,162601.15527343753,167.10000000000582,-245123.5,505.9466114380436,-22.537053679904805,0.0,10843.920999874834,957.4872599293012,529.932485322896,26301.982694090584,43462.50844995432,161071.41323085,162601.1552734375,1529.742042587489,7586.578358350263,4.583646408405592,2.401097795029644,459905.5180904577,341950.66239019344,729175.1949186502,729175.1949186502,0.0,573099.7653804653,327848.8334856699,459905.5180904577,0.9937742024898958,0.9875472840537084,0.9813194623260366,0.9750906261077396,0.96886095468104,0.9626300721656775,0.9563973397741294,0.9501636082667709,0.9439285950622185,
73194.087109375,71229.39592160437,145259.3,145259.3,0.0,139882.75,-1.995959944101861,-0.0538568679074881,102132.27321043749,71192.6862899781,73194.08710937499,108.19999999998254,-140316.6,505.9687359879677,-22.537791027529874,0.0,6207.3423344192315,548.1171502866508,296.07279843444223,12854.012511506706,20876.341884640286,71843.26834725578,73194.08710937499,1350.8187621192092,3601.309909976011,2.8750970113061154,2.0700868770406986,207024.14135119176,200796.89763563307,410810.6550930734,410810.6550930734,0.0,288406.63862382417,200554.63693396683,207024.14135119173,0.9943370656297259,0.9886701970543781,0.9829990511361666,0.9773242039310289,0.971645390754043,0.9659617959779024,0.960273266346287,0.9545806393842314,0.948884895770302,125433.76425781251,122069.29661287728,251261.0,251261.0,0.0,240336.2,-1.9957890874487283,-0.053730439295477425,175027.26185211,122003.93476638726,125433.76425781252,268.79999999998836,-240510.2,505.94750952387466,-22.53708320820999,0.0,10639.829035988712,939.4969443284941,515.1690802348337,22042.13615311473,35766.78120591007,123122.3830307862,125433.7642578125,2311.3812270263,6151.484967662058,2.8773592587842343,2.0705377773612614,354780.2611858161,344114.4630889323,710319.0258721219,710319.0258721219,0.0,494250.74348356825,343693.37802375946,354780.26118581614,0.9943246278975754,0.9886446038152988,0.9829593554356866,0.977270138586864,0.9715764502661095,0.9658782352787315,0.9601759612243909,0.954469120472809,0.9487584171365603,
88100.74941406249,62499.52184453968,139242.9,139242.9,0.0,127041.25,-1.5041946556192798,-0.6926293001087238,108018.20345717444,58848.547460174974,88100.7494140625,210.0,-139065.0,505.91959503513357,-22.536151858710234,0.0,6152.1665276163085,543.3121962615046,307.34833659491187,13678.405675913029,23546.98804390223,87942.29851553202,88100.7494140625,158.4508985304852,4565.354198611103,4.78359390408422,2.4208840073676052,249186.54935320144,175165.07269354368,393789.03923499456,393789.03923499456,0.0,304592.7429704949,163633.44629884203,249186.54935320147,0.9928439318124392,0.9856880413937982,0.9785311507748591,0.9713730110259036,0.9642137054056447,0.9570518891261491,0.9498880616629344,0.9427224900619141,0.9355552026268049,150336.658984375,106717.21186643046,238872.9,238872.9,0.0,214783.1,-1.5041975435492445,-0.6886796165867536,184362.88765130815,100420.19018096979,150336.6589843752,420.6000000000058,-238697.9,505.90110279849154,-22.535534761274207,0.0,10560.002452997773,932.5957184600176,531.7718199608611,23350.328444404695,40183.228410599455,150026.25493552393,150336.658984375,310.40404885107114,7702.973765935368,4.780313391581541,2.420872469681147,425216.2841151244,299063.2800447048,675524.9174650223,675524.9174650223,0.0,519853.569524892,279150.348706585,425216.28411512444,0.9928230449709331,0.9856457426554853,0.9784673106499411,0.9712875226625093,0.9641068605147436,0.9569242456322327,0.9497399519213438,0.9425535419156701,0.9353653961201699,
157162.300390625,33344.259374496694,166778.3,166778.3,0.0,164169.40000000002,18.208715778363292,-4.4885712901978305,160660.59970418,13506.135189819339,157162.30039062508,85.70000000001164,-160007.3,249.99260495784003,-15.874094311725543,-19.0,10020.16664622097,1249.9321214917327,670.1796078431371,28316.09868864614,52603.83973942752,150922.96759282044,157162.300390625,6239.332797804556,6772.873408094016,2.1657426906581554,2.040819327873868,444522.1134123526,85979.9478268941,471617.48956841213,471617.48956841213,0.0,452760.9311114419,37875.41031315703,444522.1134123526,0.9115654935498405,0.8230921018155237,0.7345888187806362,0.6460629554865766,0.5575012053434768,0.46891343486811854,0.38029421040043104,0.2916408870953803,0.20296035317684116,256621.48085937503,54466.78106948237,274357.5,274357.5,0.0,268339.35,18.17657897538835,-4.482883086649273,262337.97795692773,22053.4085113525,256621.48085937506,214.09999999997672,-262148.6,249.9789232908295,-15.873445393126033,-22.5,16416.800131066117,2047.8374225297914,1120.2580392156863,46210.03406112041,85904.51938795725,246472.6380830121,256621.480859375,10148.842776362897,11002.072973995004,2.165707024823999,2.040803214844185,725835.1572551916,140373.6108528427,775713.7105651554,775713.7105651554,0.0,739284.4013852411,61762.01627434577,725835.1572551917,0.9113182346152947,0.8226229220249545,0.7339180602479615,0.6452036062993479,0.5564752463382742,0.4677374183263371,0.3789851259904501,0.29022567892589946,0.20146113549657807,
85178.10546874999,82918.94432133762,171549.6,171549.6,0.0,159308.45,-1.9935431661821021,-0.05188759488399558,118873.29800510535,82849.0166473389,85178.10546874997,78.0,-158744.1,505.932655048369,-22.536588959962696,0.0,7022.7072398397095,619.99547642664,344.85499021526437,15090.779274636065,24211.033925360167,83248.96800600414,85178.10546875,1929.1374627458645,4269.6388536050035,2.8910765628909703,2.0695244500948062,240920.06394230435,233791.78595027648,485159.8218650016,485159.8218650016,0.0,335709.80978783435,233391.3119441071,240920.06394230432,0.9943361493836971,0.9886672494313765,0.9829928634982876,0.9773131529536289,0.9716284474334839,0.9659392978057758,0.9602448760500176,0.9545452802238634,0.9488402516153085,143541.50136718748,139699.80016604305,284154.1,284154.1,0.0,270168.1,-1.995415712031417,-0.053385459353885875,200300.2665529396,139616.53843917878,143541.50136718753,245.89999999996508,-269389.2,505.8949524184292,-22.53533144519153,0.0,11917.733057714102,1052.1905714209165,600.7704500978475,25326.50303898182,40863.92973783638,140353.49522360147,143541.50136718748,3188.006143586018,7067.634009499806,2.8827774450796975,2.069208629653029,405996.6759937455,393869.0142981161,803504.0677259583,803504.0677259583,0.0,565655.4616921329,393309.27986894065,405996.67599374556,0.9943590923499412,0.9887131000281979,0.9830610045167731,0.9774034388075032,0.971740544789897,0.9660724604996878,0.9603991934149043,0.9547209717218614,0.9490376632727162,
124703.605078125,35365.851786593,137826.6,137826.6,0.0,133885.55,8.480909017279291,-3.2301979644201206,129621.49741486642,18510.691378784188,124703.60507812502,131.89999999999418,-131758.1,249.9793109235371,-15.873463991392361,-2.2000000000116415,8251.22628426093,1029.2251657054958,557.7156862745098,25313.491609664685,40588.263850721036,117718.3969603438,124703.605078125,6985.208117781187,9266.195105097606,2.1609666879081235,2.03861363082625,352715.05915660557,94799.93730417432,389667.24309678003,389667.24309678003,0.0,365232.72179354785,51565.43546451645,352715.05915660557,0.9484189246571803,0.8968136069301286,0.8451840126369068,0.7935233402887993,0.7418385329274013,0.690130928192575,0.6384029792114233,0.586646074693356,0.534867765682161,217162.939453125,61530.72513206345,240684.5,240684.5,0.0,233665.3,8.522342305863456,-3.2406018492333755,225711.70197222644,32235.12382507325,217162.9394531251,245.10000000000582,-231829.1,249.97214486604236,-15.873124151292721,0.0,14518.155783723723,1811.1474940407584,990.0886274509804,44078.932739173164,70685.39358020718,205058.22276696216,217162.939453125,12104.716686162845,16172.614339454814,2.1602973225775983,2.038312795981334,614229.5484388334,164720.01468007226,680088.3371434269,680088.3371434269,0.0,635932.874925944,89530.22890855327,614229.5484388334,0.9478381344150688,0.8956470031128101,0.8434262336737436,0.791172202163864,0.7388846210379887,0.686565716681289,0.6342180346440552,0.58183912409945,0.5294311194201403,
78088.108984375,70614.70372523539,149167.4,149167.4,0.0,134622.7,-1.950996654492451,-0.19628947874853678,105281.47580157871,70157.28541564876,78088.10898437505,192.39999999999418,-134468.2,505.81683275862895,-22.532726507965943,0.0,5949.064860331127,525.2453238153928,316.48864970645815,13622.467325885666,21672.71069218216,77427.82160242529,78088.108984375,660.2873819497082,5700.76390556712,3.4096641403360772,2.1899690867529418,220866.52557154294,198664.39769448087,421785.4119564963,421785.4119564963,0.0,297068.28344566823,197189.32883475587,220866.52557154297,0.9945852291800865,0.9891678167645471,0.9837479407648091,0.978324500614831,0.9728973174867015,0.9674659567069723,0.962030317651976,0.9565907604929169,0.9511466606421571,132340.5341796875,119617.79064069489,249229.8,249229.8,0.0,230761.3,-1.9537199055367225,-0.19917038916514454,178388.4324297014,118899.69867706299,132340.53417968747,223.0,-231961.2,505.8918485895548,-22.535228892989323,0.0,10261.918297454911,906.0551882077775,517.9021526418787,23233.614964752218,36621.0370129341,131289.2178552783,132340.5341796875,1051.3163244092057,10249.603522732992,3.4387849632349656,2.193547605405458,374315.5565772285,336461.20000951993,704784.9253598435,704784.9253598435,0.0,503307.3365326265,334098.5565475835,374315.5565772284,0.9943821368419857,0.9887626949275921,0.9831418324994508,0.9775195274573257,0.9718956258191458,0.9662702584148559,0.9606430096263392,0.9550143477239778,0.9493842755139342,
72960.7681640625,71812.56348393424,155422.8,155422.8,0.0,133945.8,-1.970257416840897,-0.016998049718539122,102373.42411594994,71535.75316085742,72960.76816406244,594.8000000000175,-155422.8,505.7794317666634,-22.531469430457467,0.0,6876.358968008289,607.2690254709437,353.41996086105684,13006.481688909496,20781.39589469938,71592.28603933792,72960.7681640625,1368.4821247245743,4018.37543849246,2.828698249316191,2.051409563153201,206364.2157175527,201368.4817171788,438232.7156868954,438232.7156868954,0.0,288332.19549298065,199915.33397637896,206364.2157175527,0.9936710184434787,0.9873442443353128,0.9810202520850241,0.9746995957912352,0.9683814527990443,0.9620660214642935,0.955753553984408,0.949443105078558,0.9431355650955253,124984.1404296875,122934.0697527775,263074.1,263074.1,0.0,230008.5,-1.9757823998571162,-0.021131959776798385,175310.64104876414,122543.0439369215,124984.14042968758,636.0,-263074.1,505.83030821832193,-22.53317119195061,0.0,11638.850995379305,1027.866447355815,593.7217221135029,22193.97614112525,35646.43369060029,122674.55236145822,124984.14042968751,2309.5880682292977,6847.695308932064,2.823653378913648,2.0516521211264394,353508.53295441513,344783.51310798,742461.3424284158,742461.3424284158,0.0,493805.58298045147,342461.39129958936,353508.5329544152,0.9937760925989734,0.9875533042810373,0.9813317708633919,0.9751116449571693,0.9688926925559512,0.9626753147106338,0.9564594827220647,0.950245308528959,0.9440327656918331,
92624.7728515625,78529.6873179579,164622.2,164622.2,0.0,156205.95,-1.887318303883571,-0.3297106932218005,121434.18108613319,77428.52105560362,92624.77285156245,90.60000000000582,-153306.2,505.9291351927294,-22.53647161666737,0.0,6782.122571410806,598.7971775537088,333.6416829745595,15887.004077731563,25234.84746082226,92371.25329970251,92624.7728515625,253.51955185999464,5620.658477959833,3.848723091118454,2.2597683663500505,261982.41995681394,220870.86937852134,465481.8179620393,465481.8179620393,0.0,342664.16402427066,217658.92719554916,261982.41995681397,0.9941960321430322,0.9883858160894561,0.9825697352640055,0.9767468368695884,0.9709175166136139,0.9650826011397426,0.959241560637627,0.9533937282004931,0.9475396106392032,153450.6263671875,130076.88229068738,268787.6,268787.6,0.0,257465.6,-1.8881191550401444,-0.3307861678440927,201164.33590213626,128275.1329788214,153450.62636718736,252.29999999998836,-255540.0,505.89582697389324,-22.53536148450354,0.0,11305.018278338237,998.1534943570143,564.7461839530332,26177.893823973773,41894.30149203229,153188.70738738377,153450.6263671875,261.9189798037534,9270.156437345362,3.8307866197217377,2.2596363998556654,434023.9139262461,365825.87023500795,759334.6072838015,759334.6072838015,0.0,567631.3285866616,360560.33260713064,434023.9139262462,0.9941975437956562,0.9883915887239716,0.9825825926126268,0.9767701186517638,0.9709542801046431,0.9651350240916293,0.9593122246080569,0.9534860174881146,0.9476563457057604,
142954.93203125,42749.83240617996,158061.4,158061.4,0.0,155479.2,7.265139282872157,-3.042266327893431,149210.12285637928,23453.54353637695,142954.93203125012,110.70000000001164,-154406.5,249.98193084071085,-15.873588251495296,14.5,9669.520452038569,1206.3146389850033,658.5576470588236,29699.295731151033,46262.722830207706,134756.08447146916,142954.93203124998,8198.847559780826,11209.521713638045,2.1560771490118285,2.036362620096341,404337.6073734355,114991.09538554939,446888.4097954,446888.4097954,0.0,420371.0893418374,65576.3552025471,404337.6073734356,0.9525634160465392,0.9051196107048451,0.8576637207916632,0.8101982698337934,0.762716996227351,0.7152229210734963,0.6677168588303101,0.6201989648089093,0.5726682380874799,238197.90078125003,71272.64892527476,265544.0,265544.0,0.0,259119.7,7.242195443500242,-3.0359814779031007,248632.3197442756,39079.343096923774,238197.90078124998,321.3999999999942,-253707.7,249.94842808250093,-15.871999229776778,37.79999999998836,15888.662530651887,1981.9994248366042,1127.5545098039217,49491.32235992727,77090.16951997868,224679.7687527372,238197.90078124998,13518.132028512768,18213.653205364284,2.1543294546217373,2.035567604675711,673725.4036272893,192001.40300548857,750776.0696470321,750776.0696470321,0.0,700550.111161814,109502.44385372591,673725.4036272892,0.95331551786224,0.9066174044772769,0.8599061045346472,0.813183033473499,0.7664451903570599,0.7196945479329551,0.6729283973310415,0.6261457642983559,0.5793470984868663,
64114.8857421875,63381.02565698182,129505.7,129505.7,0.0,123173.6,-1.9978637482512194,-0.022199197968011494,90154.71694295728,63363.539424896255,64114.88574218751,79.69999999999709,-123113.2,505.97129700097037,-22.53787647072342,0.0,5446.299556026331,480.8675181237846,260.94285714285706,11079.129369298067,18516.63663820017,63445.72761140429,64114.8857421875,669.1581307832057,3579.2238802845054,2.7071957428811277,2.0206635764336474,181344.2819332059,178025.13643300708,366244.3309699757,366244.3309699757,0.0,254123.390879039,177262.71354171468,181344.2819332059,0.9943069121051391,0.9886104371431672,0.9829109178370706,0.9772085613150703,0.9715018286207522,0.9657922542874052,0.9600799845407298,0.9543641091707079,0.9486451562732874,109849.69804687501,108583.29866135822,220693.2,220693.2,0.0,212796.9,-1.9985013812808439,-0.02269785437888523,154458.04902681935,108562.3968978893,109849.698046875,309.8999999999942,-212690.8,505.9389181062297,-22.5367961839134,0.0,9409.185906921894,830.771964721328,458.15792563600775,18978.733324775505,31725.52879538363,108790.90656211473,109849.698046875,1058.7914847602726,6182.804985576068,2.706319311221182,2.0198925668771777,310701.86560095986,304953.390611014,624149.0489730809,624149.0489730809,0.0,435352.9829150945,303650.6442877045,310701.8656009599,0.9942666833439571,0.9885298818875514,0.9827898509686094,0.977046314844423,0.9712987399948207,0.9655478788865529,0.9597935559138262,0.954036064306499,0.9482761236835949,
61694.497265625,54420.5261115646,112211.0,112211.0,0.0,108210.15,-1.9354600639587223,-0.25074030149304916,82266.66794709567,53982.685107422185,61694.49726562496,146.6999999999971,-109806.8,505.94351868915805,-22.536949298601588,0.0,4857.706512824319,428.93972526147013,233.43835616438352,10834.576737032987,16898.555788304835,60917.222326458075,61694.497265624996,777.2749391669172,4286.962798529783,3.634126029086117,2.2250391993911625,174498.38951367344,153924.30918332725,317230.9062339786,317230.9062339786,0.0,232685.15401810707,152686.09082446422,174498.38951367346,0.994040569923828,0.9880799145866371,0.9821172876023675,0.9761533185925044,0.9701874105002369,0.9642194867104846,0.958249232801844,0.9522769582418854,0.9463023147848608,90071.4154296875,79467.43598202428,166280.1,166280.1,0.0,157131.45,-1.934398249084249,-0.24952918990634054,120116.3321911907,78812.48850097724,90071.41542968752,228.5,-157658.8,505.91251847281444,-22.535915770433714,0.0,6974.72051881067,615.8521061117345,346.13913894324867,15726.540966122868,24735.134445058182,88938.95147667576,90071.41542968749,1132.463953011734,6227.143314601772,3.6113571458112625,2.2245067492921993,254760.43456561066,224767.45541822698,470151.48043431714,470151.48043431714,0.0,339740.03007482574,222915.38024490952,254760.43456561072,0.9941943027274945,0.9883856386688039,0.9825741875010329,0.9767597993085838,0.970942151368322,0.9651213567779052,0.9592973555532769,0.9534703288210694,0.9476402124216512,
119902.34531250002,59572.80381247819,155548.3,155548.3,0.0,148404.55,0.2914526073732455,-1.5048088911853805,133886.1134155369,47305.22217407211,119902.34531249998,301.0,-155548.3,505.87948966977405,-22.53481436017863,2.7000000000116415,6881.530496152118,607.7256145618283,363.1005870841489,16856.692061951257,30842.543652450775,119432.31351511207,119902.3453125,470.0317973879211,5776.221165817748,6.612376145314242,2.816089235503692,339135.0458025593,166379.89386397097,439353.55064575427,439353.55064575427,0.0,377749.71657658485,132617.9995884762,339135.04580255935,0.989271581867243,0.9785418510810756,0.967810629453736,0.957079338419499,0.9463488162463807,0.9356196049776343,0.9248937461700963,0.9141722819544729,0.9034563703243598,171416.9509765625,85148.53146332919,222763.3,222763.3,0.0,213474.9,0.29366498236045624,-1.5065164138161917,191400.2181097577,67629.34393997183,171416.9509765625,331.5,-222756.9,505.8886464351793,-22.53512036906062,28.0,9854.829832130761,870.3118447003465,513.8060665362036,24106.686099930128,44087.66255864606,170745.263877158,171416.9509765625,671.6870994045073,8310.03341633453,6.61571383935399,2.8167543508854673,484840.35378339735,237798.0196179865,629436.4045740643,629436.4045740643,0.0,540016.728251122,189582.92503185713,484840.35378339735,0.9892444176921107,0.9784872587840834,0.9677279164623835,0.9569676804538975,0.9462077265897109,0.9354477351819993,0.9246905521308401,0.913937606165369,0.9031887158383846,
79674.21171875,74676.38065695995,155782.2,155782.2,0.0,138495.75,-1.9719213768050632,-0.12297283024205756,109199.55055322978,74383.34609680183,79674.21171874997,107.39999999999418,-136871.9,505.9125527506363,-22.535918403457096,0.0,6055.217952180983,534.52027757246,308.49784735812136,14284.294163293907,22189.188405256526,77915.0397338565,79674.21171875001,1759.1719848935202,4542.745951124563,3.2307555584599053,2.1571475157238833,225352.7015680833,210609.08418699983,440496.3412701689,440496.3412701689,0.0,308447.7693972196,209755.9225850175,225352.7015680833,0.9946318870981465,0.9892559223129085,0.9838727479008044,0.9784827205558004,0.9730859440043603,0.9676821789319945,0.9622716382863455,0.9568542864847718,0.9514300043192182,114311.876953125,107016.53390045685,223390.3,223390.3,0.0,205956.95,-1.9787508678224357,-0.12977408172801122,156587.81478970204,106720.85387420656,114311.87695312497,379.80000000001746,-204659.3,505.8140869365172,-22.53263468303567,0.0,9054.455396774132,799.6022135331995,471.5029354207435,20493.288344284185,31817.97453035924,111761.18612091943,114311.876953125,2550.6908322055683,6369.588257643635,3.24271706780839,2.159998158988851,323322.8134548677,301739.9807277242,631451.658900446,631451.658900446,0.0,442249.54230608145,300853.9504442058,323322.8134548677,0.9944320011023999,0.9888586462182583,0.983280312840191,0.9776974879898084,0.9721097588875004,0.9665169549532094,0.9609193324974434,0.9553164009778136,0.9497083504889589,
127806.49179687501,27343.362518529746,138955.5,138955.5,0.0,134796.35,17.516209672764248,-4.368188453699429,130698.73304376141,11214.350561523432,127806.49179687494,146.40000000002328,-126061.0,249.934541386162,-15.871341337096993,-38.60000000000582,7894.905612722924,984.4947820069178,569.7301960784315,23082.772369134218,42757.461226104795,122767.95557311711,127806.49179687501,5038.536223757893,5448.338551605816,2.1648343684264253,2.0404073840259085,361491.3481169327,71051.14879886083,392694.4732930568,392694.4732930568,0.0,368407.7367659851,31718.973314625582,361491.34811693267,0.915579841539453,0.8311148670874069,0.7466032610279125,0.6620501315667425,0.5774459289155157,0.4928026772138788,0.40812064313192314,0.3234035405958726,0.23864412116107947,191477.165234375,40785.47839124529,207608.1,207608.1,0.0,201385.5,17.878375010911288,-4.4308725449190165,195772.72551046245,16455.068887329107,191477.1652343751,275.6000000000058,-191482.1,249.94218009120493,-15.871702836712522,-38.70000000001164,11991.88478592347,1495.5840246059233,856.190980392157,34532.59198109302,64077.38476521032,183940.459079795,191477.165234375,7536.706154579982,8136.28370974544,2.165196414520145,2.0405713886036674,541579.2079184146,105619.22733283676,586559.3585512212,586559.3585512212,0.0,551782.0762148066,46526.31681156843,541579.2079184145,0.9137465094549138,0.8274480579867203,0.7411090599314692,0.6547325926846077,0.5683137174688943,0.4818597763529121,0.3953657398217083,0.3088340896221419,0.22226537434179633,
124749.435546875,30857.688035387913,146053.8,146053.8,0.0,129871.5,11.638483864742636,-3.5582581449153476,128509.21593470733,13874.93794555664,124749.43554687503,423.0,-146053.8,249.93287578372428,-15.871259001421924,38.80000000000291,9147.292466793593,1141.7041353325671,664.4388235294114,23730.792545950175,41243.69339111726,118678.02989661004,124749.435546875,6071.405650264969,6802.244806945861,2.165306413852255,2.040617064319175,352844.68729755783,81348.35306907108,411499.8367173568,411499.8367173568,0.0,362100.71513483877,38304.92955251048,352844.68729755795,0.9243125770707443,0.8486650867349513,0.7730665882032586,0.6975118173460148,0.6219927904076826,0.5465158215586566,0.4710825560810621,0.39569553711153604,0.32034998388098046,177124.568359375,43765.29039567797,205404.2,205404.2,0.0,184781.75,11.699750729703611,-3.5727294321557754,182451.39999439017,19652.621502685546,177124.56835937497,546.3000000000175,-205404.2,249.94542414132133,-15.87185460028817,61.80000000001746,12864.159992507226,1605.5907635524804,921.2066666666669,33703.68511603018,58556.09245728857,168538.0686436045,177124.568359375,8586.499715770502,9764.47514234832,2.1651482409367366,2.040544669344013,500983.9336066171,115521.57690281048,579438.1215132305,579438.1215132305,0.0,514130.46638190123,54332.729686305865,500983.93360661715,0.9249780847907659,0.8499847069541973,0.775020137387287,0.7000789568582447,0.6251592727499551,0.5502643374801152,0.4753945223053188,0.4005500903264377,0.3257250232006559,
