276596.53515625,75877.1360734026,314109.4,314109.4,0.0,292081.8,9.087764357361234,-3.2731125139435306,286815.24199237453,37815.932540893555,276596.53515625,419.70000000001164,-311392.6,505.80814458571206,-22.532436629116546,-19.20000000001164,13776.5066958785,1216.37400975027,746.1837573385518,33846.89413261843,70253.72617871877,272200.36556471605,276596.53515625,4396.16959153396,14464.76354439209,7.974152809907039,3.1468914294062627,782333.1426467508,207898.80053873497,888365.8617244652,888365.8617244652,0.0,809485.6745792269,105053.9673518993,782333.142646751,0.9703693127704381,0.9407484648100741,0.9111358882272748,0.8815332089431773,0.8519390682253711,0.822353949305902,0.7927788259786612,0.7632119308308004,0.7336545771730201,172835.7470703125,47006.155609348694,192251.1,192251.1,0.0,185793.95,9.502449115960628,-3.3737718462772226,179113.85800803738,23629.88729476928,172835.74707031247,180.0,-185770.5,505.89576348836283,-22.53535745595821,-16.5,8218.432919486168,725.6408661118787,430.07671232876714,21091.67202336419,43918.49787081117,170191.91880614962,172835.7470703125,2643.828264162876,9392.61825078181,7.97172709366207,3.146213959183124,488853.3151394438,129092.31710389224,543545.5934322358,543545.5934322358,0.0,505610.9077720497,66118.55302960025,488853.3151394441,0.9714321420620302,0.9428569514440622,0.9142744953806136,0.8856863494892455,0.8570944738212298,0.8284991304868338,0.7999011286935254,0.7713007848815376,0.7426972434034956,
296899.63984375,63308.32135707252,320795.9,320795.9,0.0,307867.25,17.79070110056761,-4.414786569372106,303574.2737657439,25514.81279907226,296899.63984375,567.0,-297424.1,249.92881650385965,-15.87106739800908,-83.69999999995343,18626.998753547672,2322.910166858903,1347.6749019607848,53515.017616008736,99364.69216318007,284845.7333865852,296899.63984375,12053.90645716481,12840.937397983476,2.166038760409382,2.0409543559288674,839758.9946614373,163889.0527521302,907185.7208377795,907185.7208377795,0.0,855602.0048636973,72051.02415783024,839758.9946614373,0.9136784724879372,0.8272686276907151,0.7407643909588032,0.6541701218989087,0.5674843049296064,0.4807090764730187,0.3938472765818549,0.3069014879562157,0.2198713932563791,178239.32187500002,37961.81316023573,193755.5,193755.5,0.0,185878.3,17.887483023101503,-4.431747098615762,182237.0849220117,15317.441723632788,178239.3218749999,301.19999999998254,-183633.7,249.94349350847128,-15.871763534785773,-16.300000000017462,11500.275272623594,1434.6766043829296,812.9866666666669,32160.33050781017,59643.750391027694,171225.7436503375,178239.321875,7013.578224662483,7376.376355278221,2.164389233793086,2.0402043569342454,504136.932687617,97709.82482369232,547821.9984681567,547821.9984681567,0.0,513518.5067422162,42702.17520129259,504136.932687617,0.911219041711974,0.8223689991343409,0.7334483136064033,0.6444583607471298,0.5553988993185541,0.46627000287571296,0.37707674205223524,0.287812762934099,0.1984807228215862,
241883.0689453125,116584.91087447722,313128.5,313128.5,0.0,293436.85,0.5262737065843512,-1.5757232229976308,268513.42701252864,90706.15085449186,241883.06894531238,342.70000000001164,-300627.7,505.8829504235169,-22.53493012101491,-2.900000000023283,13299.782880341583,1174.2310017195018,694.1945205479454,33927.75718236145,61976.91495078313,240133.34476633763,241883.0689453125,1749.7241789748557,11643.440449439862,6.776288120572934,2.8516340607788915,684148.6332217748,329750.5860658773,885597.7861634933,885597.7861634933,0.0,759470.0792987252,256555.73745816565,684148.6332217748,0.9889431780232187,0.9778885011293456,0.9668360336917625,0.9557853631999045,0.9447359763867982,0.9336891029761599,0.9226440966233916,0.9116012688923185,0.9005602745382768,150033.1494140625,72199.7685746954,192360.8,192360.8,0.0,184677.5,0.5439465638152865,-1.5879614775868285,166501.50901821276,56262.43103027342,150033.1494140625,261.80000000001746,-182447.8,505.8661110331248,-22.53436895456271,0.0,8071.554213929018,712.6669268270241,422.83228962818004,20908.160599552364,38519.127894509395,149014.94982944513,150033.1494140625,1018.1995846173608,6919.244174379227,6.740175671493244,2.845335402478747,424357.8294138324,204210.89433828602,543889.600881283,543889.600881283,0.0,470936.9987071114,159134.1860301872,424357.82941383246,0.9893213561343327,0.9786434464815664,0.9679676929767834,0.9572935460240171,0.9466216987512659,0.9359528305767937,0.9252876126944123,0.9146256222489895,0.9039661106849453,
289764.19296875,45955.518065297365,308179.1,308179.1,0.0,293508.1,34.05517411067782,-5.851526808010799,293385.74806469533,16289.68178710938,289764.19296874985,161.20000000001164,-281383.2,249.96401282192156,-15.872738844872297,-84.79999999998836,17621.890499596368,2197.468905805462,1230.4486274509802,47788.85223279732,98790.76936668597,283061.2967273882,289764.19296875,6702.89624136179,6976.515564779821,2.165766958411048,2.040830625431045,819576.903173002,114809.61947179768,672577.837822393,871577.626459517,198999.78863712394,827579.3309030301,46025.785199806676,819576.903173002,0.848826513561413,0.697590136990399,0.5462848075096235,0.3949173981832417,0.24348537545849963,0.09199746706936197,0.09125636776937979,0.09051314457580278,0.0897619687304735,181572.33203125,28269.59658527529,191249.8,191249.8,0.0,184099.3,36.88964189025339,-6.201224640041012,183759.8483084939,8511.203063964846,181572.33203125006,295.5999999999767,-183652.5,249.96546828843995,-15.872806189662676,-10.699999999982538,11501.201184520838,1434.7598646674357,788.7984313725486,29777.728869615607,61971.2073253244,177426.58972134755,181572.33203125,4145.742309902447,4274.810370214446,2.166268386139663,2.0410592444826983,513564.10902060906,69363.9847056532,411017.236339197,540902.711126873,129885.47478767598,518227.2247271251,23979.914639558374,513564.1090206092,0.8369791226925706,0.6738862252212854,0.5107310595599422,0.34752225341261306,0.18425113933698137,0.020923542934354493,0.02052568594216123,0.020135877550528147,0.019740787141073343,
227509.9150390625,114759.8698444284,304196.0,304196.0,0.0,277675.5,0.17352445875824474,-1.4522839693211325,254814.81347792866,91537.19237899779,227509.91503906256,268.5999999999767,-282783.8,505.8690725695818,-22.53446835259081,0.0,12510.49694943099,1104.464333393329,658.1268101761252,32295.042844068354,58467.162745781454,227115.15052893132,227509.9150390625,394.7645101311783,10990.688266804404,6.588917780871586,2.807697942834096,643495.2148451856,322900.00004801556,860334.133663904,860334.133663904,0.0,719965.625262526,258295.5819278927,643495.2148451855,0.989807619219894,0.9796196484372379,0.9694364822095969,0.9592577413341579,0.9490835671889013,0.938914609415374,0.9287507920874389,0.9185917490610256,0.9084375481810691,140726.9943359375,70782.02546409912,183544.1,183544.1,0.0,177106.35,0.1998838983260538,-1.4741571004097376,157525.1791417085,56620.62662734999,140726.99433593743,203.39999999999418,-168744.4,505.8894035453893,-22.535145830028636,0.0,7465.248259348019,659.0818095825249,388.1831702544031,19787.184267685574,36265.08838693951,140526.02754913975,140726.9943359375,200.9667867977333,6550.9837700095895,6.543803299552346,2.8001057197880566,398036.0479637692,199226.47981809886,518927.564779209,518927.564779209,0.0,445111.0937050741,159837.76464891777,398036.0479637693,0.9903131800733994,0.9806283340153067,0.9709463002082215,0.9612658958394819,0.9515890142982724,0.9419153391493839,0.9322448588379473,0.9225767872029561,0.9129117305436494,
139967.1583984375,140216.6763438766,293672.1,293672.1,0.0,131519.8,-1.9858526795560851,0.010637630373199324,198119.96808766332,139967.15839843603,139967.15839843746,47.100000000034925,-263039.6,505.90479450062105,-22.53566105834352,0.0,11636.880621627759,1027.2715246954447,577.6964774951078,24145.474428473735,40683.85022883865,139569.4941240975,139967.1583984375,397.66427433999536,8009.586006040564,2.610693431667354,1.9967654843355451,395886.90738778724,396591.795962822,830587.388816253,830587.388816253,0.0,560367.2867558233,395886.9073877867,395886.9073877873,0.9944394082437032,0.9888750541929152,0.9833069057773995,0.9777346840883526,0.9721582370352024,0.9665778049893491,0.9609935616739111,0.9554050369975611,0.9498127338022115,88323.0126953125,88333.91830208855,180290.6,180290.6,0.0,87149.75,-1.998999107934848,0.0007439562025720439,124915.31408989207,88323.01269531247,88323.01269531247,163.70000000001164,-175240.3,505.9654827611973,-22.537682263238644,0.0,7752.313188531047,684.5345881794142,368.09315068493123,14977.191545550004,25806.4302375359,88309.41507191525,88323.0126953125,13.597623397245737,5059.553635550258,2.580918259259687,1.9871968540368186,249815.204846724,249845.8749935062,509872.14320729976,509872.14320729976,0.0,353313.7385156165,249815.20484672443,249815.20484672397,0.9942482235683853,0.9884930956147927,0.982734665668877,0.9769732668179391,0.9712080064141484,0.9654404744458561,0.9596703734669084,0.953897849146641,0.9481219356684613,
268502.14218749997,60241.83625137013,291707.0,291707.0,0.0,282298.95,15.507016846548233,-4.126777526356343,275177.17782224127,25717.524084472698,268502.1421875001,33.70000000001164,-265053.0,249.98603945324976,-15.87378301977123,-85.20000000001164,16598.885292095878,2069.87490965014,1147.1890196078425,49359.79409471777,89473.55284598617,257092.345153383,268502.1421875,11409.79703411701,12498.194568251318,2.1647699214184115,2.0403768601919188,759438.7420155834,156962.7223694182,824520.5894103678,824520.5894103678,0.0,775489.8446065113,72739.61772338829,759438.7420155836,0.9230982595914297,0.8461699506634137,0.7692183911830304,0.6922417755537975,0.6152431969120942,0.5382167534860278,0.46116080697833195,0.38408286238868505,0.3069775551338835,164449.45234375,36475.55514397614,173804.1,173804.1,0.0,172384.75,16.369450527193536,-4.285071871434487,168446.09968539065,15417.136157226569,164449.45234375,120.0,-171697.5,249.99855564692544,-15.874376547958521,-14.10000000000582,10752.172435504535,1341.3304636678215,698.522352941177,30067.66527026648,54862.18630137224,157384.85435527595,164449.45234375,7064.597988474039,7804.697913262875,2.1663090693930043,2.0410770573409467,465133.29165871855,93808.46922684343,491496.064309858,491496.064309858,0.0,474498.6911551581,42960.87436039345,465133.2916587186,0.9169190401035283,0.8338168049583492,0.7507009514966663,0.6675672085108306,0.584421125621507,0.5012581687378572,0.41807847109645674,0.3348840695911394,0.25166758753605956,
252894.45078125002,76099.85424004498,283991.9,283991.9,0.0,279266.0,7.01755300057958,-2.9761429808880613,264096.1776537217,41490.49583129883,252894.45078125014,51.5,-256773.6,249.9749893992693,-15.873258887119224,-70.19999999998254,16080.538536640874,2005.2515801614725,1123.4729411764708,52635.97658548025,81820.90189553497,238616.5776203793,252894.45078125,14277.873160870686,20022.372073689883,2.1516557418333093,2.034386276172027,715293.524287478,206065.45886958187,803082.7381503885,803082.7381503885,0.0,744384.1744870266,117090.68072651644,715293.524287478,0.955915571398258,0.9118153897413954,0.8676952186808329,0.8235571717383648,0.7793994768223464,0.735220405685348,0.6910190345211682,0.6468012886450529,0.6025604435404891,155849.56601562502,46593.959481264275,170849.4,170849.4,0.0,169819.7,7.275381045610851,-3.0450700708636522,162665.55962280516,25569.069424438476,155849.566015625,90.60000000000582,-170401.1,249.99848924385964,-15.874373485957848,3.7999999999883585,10670.988467360885,1331.2621053440994,692.43725490196,32360.72011279962,50436.99349728467,146830.24480818634,155849.56601562502,9019.32120743869,12540.075151682762,2.158227707090873,2.037339719332918,440809.13989851583,125163.41719404381,483183.1048581946,483183.1048581946,0.0,458234.19647791417,71353.32293263443,440809.13989851595,0.9518550017953317,0.9037005256637508,0.8555321791183349,0.8073548047122163,0.7591685953861965,0.7109765649543178,0.662775573444909,0.6145700675252848,0.5663540475631011,
150842.65234375,134875.68851334453,284298.6,284298.6,0.0,256597.0,-1.938124982367575,-0.21673210005945628,202348.60295550886,133755.00813293454,150842.65234375003,67.89999999996508,-255288.9,505.9165835228948,-22.536053358006292,0.0,11293.899595687733,997.0226232283229,563.0949119373776,26528.503448399504,41521.393581481425,150377.14400353096,150842.65234375,465.50834021902165,10730.171630558696,3.5303660305508746,2.2066901761769,426647.449457722,378972.85271687905,803919.0686958367,803919.0686958367,0.0,570656.174263583,373316.51827550714,426647.4494577221,0.9943721389147973,0.9887421476936129,0.9831100215868187,0.9774758305723139,0.9718393727263561,0.9662005456948368,0.9605596140950525,0.954916622348901,0.9492712842650246,92979.18046875001,82983.71116339504,168575.0,168575.0,0.0,165563.0,-1.9477985914805607,-0.2277993645946354,124625.13518183303,82446.3826812748,92979.18046875004,49.70000000001164,-164696.4,505.9930733646255,-22.538602539080838,0.0,7285.772237492363,643.3302760023076,335.8718199608612,16321.913899862118,25593.631964661898,92814.62571745912,92979.18046875,164.55475129087628,6594.1125690036615,3.5374387000825696,2.2073347015609475,262984.8360744837,233013.8237902584,476782.33891955495,476782.33891955495,0.0,351363.7233444578,230111.73156517357,262984.83607448376,0.9941641662033063,0.9883285100497432,0.9824919174417317,0.9766543755346506,0.9708155107440638,0.9649746626331328,0.9591319398157537,0.9532878921018048,0.9474429286065119,
243502.72714843752,63851.817001270494,280206.8,280206.8,0.0,255734.2,10.239705618608841,-3.424746937646196,251735.243188335,30437.84089355469,243502.7271484375,244.10000000000582,-267768.6,505.87128556078295,-22.534541497022644,-29.800000000046566,11846.169289034402,1045.8718203438236,633.3025440313111,29515.860171082255,61867.15846251858,238338.93580292346,243502.72714843752,5163.79134551406,12230.553999879277,8.017409144613465,3.158196758295407,688729.7184163113,180598.06512738217,791943.3314729661,791943.3314729661,0.0,712014.2457546518,86091.21480203886,688729.7184163114,0.968298604118546,0.93661642649704,0.9049524784485417,0.873309023524169,0.8416842711741856,0.8100781426630286,0.7784911302127556,0.7469254628750631,0.7153805508150358,152537.9310546875,39511.60515804869,166958.6,166958.6,0.0,162431.5,10.889898913807553,-3.575363133326589,157572.16553887344,19067.241381835916,152537.93105468762,82.5,-161320.0,505.9728749091045,-22.537928992882865,-17.20000000001164,7136.485211838297,630.1152446566947,348.8688845401177,18408.05045218592,38783.88680971785,149453.24034940504,152537.9310546875,3084.69070528246,8025.162032743912,8.012184237982254,3.156834152797899,431442.42174774245,111755.40992924712,472207.2519792608,472207.2519792608,0.0,445681.3154396433,53930.30271846778,431442.42174774245,0.9690462381291354,0.9381040558627441,0.9071705663814374,0.8762503401411872,0.8453419256429898,0.8144493938331268,0.7835701286967554,0.7527045916715892,0.721855439897384,
238020.29140625,85485.72587328636,277042.4,277042.4,0.0,268818.45,3.8292385324488762,-2.395585473378748,252906.04668374153,53926.472271728475,238020.29140625,30.400000000023283,-253136.1,249.9822522268785,-15.873603435320236,-74.10000000000582,15852.603461508876,1976.8739992310686,1090.8611764705895,52982.94831161376,75790.04117141341,226163.58897528212,238020.29140624998,11856.70243096785,24632.203513685676,2.1058719599235074,2.0131190078291774,673223.0484534302,233890.7933527926,783500.7947036503,783500.7947036503,0.0,712695.0092319493,151520.11662699538,673223.0484534302,0.9673337374260381,0.9346557614114932,0.9019652661775538,0.8692631832115677,0.8365486995915553,0.803825426271389,0.7710894175678147,0.7383395584932946,0.7055751048703344,146261.123828125,52280.46739804967,165889.6,165889.6,0.0,164870.3,3.953856524371279,-2.4398235681710525,155324.05999981018,33137.285867309576,146261.123828125,77.80000000001746,-163414.8,250.00064263018132,-15.874475586927204,-11.60000000000582,10233.46840888882,1276.5922368319884,662.0152941176466,32527.752933946373,46568.14985508513,138867.46436744515,146261.123828125,7393.659460679859,15241.10229657765,2.112419193258992,2.0160048187612403,413688.92993133015,142480.2826819295,469149.96974478354,469149.96974478354,0.0,437537.6117556655,92587.15793490686,413688.92993133015,0.9653645047894729,0.9307225781326653,0.8960724866982118,0.8614170010968949,0.8267533500781896,0.792084572801646,0.7574062848210713,0.7227220830956618,0.6880347055775764,
239808.32499999998,75889.29938364119,272897.1,272897.1,0.0,264993.25,5.974518481601942,-2.7947169428238916,251529.75668943333,43090.558398437475,239808.32499999995,33.70000000001164,-247705.3,249.97969517301033,-15.873482231976913,-65.0,15512.593262880602,1934.3930611303351,1073.7478431372556,50966.60150536017,77175.6297938183,226064.44255737786,239808.32499999998,13743.882442622127,20823.295306369502,2.147025305058458,2.032226213528956,678280.37116995,210700.84904452125,771403.0462056859,771403.0462056859,0.0,710252.8491336922,121704.00405168289,678280.37116995,0.9593155921451444,0.9186157030889295,0.877900182077753,0.8371693549191337,0.7964230508455306,0.7556602578163572,0.7148824182297475,0.6740909708988827,0.6332861446793716,146031.692578125,45886.55974905567,161553.8,161553.8,0.0,160500.34999999998,6.224831092585973,-2.8673863410523137,153071.32848066505,26240.06976013183,146031.69257812496,65.29999999998836,-158416.7,250.0004205998439,-15.874465063940447,-10.0,9920.478833328047,1237.5264867358742,643.2407843137257,30969.748215664276,47013.00066733218,137600.71546119577,146031.692578125,8430.977116929213,12651.478066108646,2.151181509485161,2.034083444605662,413040.0003605657,127115.55760119412,456864.8733051438,456864.8733051438,0.0,432157.8494972857,73944.45247938123,413040.0003605658,0.9567269440599002,0.9134407960694525,0.8701465950760386,0.8268441666109211,0.7835286756749136,0.7402020668893468,0.6968642170345353,0.6535170286508007,0.6101587860929933,
234191.86171875003,102515.66753373308,286376.2,286376.2,0.0,279119.5,1.3971685003788137,-1.8339058459229216,255646.80750046737,75014.5807067871,234191.86171874992,65.5,-264345.5,249.9841785666877,-15.873694756780443,-44.79999999998836,16554.457971385018,2064.565078046899,1132.6352941176472,53744.30522823122,74925.09292863685,232378.44814598878,234191.86171875,1813.413572761216,28947.715587943727,1.8635063574582524,1.8996163000218178,662394.6140801215,286640.1121693933,809946.4115433318,809946.4115433318,0.0,721754.2370272831,207490.78127968858,662394.6140801216,0.9763601200085297,0.952714039045487,0.9290626360590282,0.9054041377280087,0.8817386620087346,0.8580666026162548,0.8343885970467882,0.8107032718418595,0.787008849924462,139220.57695312498,60798.53345585043,166738.3,166738.3,0.0,165698.0,1.4339959750219027,-1.8529478507391894,151917.18374674788,44594.09105529782,139220.57695312504,66.5,-164585.1,250.0004439868975,-15.874466184599898,0.0,10306.755240741337,1285.7649181084232,666.4274509803918,31952.506540766448,44515.888181227165,138137.03841812187,139220.576953125,1083.5385350031506,17357.65566009625,1.873457458168966,1.9034466088308628,393775.2561770331,169795.2406698721,471546.9203116498,471546.9203116498,0.0,428823.24579181545,123054.76755532289,393775.2561770331,0.9750734950566915,0.950142016094235,0.9252061961024641,0.9002665774952688,0.8753240342637936,0.8503764884079323,0.8254262709389127,0.8004720046261408,0.775511015539629,
242525.10859374996,85431.95422936848,281946.4,281946.4,0.0,271489.5,4.123659615626625,-2.4540913664883672,257132.35327717735,53052.3675048829,242525.1085937499,49.09999999997672,-257810.6,249.97518027308828,-15.873268222698112,-57.79999999998836,16145.419547596823,2013.4298131487903,1113.0901960784315,53663.11167262907,77313.55141723406,229885.60519930764,242525.10859375002,12639.503394442381,24559.452796203528,2.116083965298338,2.017862232050789,685964.595578578,232875.83085139975,797407.994099332,797407.994099332,0.0,724416.0261769558,148696.2205099206,685964.5955785777,0.9660948858719309,0.9321781021698362,0.8982516644493748,0.864313709709974,0.8303639189035208,0.7964011974094828,0.7624276309459997,0.7284446106553562,0.6944510145805584,149056.180859375,52240.56729116781,168241.5,168241.5,0.0,167635.0,4.262718895342986,-2.502109525696702,157945.6296428797,32606.039562988277,149056.18085937505,72.19999999998254,-165413.0,250.00065557888507,-15.874476213287283,-5.2999999999883585,10358.601070679873,1292.2001876201434,670.1858823529416,32939.15740140607,47521.80192051722,141235.68345134758,149056.180859375,7820.497408027418,15109.3612861322,2.1210115816151394,2.0200401938025547,421594.54505373025,141850.85738593413,475747.240657915,475747.240657915,0.0,444818.64412385685,90774.51235084921,421594.54505373025,0.9642697902917471,0.9285318207866878,0.8927901437166298,0.857040369122037,0.8212854285749129,0.7855236956896149,0.749756054282633,0.7139840987310447,0.6782085363827922,
236504.048046875,86493.56470323067,276135.3,276135.3,0.0,267925.8,3.5718082850718167,-2.34567611981101,251823.9493726331,55430.63626098641,236504.04804687505,42.90000000002328,-254903.0,249.9802234494954,-15.873507331738127,-45.79999999998836,15963.202583430653,1990.7972287581692,1090.1329411764702,52934.996166521196,75229.37947540975,225191.23537065682,236504.048046875,11312.812676218153,25232.378400732432,2.0959813577136224,2.0084951644948363,668934.4646080576,238331.82425447108,780901.5408866865,780901.5408866865,0.0,710123.4937621292,155967.33684037765,668934.4646080575,0.9680562038742158,0.9361039420519945,0.9041431324934168,0.8721727991811139,0.8401937357208147,0.8082065650369774,0.7762093708452655,0.7442025118255622,0.7121859927307167,145367.19648437502,52970.47714203812,165666.0,165666.0,0.0,164819.25,3.6625457382404045,-2.3790459836285933,154717.46269371817,34070.43667602537,145367.196484375,43.10000000000582,-162391.3,250.0017400676956,-15.874527661991142,-10.0,10169.366470654431,1268.570389850061,655.9180392156862,32514.43939454984,46236.109952392435,138353.66266861247,145367.196484375,7013.53381576253,15460.408885322586,2.1011212790602745,2.0107389513044414,411160.52158471534,145638.6523201128,468521.5639483431,468521.5639483431,0.0,436192.14981408574,95612.81537102268,411160.5215847153,0.9666551024071467,0.9333043313619142,0.8999510071399219,0.8665893300713223,0.8332179624110692,0.7998421164694597,0.7664579738251898,0.7330668091022048,0.69966946703754,
141135.58417968752,134844.62375300768,280983.1,280983.1,0.0,258288.65,-1.982203958531516,-0.08600145499476208,195198.1702701945,134519.85367126323,141135.58417968758,49.600000000034925,-258026.9,505.92829098580256,-22.536443861018647,0.0,11414.925563972687,1007.7514707740817,553.3729941291584,25426.733995225124,39532.917666162895,135807.86391024126,141135.5841796875,5327.720269446236,6890.393356300478,3.098934513633279,2.125312965766385,399191.7145607275,378659.5412803292,794637.8325733555,794637.8325733555,0.0,550215.478859476,375312.2824360683,399191.7145607274,0.99433026895924,0.9886589184060813,0.9829864814467506,0.9773131335907745,0.9716386237077814,0.9659627675637695,0.9602855609532247,0.95460682558127,0.9489264677477178,86473.794921875,82513.70923683523,166517.0,166517.0,0.0,163845.6,-1.9909682056498077,-0.09365848161612797,119525.01587622351,82420.33578491207,86473.79492187497,56.90000000002328,-164285.9,505.99629537676594,-22.538709945342692,0.0,7267.600575638801,641.7428379946448,331.61506849315083,15515.993232472065,24249.747338276327,83190.94965244846,86473.794921875,3282.845269426546,3752.0380277922736,3.094458279883707,2.124447137857112,244584.82713677065,231568.95852802557,470961.7187395398,470961.7187395398,0.0,336817.33954664273,229679.04646927238,244584.82713677068,0.9941979271172882,0.9883937540531212,0.9825882763555305,0.9767818171899398,0.9709741556766572,0.9651648827794456,0.9593543689139225,0.9535423918832793,0.9477279545901137,
250474.951171875,73653.53864157363,283590.7,283590.7,0.0,270451.2,7.464957270233791,-3.0340437309702826,261079.57583652332,39136.71112060547,250474.9511718751,31.300000000046566,-254202.1,249.97574194830082,-15.873294964792166,-95.80000000001746,15919.600213852797,1985.0335963091115,1113.9243137254903,51608.63934706431,81230.34110762406,236245.93292868565,250474.951171875,14229.018243189357,19397.77386645525,2.1566714825676243,2.036656480354882,708450.1459640089,198384.2376054483,801992.2027171034,801992.2027171034,0.0,735702.3277431711,110358.48741756877,708450.1459640089,0.9537610223910644,0.9075079240420566,0.8612378286091693,0.8149496872585701,0.7686431981769181,0.722316400233306,0.6759693413087494,0.6296022608492305,0.5832142368147839,154393.34999999998,44957.37673169061,169242.8,169242.8,0.0,167267.85,7.873653175698296,-3.1410830628139594,160805.69718395444,24123.96093749999,154393.3499999999,91.19999999998254,-165280.1,249.99927476004655,-15.87441069751752,-18.39999999999418,10350.299105948014,1291.1167858515958,675.8086274509805,31698.10277552624,50108.28819494304,145532.29461493125,154393.35,8861.055385068757,11948.290088330457,2.1599192014566233,2.0381263312043547,436690.3390204323,120253.55837915919,478655.1819402056,478655.1819402056,0.0,452945.2179862704,67266.25934089527,436690.3390204322,0.9503610503773052,0.9007095935842194,0.8510493135864224,0.8013769176246737,0.751695101457701,0.7020035141436726,0.6522970096159397,0.602579241318995,0.5528534394857492,
253907.80820312502,66702.03533608477,292865.3,292865.3,0.0,267082.3,10.145436857522155,-3.40303638004084,262523.0210562328,31738.47602539065,253907.80820312473,360.0,-278840.5,505.82814991298,-22.533103449967715,-41.40000000002328,12336.258742947757,1089.109708525931,667.1181996086108,30771.00686933705,64518.55773448525,248562.32221600518,253907.80820312502,5345.485987119856,12888.428691283543,8.013380404988565,3.1571767559682797,718159.7319065721,188658.89880844223,828280.1347445805,828280.1347445805,0.0,742526.4848015413,89769.96648832149,718159.7319065721,0.9684485726999839,0.9368928501800293,0.9053322893362903,0.8737684715566526,0.8422014703245414,0.8106293895086322,0.7790519590969466,0.7474703593868262,0.7158838723168115,158875.52187499998,41095.089798437846,172710.4,172710.4,0.0,169481.8,10.967484684100858,-3.592751900237097,164104.3505108724,19859.440234374975,158875.52187500003,136.5,-171435.2,505.9647966120843,-22.53765952247181,-10.89999999999418,7583.985119614894,669.6592836271307,371.18180039138946,19172.637258638828,40391.85277601551,155661.6706314322,158875.52187499998,3213.85124356777,8443.91131328555,8.015909448331524,3.1577806659272207,449367.8355294568,116234.10844948066,488434.6455007108,488434.6455007108,0.0,464157.1065657344,56170.979441182084,449367.8355294567,0.9683036330032574,0.9366107282965758,0.9049188612715373,0.873229192059845,0.841543303707277,0.8098585362657954,0.7781724529002004,0.7464888665964138,0.714806748778053,
151143.9619140625,131522.13215825707,279905.1,279905.1,0.0,250908.45,-1.9074541496383703,-0.2689361771036968,200356.10415091828,129889.34226989749,151143.96191406253,50.5,-248878.5,505.8796989917537,-22.53482523714423,0.0,11010.54805794254,971.9518644613072,551.3230919765166,26323.333945480663,41319.98052483634,150414.65995733484,151143.9619140625,729.3019567276533,10269.328277364099,3.7090887789357314,2.2364638804155406,427499.6816193395,369385.86208256724,791496.8288959858,791496.8288959858,0.0,564979.5508610184,363056.79600657354,427499.68161933956,0.9942988233800286,0.9885939101845407,0.9828855789862109,0.9771740336313706,0.971459591312583,0.9657420060610666,0.9600213326678103,0.9542981186040356,0.9485720208100304,95938.2216796875,83280.15788695122,169394.0,169394.0,0.0,166533.45,-1.9189898014671327,-0.283658504725268,127042.2255658975,82446.90925598146,95938.22167968753,64.60000000000582,-163695.6,505.9873898955845,-22.53841309991907,0.0,7241.525521344366,639.3946821588394,336.39960861056755,16623.336437953232,26259.66153030171,95717.36908875399,95938.2216796875,220.85259093351812,6512.705470270539,3.7080289747203885,2.2375896777917834,271354.2684987412,233763.68312418985,479081.9915933298,479081.9915933298,0.0,358160.01812077453,230192.80612232062,271354.26849874115,0.9941841831178292,0.988363251590702,0.9825369640031537,0.9767053710571425,0.9708692443629859,0.9650291774522444,0.9591846224998799,0.9533352735172429,0.9474811046824247,
229239.853125,103362.65510887271,284551.8,284551.8,0.0,274998.9,1.1051070464062516,-1.7486295691889782,251465.20381938992,77010.26315917964,229239.85312499997,49.600000000034925,-258740.2,249.97526020019347,-15.873271855706282,-47.699999999953434,16203.677267486624,2020.6305574778874,1121.9976470588235,52683.45465239248,73548.72001402701,228481.73732938647,229239.853125,758.1157956135187,28755.644458956955,1.8068864216253582,1.8738003271243837,648388.2186515827,285557.99387854396,804782.9764057514,804782.9764057514,0.0,708484.7563315044,214545.0484001612,648388.2186515828,0.9776250740093834,0.9552417681169805,0.9328501621257452,0.9104510368262866,0.888043822903257,0.8656281401142891,0.8432037694050187,0.8207706096062107,0.7983304619542141,138800.95039062502,62366.94766870647,167579.8,167579.8,0.0,166784.75,1.1547891263978913,-1.776010034997099,152168.78783394422,46628.44427185065,138800.95039062508,47.5,-165255.6,250.00165171117348,-15.874523475996924,0.0,10348.732708120238,1290.9850949634772,664.8529411764707,31857.0501793282,44532.07054552805,138595.23495755915,138800.950390625,205.71543306582552,17561.261313434876,1.8148818929799813,1.8762452711318238,392588.37302539416,171801.09104141395,473965.2608586468,473965.2608586468,0.0,428533.83240736806,128954.91604882872,392588.37302539404,0.9762129026015298,0.952421160102904,0.9286219132871643,0.9048161473426067,0.8810045181672403,0.8571872354192441,0.8333639515218709,0.8095344053057413,0.7856992225303089,
252986.7380859375,66227.78837154084,293049.2,293049.2,0.0,265631.69999999995,10.328052064629349,-3.4438939986146075,261511.77717255556,31623.342260742138,252986.73808593766,190.60000000000582,-276541.1,505.88549226272187,-22.53501569772062,-54.300000000046566,12234.199060972602,1080.108207306192,652.49843444227,30642.5863337425,64283.24202985705,247625.77639111734,252986.7380859375,5360.961694820185,12773.483046073608,8.017502455915173,3.1582262958514655,715554.5522033258,187318.4465608811,828841.860371555,828841.860371555,0.0,739666.4907922244,89444.31902541572,715554.5522033259,0.9683638120164019,0.9367398148615523,0.9051277434083124,0.8735279425822479,0.8419402919089772,0.8103645373758667,0.7788006121909243,0.747250259704923,0.7157109048817021,157886.00429687498,40880.933086496436,172961.9,172961.9,0.0,168074.15000000002,10.91137876276913,-3.580082344743208,163092.73755399237,19735.750537109365,157886.004296875,86.5,-168809.5,505.97793293282615,-22.53809760435005,-20.70000000001164,7467.78499978499,659.3777850115423,361.9217221135027,19058.872793042046,40139.11386517516,154664.11827842746,157886.004296875,3221.886018447536,8370.47681350373,8.015407854962753,3.157653617695491,446569.05717107485,115628.49860125304,489099.9622711293,489099.9622711293,0.0,461295.86223100114,55821.13214638437,446569.05717107496,0.9686491550178329,0.9373087401813837,0.9059804465878172,0.874665612527224,0.843360173873284,0.812064843626578,0.7807807110610743,0.749509413228516,0.7182482802431976,
144937.3578125,144990.40043146463,296902.8,296902.8,0.0,140621.65,-1.9970805201811772,0.0021924816436917254,205009.8873394772,144937.35781250006,144937.35781250006,62.100000000034925,-281243.3,505.9661539849131,-22.5377053733399,0.0,12441.713574955536,1098.5066325573239,589.5273972602738,24685.215644647058,42288.998349046815,144840.19374528396,144937.3578125,97.16406721603936,8335.854001087608,2.5882234586923625,1.9888220274244128,409944.7542259192,410094.4738694677,839657.0585898033,839657.0585898033,0.0,579855.3086896979,409944.75422591984,409944.7542259192,0.9943208683211229,0.9886372649804733,0.9829491442768623,0.9772565186858507,0.9715586043212917,0.9658558655681686,0.9601481023778978,0.954435646479295,0.9487186217116859,87051.064453125,87075.17949818018,178691.1,178691.1,0.0,85270.9,-1.9977633891879234,0.001666478931450401,123125.84906128536,87051.064453125,87051.06445312506,189.29999999998836,-172147.5,505.94719557106623,-22.53707268210957,0.0,7615.562158196993,672.4608951405758,366.79804305283767,14780.093283033862,25428.17682091601,87030.81318729697,87051.064453125,20.25126582803137,4929.470814309434,2.5820858775766,1.9882940622893213,246217.59193724766,246285.53211128077,505362.9586190121,505362.9586190121,0.0,348252.30208386807,246217.59193724766,246217.5919372477,0.994309038552206,0.9886130764418418,0.9829115215219967,0.9772042945860986,0.9714913320251894,0.965772693062379,0.9600475380778347,0.9543164671771488,0.9485789574968936,
216232.16015625,97492.25561521646,268551.9,268551.9,0.0,259573.85,1.1058390420741029,-1.7490819475199735,237194.1967898474,72640.4913024902,216232.16015624994,52.0,-243661.9,249.97116943756933,-15.873077904333543,-42.79999999998836,15259.451800432593,1902.8821437908541,1061.9082352941177,49695.05281182071,69376.35623807229,215469.7655656332,216232.16015625,762.3945906168084,27022.608810946593,1.8064156078781348,1.873724435948173,611596.9070284,269357.441424356,759419.0358334754,759419.0358334754,0.0,668284.5261843047,202409.35782290084,611596.9070283999,0.9776749973165753,0.9553388705354298,0.932991615404682,0.9106335638144194,0.8882654585014561,0.8658874649763239,0.843498311632012,0.82109870994714,0.7986902979842574,132175.876953125,59405.6246140252,161330.0,161330.0,0.0,157709.75,1.1510998106589891,-1.7739103806706362,144912.01014446697,44402.833663940444,132175.87695312497,160.89999999999418,-159654.7,249.9928721696052,-15.874106922721298,3.7000000000116415,9998.078643668512,1247.3582837370284,656.1619607843132,30337.914580553268,42406.01791287853,131998.3520573883,132175.876953125,177.5248957366799,16679.874803138766,1.8149911223170703,1.8761197637700653,373849.8356113336,163511.43571671523,456231.12885250535,456231.12885250535,0.0,408043.7344167445,122538.75451731028,373849.8356113336,0.975876698976585,0.9517399327899695,0.9275910393696001,0.9034280596472247,0.8792531993890268,0.8550663718670999,0.8308664620025663,0.8066558868384892,0.7824323039093712,
229741.2677734375,61157.87041746092,271182.6,271182.6,0.0,239910.3,9.487546594969631,-3.245459738678739,237742.16124226953,29484.89304504398,229741.2677734374,267.1000000000058,-235949.7,505.8417756557359,-22.533557843195005,-74.60000000000582,10438.828152516406,921.4169254866507,574.2454011741683,28000.41453485375,58339.991117996804,224954.38423233727,229741.2677734375,4786.883541100219,12513.007388689197,8.007565441633867,3.155622127945932,649806.4334439684,172977.98889748793,766923.1711934784,766923.1711934784,0.0,672435.7111190556,83385.19804649214,649806.4334439685,0.9712650473628093,0.942554666707582,0.9138682292025511,0.8852057615017364,0.8565683250901104,0.8279557742977488,0.7993685800658413,0.770806290273711,0.7422705924100818,145930.848828125,38053.243686209324,161846.0,161846.0,0.0,157183.45,10.528600729727616,-3.4956216594464524,150810.68262805228,18241.356103515627,145930.8488281249,80.0,-149286.2,505.94025245193893,-22.536841402474074,-12.5,6604.262341676836,583.0692345694156,336.5248532289629,17626.173078914617,37109.054522959676,143022.43704925475,145930.848828125,2908.4117788702474,7651.530099589968,8.001068323556325,3.1540172092543064,412754.7711627046,107630.23921019858,457728.4628170069,457728.4628170069,0.0,426556.87722743524,51594.34639533807,412754.77116270456,0.9704841622352142,0.9409766248701922,0.9114760511904414,0.8819850845158625,0.8525024524674008,0.8230282112773952,0.79356320866618,0.7641071708071682,0.7346601236059905,
277399.23945312505,50994.72005570817,298614.5,298614.5,0.0,286878.3,24.374158318178345,-5.002885482492646,282047.5128816636,20232.0550628662,277399.2394531251,53.399999999965075,-270654.7,249.96727919453974,-15.872893688902478,-52.40000000002328,16949.969120679838,2113.6637262591357,1179.759215686275,47604.98044522976,93822.28225965341,268991.5785775614,277399.239453125,8407.66087556359,8839.207972702985,2.1648345912629683,2.0404087983355597,784603.5332531824,144230.39387543994,844564.5210725941,844564.5210725941,0.0,797750.030342113,57224.65776213843,784603.5332531823,0.8869075490188928,0.7737856186218479,0.6606269012043235,0.5474354503726433,0.4342151945852392,0.3209707598823764,0.20769568077821798,0.09438586203696414,0.09382326906049385,165504.523828125,29729.895341207623,171808.5,171808.5,0.0,170700.7,27.0145193223908,-5.385604081956157,168153.54318174077,10344.032739257811,165504.523828125,112.70000000001164,-170685.8,249.999763545713,-15.874433891873178,-0.5999999999767169,10688.80332275183,1333.4643229527085,689.7843137254904,28120.500750236904,56086.93243766895,160485.69829950723,165504.52382812498,5018.825528617753,5238.2974776357605,2.1666201121099364,2.0412200714666286,468117.484463671,84088.6363203572,485901.43545711,485901.43545711,0.0,475610.0062223381,29257.342778979444,468117.484463671,0.8750346225444069,0.7500687206280064,0.6250899611739705,0.5001155204410785,0.37513235039146725,0.25015783190340846,0.12517661233842498,0.00019353072507187962,4.302163235760147e-05,
245080.01171875,77663.19819872318,280268.0,280268.0,0.0,267672.85,5.927864991491861,-2.780447382894742,257091.00431270784,44037.81460571286,245080.01171875,44.29999999998836,-253165.5,249.96510641452093,-15.872790778034933,-49.5,15854.782867336662,1977.0137331795463,1104.4145098039214,52122.76129429503,78855.11352813385,231040.0414364005,245080.01171875,14039.97028234949,21530.187429623187,2.147624638835449,2.032476416856474,693190.9528784268,215635.77619135517,792680.2428049797,792680.2428049797,0.0,725956.2556560481,124379.08360806495,693190.9528784268,0.959408791964188,0.918796582568561,0.8781629522608917,0.8375075476498495,0.7968300617982483,0.7561327539524387,0.7154128618171385,0.6746709880892291,0.633905093697798,151932.39765625,47742.39197103239,168184.1,168184.1,0.0,167037.4,6.223563104821162,-2.8670156094757595,159256.99183612815,27300.352703857414,151932.39765625002,162.39999999999418,-165526.0,249.99146292943985,-15.87404001791135,-16.79999999998836,10365.768869026477,1293.1098039215685,686.2192156862751,32223.187826354133,48911.61959370928,143183.62493819295,151932.39765625002,8748.772718057075,13186.591192181237,2.15126485559163,2.0341142017473355,429729.71465866204,132232.3503851109,475640.96250870277,475640.96250870277,0.0,449614.3037637769,76916.67909029027,429729.71465866204,0.9565500647497629,0.9130807782293557,0.8695914896785961,0.8260811650067745,0.7825529601490627,0.7390060013876337,0.6954393567055072,0.6518528238835606,0.6082438160742113,
165388.64648437497,129577.2818461863,283233.5,283233.5,0.0,254221.15,-1.7432874362192046,-0.4802104636109434,210103.96558984686,125333.58366394039,165388.646484375,40.399999999965075,-248142.1,505.89723081003416,-22.535408734554498,0.0,10977.9182077098,969.0457481397534,557.678082191781,27759.107421919496,44253.560838314865,164089.34907837087,165388.646484375,1299.2974060041283,10678.339171186042,4.369034223844435,2.3573647001977664,467789.733841465,364522.7311812326,801042.9472186995,801042.9472186995,0.0,593046.4203039202,350842.3003810986,467789.733841465,0.9940428964203565,0.9880833020322698,0.9821214418807832,0.9761566456104099,0.9701889996663107,0.9642177172037978,0.9582433461099821,0.9522658638802574,0.9462847433837447,101895.51445312498,79601.2235087675,166019.1,166019.1,0.0,162886.7,-1.7503889665753527,-0.4981495451251693,129302.16800100364,77217.69454650892,101895.51445312506,85.30000000001746,-157978.4,505.9780819250368,-22.538102778283932,0.0,6988.646464605339,617.0507450568847,331.8066536203521,16955.385311053575,27334.002515871787,101249.49545022221,101895.514453125,646.0190029027937,6455.314784764861,4.351601385385327,2.3566484474061813,288204.0369691863,223838.98243196646,469481.2846271085,469481.2846271085,0.0,364918.42510554916,216153.02772688985,288204.0369691863,0.9939490826951111,0.9878926424826158,0.981830989700475,0.975763383351116,0.9696909750361703,0.9636133044734947,0.9575301506086181,0.9514421029680894,0.9453489551223648,
244857.76738281248,63907.51762582557,274671.2,274671.2,0.0,259566.34999999998,10.481935512075353,-3.4832360248089795,253060.26368592665,30607.22092285151,244857.76738281222,306.6000000000058,-271524.8,505.8721781776772,-22.53457180219119,0.0,12012.315299404574,1060.61991873499,632.1528375733857,29592.338786273653,62244.63042652134,239718.1320685457,244857.76738281248,5139.635314266793,12373.713883776092,8.011962136151766,3.1568251187959464,692562.35097034,180755.63507354126,776664.9459625464,776664.9459625464,0.0,715761.9783087138,86570.2938712925,692562.35097034,0.9678288498095746,0.9356545779212855,0.9034801378919122,0.8713045902782688,0.8391308435915213,0.8069573679651497,0.7747846887517775,0.7426140608267703,0.7104446434937995,151904.056640625,39263.625002440866,164560.1,164560.1,0.0,162313.25,11.007141941961084,-3.601551645550767,156896.38196023044,18988.007080078125,151904.05664062497,134.0,-163634.7,505.974522659257,-22.53798383750334,-9.10000000000582,7238.870445501251,639.1901133957057,348.62798434442294,18324.59825245259,38621.86035823048,148831.93054587778,151904.056640625,3072.1260947472315,7952.228472799724,8.015401830035913,3.157649842958899,429649.55416132545,111054.04354339892,465402.6573578855,465402.6573578855,0.0,443769.91783847276,53706.1942701657,429649.55416132545,0.9683226863539502,0.9366418775870086,0.9049616230017477,0.8732813907429545,0.841604132417498,0.8099254827148481,0.7782519728666343,0.7465807250602727,0.7149114516416409,
227548.814453125,78583.30860982067,268585.5,268585.5,0.0,248375.45,4.435628211282743,-2.5130606735167795,240735.95359042037,47998.57804870607,227548.81445312494,490.0,-268585.5,249.9676823156567,-15.872911444772573,76.5,16820.252122685495,2098.8926843521735,1167.672549019608,50041.21954726766,72598.72256344,214963.57953433035,227548.814453125,12585.23491879466,22927.28607138868,2.133134751698339,2.02562850346787,643605.2390030569,212554.60072371154,757922.6564631283,757922.6564631283,0.0,677795.811407092,131243.02175173085,643605.2390030568,0.9606594795942043,0.921328856904244,0.882008707920873,0.8426973775038681,0.8033956990496309,0.7641042406899902,0.7248203949946171,0.6855473478414804,0.6462825537139832,140827.323046875,48385.07121302104,159873.1,159873.1,0.0,157541.5,4.58200544647547,-2.5631007653606446,148907.5217470159,29705.76345520021,140827.32304687492,93.40000000002328,-159814.2,249.98840763733185,-15.873895350341309,0.0,10008.106394786806,1248.5274248366006,673.2003921568628,30916.148956646695,44950.15501181839,133036.4449595504,140827.32304687498,7790.878087324573,14022.564726761151,2.134094373012852,2.026078755795483,398319.8204111756,131274.80447888732,451923.7171842294,451923.7171842294,0.0,419394.5083371518,81927.49834929689,398319.8204111756,0.9618434071188076,0.9236891713500333,0.8855420093034735,0.8474017040658013,0.8092695852090358,0.7711461817392786,0.7330291880368227,0.6949218156348137,0.6568186284267868,
251827.83828124998,71590.72781839503,278906.6,278906.6,0.0,272120.9,8.372677616087584,-3.2031336891175144,261806.2116203031,37380.69474487304,251827.83828125003,12.599999999976717,-260731.1,249.99225496677278,-15.874077872123477,-37.5,16327.95865781914,2036.3713617839271,1094.6431372549002,51147.03587556164,81956.87805414043,237762.85628891937,251827.83828124998,14064.981992330595,18456.135709024984,2.160002079240531,2.0381790853717674,712276.6885608846,192400.0619744561,788652.8807773927,788652.8807773927,0.0,737804.7607023377,104743.58649012749,712276.6885608846,0.9496463033812274,0.899289246920807,0.8489295359992209,0.7985679360367611,0.7482033328180034,0.6978333449272521,0.6474613343616676,0.5970874800080263,0.5467106926796317,151777.42734374997,42979.0877679941,165113.2,165113.2,0.0,164005.75,8.548913936697033,-3.247424114018793,157745.33094978204,22529.461871337928,151777.4273437499,50.60000000000582,-162386.8,250.0013404609539,-15.874508710489973,-9.699999999982538,10169.087500494126,1268.5435078815829,656.3058823529409,30777.517252122318,49411.44484562799,143213.205255335,151777.42734375002,8564.22208841502,11150.238327459165,2.1616007204055157,2.038905457117826,429291.39242325665,115033.1889744422,466812.2040155027,466812.2040155027,0.0,444436.42309595674,62551.504586317125,429291.3924232567,0.9475728743990828,0.8951452770464193,0.8427223564588925,0.7903023998545015,0.7378790866173762,0.6854540184072879,0.6330264003933392,0.5805962593254591,0.5281665218464994,
255949.425390625,73195.37795925254,287858.2,287858.2,0.0,275995.9,8.111479537592794,-3.137175733887475,266209.826476013,37992.49283142094,255949.42539062502,42.79999999998836,-259867.4,249.97443488029072,-15.873232818829988,-85.19999999995343,16274.331064411785,2029.370343713959,1135.0576470588235,52101.564615745694,83257.3652676696,241643.74566970236,255949.42539062502,14305.679720922679,18773.37027263113,2.158404669229941,2.037459324686615,723934.2973380452,197227.81911147464,814128.6653113377,814128.6653113377,0.0,750319.7181827208,107012.68531466874,723934.2973380451,0.9511613303038344,0.9023061797400236,0.8534347074943176,0.8045466299891382,0.7556408537818045,0.7067169309770582,0.6577736748313643,0.6088122869198151,0.5598326907836297,151147.294921875,42807.94268911671,164435.5,164435.5,0.0,163754.75,8.541203919327955,-3.245483621846493,157092.40821718588,22435.926589965828,151147.2949218751,33.39999999999418,-161045.7,250.00200221680743,-15.874540098809817,-7.7999999999883585,10085.097616948116,1258.067872356787,649.2635294117648,30661.08701197209,49202.82826454391,142642.63110233477,151147.294921875,8504.663819540228,11084.097303004848,2.1611600364655033,2.0387048658843923,427509.10878904344,114628.36809694851,465048.71505856246,465048.71505856246,0.0,442610.1002803389,62360.02718247164,427509.1087890433,0.9478396418670284,0.8956703964283818,0.8434954047532469,0.7913134373559317,0.7391216438277037,0.6869213940147092,0.6347131155900638,0.5824973214493131,0.5302756169599058,
241745.77753906252,63228.73739725289,276956.7,276956.7,0.0,255457.65000000002,10.37255529700212,-3.456302566992823,249877.75849566257,30218.222192382844,241745.77753906258,305.69999999998254,-266019.4,505.8767726972517,-22.53472410467368,-56.80000000001746,11768.74594170805,1039.0530259917844,629.0043052837577,29260.24236133541,61435.68506865762,236626.00186662722,241745.77753906252,5119.7756724352985,12131.23622592085,8.015579818390338,3.1577395909497894,683760.3144843428,178835.83411175123,783295.2387623594,783295.2387623594,0.0,706760.5133467583,85470.03931054281,683760.3144843427,0.968139013519843,0.9362836328577787,0.9044355580499291,0.8725926319026673,0.8407559675032461,0.8089229493086716,0.7770952303890344,0.7452731908952056,0.713456276518459,148282.98066406252,38377.8076242378,162184.8,162184.8,0.0,157616.0,10.935240446940465,-3.5853443936890734,153168.85607936655,18535.372583007815,148282.98066406252,72.20000000001164,-157637.1,505.9836596272963,-22.538288608675575,-13.200000000011642,6973.522324879793,615.7348202557431,334.1622309197649,17894.52196791862,37700.33966302539,145272.97289883604,148282.9806640625,3010.0077652264526,7809.35255049467,8.014149261175433,3.157327999481768,419407.6046484493,108548.65951766119,458675.7030610844,458675.7030610844,0.0,433226.9039660754,52425.95058105617,419407.60464844934,0.968821517860822,0.9376477566040112,0.9064817504473212,0.8753207694482791,0.8441669293442937,0.8130203384941704,0.7818764186747615,0.7507365930441489,0.7195991482606963,
234387.5822265625,84489.95736623253,284223.5,284223.5,0.0,257498.6,3.738856672782245,-2.359510969732227,249150.74071284922,53103.43659820565,234387.5822265627,201.70000000001164,-261412.6,505.912377906612,-22.53591216888718,-43.29999999998836,11564.800673605872,1020.9704665653092,596.8238747553814,30236.799700940923,59677.98986792085,233683.8790257991,234387.5822265625,703.7032007633717,12473.331356236375,7.5518872836697195,3.0382183717069444,662948.1952732876,235609.68138529197,803798.8605430351,803798.8605430351,0.0,703571.0565242063,148438.525525313,662948.1952732874,0.98280605993701,0.9656241328304992,0.9484525405474759,0.93129155737423,0.9141415868254853,0.8970030550920304,0.879874941554032,0.8627576254600164,0.8456526968524574,143337.2765625,51292.91440796449,165138.0,165138.0,0.0,160630.55,3.9244065504870216,-2.4292230171606515,152238.42458728145,32474.85172119149,143337.2765625,57.79999999998836,-158649.4,505.9940733903771,-22.538635850575403,-12.799999999988358,7018.273320531409,619.6756783253747,328.5663405088063,18394.566564544602,36531.30371107888,142962.85354112933,143337.2765625,374.4230213706659,7270.121443995882,7.543004048460576,3.0362383388740852,405419.04101662146,143033.94018406054,467052.54961042805,467052.54961042805,0.0,429910.81268492696,90846.04200225156,405419.0410166215,0.9828622728678358,0.9657308761503993,0.9486045939108542,0.9314830267228406,0.9143668526357847,0.8972570638213633,0.8801519805258211,0.8630512927581988,0.8459551338566405,
222376.538671875,78031.70893439297,260955.2,260955.2,0.0,247783.1,4.229749376295366,-2.4903772435283615,235669.83801688693,48644.867834472694,222376.53867187494,200.70000000001164,-260955.2,249.9826404616871,-15.873621613301003,0.0,16342.031235607423,2038.9643675509435,1114.5654901960784,49180.96806427378,70850.91289041334,210333.77467693694,222376.53867187497,12042.763994938017,23264.31098425973,2.129083333157949,2.023693868881728,628975.8338867014,210862.4705341202,734542.5950072638,734542.5950072638,0.0,663380.4195883566,134200.2699213301,628975.8338867015,0.9620166186704167,0.9240613426360806,0.8861318503335336,0.8482287726233189,0.8103545101762011,0.7725069575435658,0.734686931294492,0.6968947056149251,0.6591316877737735,139488.003515625,48897.09522752008,158771.8,158771.8,0.0,156542.25,4.257115268641245,-2.500155644269778,147810.11144865624,30513.000769043003,139488.00351562494,69.70000000001164,-158063.8,249.99709058232287,-15.874307111224784,-11.799999999988358,9898.406203999335,1234.8326705113384,649.7937254901959,30835.059486127517,44456.055990721434,132063.82368778848,139488.003515625,7424.179827836512,14399.97828480964,2.1256336643037326,2.022117794072199,394531.65272028575,132542.4725209304,448845.4338783509,448845.4338783509,0.0,416200.35081696144,84669.35516422047,394531.65272028575,0.9633924580803507,0.9268015813403968,0.890223614389653,0.8536584766078632,0.8171113373420072,0.7805793756615198,0.7440626383491853,0.7075622736999843,0.6710778209134811,
244215.9046875,82704.91709498072,281405.8,281405.8,0.0,273907.55000000005,4.741218565177176,-2.568253585177404,257840.08884194432,49606.35563964839,244215.90468750018,38.5,-252734.4,249.97505539373165,-15.873262080282439,-92.39999999999418,15827.68259050839,1973.5863006535951,1107.865098039216,53280.24294076603,78108.04803656276,230890.31774456202,244215.9046875,13325.586942937978,23254.900505177207,2.1288284939106052,2.0238490823693134,690746.8891125554,227421.60030041964,795858.8292077694,795858.8292077694,0.0,727222.0081253569,139150.56346389613,690746.8891125553,0.9643418931833937,0.9286690469813981,0.8929799040023123,0.8572746827466434,0.8215528089530484,0.7858140390248513,0.750058730344361,0.7142862278675834,0.6784949514682014,146948.593359375,49416.90271256427,164511.9,164511.9,0.0,164021.85,4.953058639613573,-2.6360417230769113,155035.21975345473,29848.93302612309,146948.59335937508,24.39999999999418,-161091.8,250.00237687111988,-15.874557869486999,-10.0,10087.98370348235,1258.4084951941586,648.5952941176467,32004.83778964434,47003.444499317055,138800.79719909636,146948.593359375,8147.796160278651,14088.23493299241,2.1359452198918527,2.027005490207494,415633.38740095415,135346.46733031384,465260.3874735108,465260.3874735108,0.0,437115.2925043774,82540.5124198488,415633.38740095415,0.9617303982774079,0.9234505202266834,0.8851648656079956,0.8468726122699259,0.808571221820888,0.7702668585085379,0.7319562997234039,0.6936425034261298,0.6553223709852967,
