82706.8310546875,78934.45935735051,161417.2,161417.2,0.0,153110.40000000002,-1.9896742377201515,-0.09251061271234406,114328.77493066144,78829.94834899902,82706.83105468754,152.20000000001164,-152796.2,505.933478774712,-22.53661564762892,0.0,6759.548732029745,596.8005200654154,332.7465753424658,14820.260673972949,23208.660998469353,79575.90624590007,82706.8310546875,3130.9248087874325,3633.748650123399,3.0879086034570973,2.1232690706955397,233930.24435687874,221619.2667410511,456377.32317951566,456377.32317951566,0.0,322239.7533137557,219865.49109149547,233930.24435687877,0.994325089211774,0.9886483335401525,0.9829706281853784,0.9772922090412801,0.9716132662810973,0.9659326553533877,0.9602510457036486,0.9545685663511732,0.948884956375866,114343.364453125,109108.50061351982,220772.6,220772.6,0.0,215896.1,-1.9908736538819571,-0.09357539583318762,158047.68236386962,108983.5192443837,114343.36445312496,87.89999999999418,-216360.8,505.9848387786656,-22.538328035431928,0.0,9571.32251515533,845.1223471111157,446.5686888454012,20562.491788117797,32032.50997848553,109971.16756601627,114343.364453125,4372.196887108735,5060.921918061651,3.1033043772756184,2.1261402032614494,323411.87355395814,306226.94627280365,624139.3616101787,624139.3616101787,0.0,445387.6767258474,303745.20859851106,323411.8735539581,0.9941581455869012,0.9883177807035011,0.9824783070322671,0.9766406417934599,0.9708041028851885,0.9649687673675404,0.9591348145382053,0.9533023615708206,0.947472115886236,
117327.76171875,42965.175792817085,139551.8,139551.8,0.0,128952.55,3.540264141338148,-2.3330575559717937,124947.22886418668,27498.694152832035,117327.76171874988,45.69999999999709,-128820.7,249.96055359906188,-15.872575870819079,-21.19999999999709,8067.519634070787,1006.0661806997307,553.6462745098041,26297.946803875584,37289.60500123905,111583.71986628977,117327.76171875,5744.041852460225,12639.037116046098,2.103925831567542,2.0119728816980307,331853.0237310702,118279.96709583528,394655.4218186434,394655.4218186434,0.0,352301.83078667946,77271.07948984622,331853.0237310702,0.9673531364776592,0.9347142021783055,0.9020813409778291,0.8694551000621308,0.8368372677698839,0.804226053484635,0.771624189213498,0.7390297371632188,0.7064414462150368,175888.291796875,64115.91530353786,202759.4,202759.4,0.0,197785.35,3.6532696706528833,-2.375561344940034,187209.88698899708,41223.81838989254,175888.29179687516,27.70000000001164,-197298.7,250.00167910009517,-15.874524777414425,-17.39999999999418,12355.369919872977,1541.2045151864681,798.3682352941175,39356.140179517846,55929.253804826316,167365.23184480838,175888.29179687498,8523.059952066613,18895.776115765537,2.103926150150433,2.0119742681221418,497487.21544355416,176244.75303400873,573454.018245405,573454.018245405,0.0,527783.8028035722,115652.70216148983,497487.21544355416,0.9664637200449736,0.9329300863718284,0.8993976047551738,0.8658676697283174,0.8323407558483146,0.7988169074845526,0.7652965002192499,0.731777438384894,0.6982628616362829,
84833.937890625,56730.281895166445,128251.9,128251.9,0.0,119999.5,-1.3145600585404902,-0.8225313030481579,102054.50456464656,52358.44604187045,84833.93789062503,121.59999999999127,-128251.9,505.9146198968224,-22.535987639642975,5.80000000000291,5673.7791451488165,501.01473263353347,287.22641878669276,13393.340263284239,22209.151066546612,83774.3013698192,84833.937890625,1059.6365208058148,3460.875740425158,5.30104932349467,2.533837346230055,239946.61102887738,159251.9337869058,361960.85486624285,361960.85486624285,0.0,287985.33740298724,147133.40196646182,239946.61102887747,0.9923595048927788,0.9847231614505109,0.9770891469953048,0.9694578296886646,0.9618287210702173,0.9542031420454834,0.946579965016257,0.9389600060079547,0.9313439665791007,127077.08027343749,85187.82577081776,202069.5,202069.5,0.0,178097.65000000002,-1.3161341184772466,-0.8060846291164745,152988.725043321,78430.38548126206,127077.08027343743,316.0,-202069.5,505.88911038187643,-22.53513504268375,11.699999999982538,8939.6359756701,789.506548305199,460.9275929549902,20145.450721406083,33235.193140101714,125458.63403811798,127077.08027343749,1618.4462353195104,5254.511827711705,5.3069613257744805,2.5340600339126502,359428.2607789397,238953.44267854688,570134.7529484982,570134.7529484982,0.0,431610.2668084983,220178.63269080012,359428.2607789396,0.9919665996040415,0.9839369620117095,0.9759103670487086,0.9678865700540735,0.9598659419703678,0.9518485171205647,0.9438340384446089,0.9358227634512036,0.9278157197977394,
114466.50488281249,30039.490718072564,128264.5,128264.5,0.0,123791.9,10.191906330588905,-3.4218673199565033,118342.51874405956,14813.113397979741,114466.50488281257,156.5,-125307.3,505.93976085010377,-22.536824761301666,27.0,5543.489278084938,489.5732805863937,283.6904109589041,13835.722133968819,29112.60522016711,112241.7659081089,114466.5048828125,2224.738974703606,5843.885690552066,7.989844958917676,3.151172903608288,323760.16728543915,84963.9167898342,362737.2227566466,362737.2227566466,0.0,334723.0393578629,41896.43282461583,323760.1672854392,0.9688238601526896,0.9376469234858976,0.9064687502497286,0.8752863641134027,0.8441028386635615,0.8129160448977021,0.7817266720979298,0.7505343830574943,0.7193394343450843,149386.25546875,40012.98814393312,169727.6,169727.6,0.0,163846.85,9.168848486871862,-3.1989110689045477,154652.16630613737,22020.706805419934,149386.2554687501,274.70000000001164,-167405.3,505.8924223846759,-22.535245481591318,30.79999999998836,7406.155053602639,654.1278173720241,392.05949119373764,18128.448967289376,37992.92541934936,146498.97407660572,149386.25546875,2887.281392144276,7486.173050642013,7.967179424396756,3.1455406432015347,422528.1370320765,113172.23637853528,480018.97878908017,480018.97878908017,0.0,437421.9720941282,62280.39010988128,422528.1370320764,0.9692472742447634,0.9384906716336577,0.90773245813491,0.8769692506531249,0.8462048366420372,0.815438852252899,0.7846707808454819,0.7539016103094577,0.7231295207421056,
105185.98984375,27455.178746613372,118468.9,118468.9,0.0,111222.1,10.478147993831794,-3.482747098980265,108710.0699080723,13148.24873046875,105185.98984375001,232.1999999999971,-118468.9,249.93368295716903,-15.871298556973167,4.30000000000291,7419.373238792466,925.7364152249127,533.1360784313723,20503.02537524177,34573.819994776364,99583.36305275692,105185.98984375,5602.626790993071,6686.2960849639685,2.1655111361617942,2.040708389022964,297510.9068173398,77652.72971516986,334160.7042765203,334160.7042765203,0.0,307477.9440992363,37188.86335216747,297510.9068173399,0.9348555222594451,0.8697591494794465,0.8047102249723505,0.739705293011418,0.6747536912263028,0.6098529622386798,0.5449924289296554,0.4801707666550419,0.4153894039307105,138893.47421875,36524.37931676005,161094.7,161094.7,0.0,143790.35,10.092793854272003,-3.391488132611005,143615.55439794518,17361.684277343753,138893.47421874988,276.3999999999942,-161094.7,249.95238012396982,-15.87218596577213,74.89999999999418,10088.879678103754,1259.0613579392514,728.552549019608,27134.666537950754,45628.890535485305,131454.4718639444,138893.47421875002,7439.002354805632,8718.61781209555,2.1652166714607857,2.040573949109834,392850.0699305482,103303.53191256111,454313.52597260557,454313.52597260557,0.0,406205.3632709029,49106.258741318554,392850.0699305481,0.9337183503476134,0.8674909096426233,0.8013191672272479,0.7351973100856403,0.6691286392915174,0.6031131337323107,0.5371462891929212,0.4712254179699034,0.405349797379231,
93945.658984375,47445.70542254223,120084.4,120084.4,0.0,116836.15,0.17502137770573345,-1.4735001072409903,105246.76624510196,38165.423962402325,93945.65898437504,17.5,-116108.9,250.000517679927,-15.87446970285596,-12.0,7271.06260393575,906.9645551710868,471.9725490196082,22236.177626542154,30163.700742004978,93544.32750313668,93945.65898437501,401.33148123833143,11738.284062207,1.6381906882559125,1.8015896193067944,265718.4501235619,131018.58819465285,339412.66918310523,339412.66918310523,0.0,296263.6751081507,105987.40465063715,265718.45012356195,0.9800527193034494,0.9601049571502878,0.9401548695959098,0.9202014530928151,0.9002462762023722,0.8802889385833269,0.8603312700714992,0.8403714274136228,0.8204082060612309,126550.914453125,63914.72431500882,161915.7,161915.7,0.0,157697.40000000002,0.17466946770856406,-1.4732399255524276,141775.2655902493,51411.308996581945,126550.91445312498,1.8999999999941792,-155673.4,250.00244158250672,-15.87456093807226,-25.70000000001164,9748.691656573264,1215.9877370242189,634.9800000000001,29948.84470064527,40637.742801536035,126020.70256509096,126550.91445312499,530.2118880340327,15858.52548514906,1.6367560873740112,1.801070787490876,357940.0391006535,176537.32670042236,457656.3732806649,457656.3732806649,0.0,399107.1276110074,142836.16220877206,357940.0391006534,0.9801583060447809,0.9603147029610326,0.940469172167681,0.920619377884069,0.9007668907066916,0.8809115236744215,0.8610545260416369,0.841192229200347,0.8213253916278791,
81636.805859375,54546.17915996877,120345.1,120345.1,0.0,117465.75,-1.3133237377015738,-0.8279831655587471,98182.75679503349,50385.21611633315,81636.80585937499,86.80000000000291,-120345.1,249.99624966845994,-15.874267196380673,0.0,7536.364225305901,940.2475078815829,493.02666666666676,21408.316624707262,26279.307280542456,78786.44401660809,81636.80585937499,2850.3618427669057,7543.7968448997335,1.0411743733689915,1.5773722343437755,230903.756070295,152990.9467191697,339891.026920578,339891.026920578,0.0,276988.76212835446,141655.57140979145,230903.75607029506,0.9852398204829154,0.9704870424929736,0.9557400047550412,0.9409987759717671,0.9262641038453409,0.9115353951686176,0.896812281532747,0.8820972610753265,0.8673897325255688,112335.511328125,75054.86874172917,164714.3,164714.3,0.0,161764.1,-1.3132784150862435,-0.8282330546271143,135101.8150403224,69332.07339782719,112335.51132812489,108.30000000001746,-164714.3,249.99680235356558,-15.874293423045385,0.0,10314.883241993617,1286.850017685497,674.5705882352939,29456.25964798316,36163.24376182262,108412.71052865099,112335.511328125,3922.8007994740087,10376.989830697303,1.0408195816476873,1.5772891700815364,317732.8073127017,210532.53437842833,465363.62506356393,465363.62506356393,0.0,381153.6237196422,194943.29836767627,317732.8073127017,0.9853125939309477,0.9706324700500082,0.9559567015814929,0.9412853271357188,0.9266196196737954,0.9119585991902661,0.8973028879134695,0.8826525593801329,0.8680084552614484,
97517.00273437501,24627.248346419125,109579.4,109579.4,0.0,101713.85,11.418506056436055,-3.605330647838385,100578.66167041748,11427.773757934565,97517.00273437506,185.5,-109579.4,249.97296446565082,-15.87316215475401,28.0,6862.4378342896625,856.3662775855449,474.7772549019607,18763.503912703476,32153.117684763445,92559.14999803879,97517.00273437501,4957.852736336229,5860.793171617589,2.1654276101046674,2.0406711730962965,275819.7356578547,67256.98085229631,309621.2705422223,309621.2705422223,0.0,283901.4407355746,32056.081431658302,275819.73565785476,0.9306822001189744,0.8613781414824132,0.7920848582306647,0.7227950722245444,0.653515996515026,0.5842511643906427,0.5149981500694337,0.44575665176323204,0.37653038921248955,134560.81484375,34784.96189870656,157862.5,157862.5,0.0,137308.7,10.160849384929069,-3.322889717459298,138984.19502126292,16354.496582031257,134560.81484375003,333.0999999999767,-157862.5,249.9485795914091,-15.8720051742015,75.09999999997672,9886.707045808886,1234.007335640139,718.145882352941,26088.27658829514,44288.78899917791,127625.00946775236,134560.81484375,6935.8053759976465,8145.809432374924,2.16453385444627,2.0402621414194937,380595.45863201236,94856.33790314234,446051.4782091876,446051.4782091876,0.0,392237.9736482776,45741.88831817958,380595.45863201236,0.930539122851205,0.8610788926197591,0.7916166245030614,0.7221533019637701,0.6526945547892464,0.5832439392161615,0.5138003088526794,0.44436422933120917,0.3749360657881178,
51606.0365234375,49318.36589160529,106081.3,106081.3,0.0,94044.5,-1.979918995828402,-0.084337163323628,71382.6604987277,49187.003561401776,51606.03652343748,128.6999999999971,-106081.3,505.9163111404886,-22.536042479002422,0.0,4692.997513231565,414.4542216060764,235.70430528375732,9414.858177878485,14374.160570952583,49584.08418304993,51606.036523437506,2021.9523403875767,2817.6494950603883,3.1412160781161953,2.1297440564697507,145963.91350353323,138228.11683630772,299097.40031782293,299097.40031782293,0.0,201028.54605597403,136841.1689095624,145963.9135035332,0.9936139276824607,0.987230082008138,0.9808484621189625,0.9744696989551498,0.9680950141187517,0.9617231414538423,0.9553545210676666,0.9489894487438132,0.9426274991860457,71185.4150390625,68242.52400734111,151640.5,151640.5,0.0,126901.65,-1.9568527270630016,-0.06533823305923783,98612.39981450667,67848.59870910642,71185.41503906256,288.8999999999942,-151640.5,505.838619206819,-22.533449614847743,0.0,6708.873714537524,592.5219672106091,348.4755381604697,13072.40415059802,19797.848023214716,68383.62833142103,71185.4150390625,2801.786707641475,3898.333754433267,3.1392002901959177,2.1277347294494984,201342.7587827998,191149.13748259054,427845.6352693166,427845.6352693166,0.0,277627.26680678723,188758.83635887486,201342.75878279976,0.9934296839289044,0.9868603809487038,0.980291687037397,0.9737242224852773,0.9671590483149657,0.9605948285032879,0.954031391133537,0.9474691518376013,0.9409079772336186,
82120.2359375,29360.17139155961,93805.3,93805.3,0.0,92551.9,3.947923584830958,-2.437703137540235,87210.96728377932,18605.365954589844,82120.2359375,187.1999999999971,-93382.6,249.93359721590448,-15.871296090495399,0.0,5848.2504170888915,729.52734179162,415.3956862745097,18271.620718445934,26137.167968885482,77840.2698435507,82120.2359375,4279.966093949288,8371.967025028232,2.1164066680758404,2.017844635417657,232271.10281618196,79909.36845048748,264911.15625517035,264911.15625517035,0.0,245632.59630920552,51880.315155076765,232271.1028161819,0.9646501677399503,0.9293146588372629,0.8939991397254384,0.8587015645620134,0.8234226278310166,0.7881616946293523,0.7529225380138045,0.7176988809240537,0.6824929362547878,112720.030078125,40305.340811847906,128902.8,128902.8,0.0,127215.5,3.9447203103772024,-2.4365421012888437,119709.33831064567,25538.131814575216,112720.03007812501,173.6999999999971,-127707.5,249.98392282301728,-15.873682259290778,-0.20000000001164153,7997.511469933975,997.7062729719315,537.2874509803921,25067.483276561168,35887.33705449707,106997.74070025765,112720.03007812501,5722.289377867357,11838.066471404074,2.1134395897581726,2.0164904229812026,318820.39057517523,109731.66315549993,364495.51447874506,364495.51447874506,0.0,337175.7395563616,71241.83159724573,318820.39057517523,0.9648529391839034,0.929717718460572,0.8945987642482092,0.8594941591437396,0.8244015363613693,0.7893259676919204,0.7542650310503975,0.7192160432687359,0.6841765783608287,
95266.889453125,50239.33746502646,131137.3,131137.3,0.0,114132.65,-0.13902596368265074,-1.3303296646173266,107702.23421544583,40934.9915618895,95266.88945312497,194.0,-125331.3,505.8201219811513,-22.532834219355177,0.0,5544.871172043557,489.6621956870565,299.7303326810175,13766.110084061607,24525.481498550296,94355.69694955467,95266.889453125,911.1925035703308,3878.0121195509814,6.4105522409342335,2.7717992948031154,269455.45421941555,140795.57651939968,370799.300722345,370799.300722345,0.0,304022.4270938275,115116.81624646968,269455.4542194156,0.9902774718424591,0.9805482383170707,0.9708122170587187,0.9610696576612174,0.9513199577407766,0.9415631886852303,0.9317991598675244,0.9220275311059618,0.9122485008559287,131569.6474609375,69158.98392439382,176741.9,176741.9,0.0,160799.0,-0.11251932376133134,-1.3535070374727975,148638.9491030192,56533.83289337158,131569.64746093753,191.70000000001164,-174790.2,505.94261078822717,-22.53691962141039,4.2999999999883585,7732.55529393089,682.8974904354637,386.73542074363974,19028.84765527584,33841.87046605544,130295.68621371819,131569.6474609375,1273.961247219309,5526.102299343092,6.437091635583261,2.7775257201248453,372135.1596718094,193771.46404875125,499819.9839166298,499819.9839166298,0.0,419561.6252036876,158946.50963603085,372135.1596718094,0.9900807808427238,0.9801588824154457,0.9702348890067003,0.9603089578051025,0.9503806461507143,0.9404511161330626,0.9305188681769426,0.9205841119979365,0.9106468639760364,
336375.82519531256,497109.269713917,1635920.1,1635920.1,0.0,140003.1,1.128733265599565,1.5957348619631702,600221.8938120562,382846.49101028446,336375.8251953126,38490.09999999998,-136999.1,23.77792246827749,-2.1753071189518227,0.0,13106.888224432572,6270.48085523568,6128.376320939329,79821.09391524694,108748.33184924803,334350.2368700501,336375.8251953125,2025.5883252624355,14089.077361330776,0.3092463985935523,1.3056323068786668,951414.5080913049,1403882.5546669061,4619415.075497996,4619415.075497996,0.0,1695899.7003079806,1082246.1682461095,951414.508091305,0.9990635499645192,0.9975822051109622,0.9955582046954912,0.9929951679500998,0.9898979917424644,0.9862727482076602,0.9821265778211422,0.9774675590785082,0.9723045838236504,453972.0697265625,669764.8234995663,2149753.1,2149753.1,0.0,187957.84999999998,0.9286059253856225,1.5543033326671594,809120.2375971226,517586.8434623696,453972.06972656236,60811.30000000005,-187456.3,24.721252023312616,-1.906161360631513,0.0,17915.125013258075,8263.86420471734,8077.301761252451,108086.00546243836,146279.4678774714,449459.3390876963,453972.0697265625,4512.730638866197,22330.16553603131,0.3396685362098184,1.3225358193016872,1284026.9158917782,1891383.954144305,6062268.5838294905,6062268.5838294905,0.0,2286057.388328014,1462068.0454476413,1284026.9158917784,0.9990346043378249,0.9975091182752592,0.995426751469586,0.9927926859350842,0.9896138254268793,0.9858986490056196,0.9816570658589362,0.9769001836143751,0.9716401907402364,
108077.36875000001,21827.448185435045,115012.8,115012.8,0.0,112061.65,20.481893493219054,-4.731979576563778,110259.489978012,8443.54443359374,108077.36874999997,61.69999999999709,-114233.4,249.99116414991414,-15.874026049854672,0.9000000000087311,7153.663583647193,892.4107404844301,478.6752941176472,18988.77720028087,36371.212768572805,104526.69649605945,108077.36875,3550.67225394055,4283.613043530794,2.1661812245539886,2.0410175848875736,305688.96134369634,56574.01217650093,325091.9537417856,325091.9537417856,0.0,310879.97674526216,23076.365722470906,305688.96134369634,0.8984224619573877,0.7968777171171664,0.6953610243071631,0.5938736280319606,0.4924047812444641,0.39096345099691737,0.28954584470479605,0.18815995182834624,0.08680076813040785,135151.30976562502,28488.65438091002,154796.4,154796.4,0.0,134695.75,16.82615927551268,-4.103339395875371,138121.25093481765,12514.276324462888,135151.30976562508,295.0,-154796.4,249.9402764798549,-15.87161155468153,62.39999999999418,9694.66217534569,1209.9519907727795,709.3101960784314,24125.21000623018,45327.51917019868,129993.40378902823,135151.309765625,5157.9059765967495,5564.437565494698,2.1661293918898235,2.0409951146142262,382265.6304860685,73286.31416449627,436299.66252382676,436299.66252382676,0.0,389227.30646079895,32809.66908989742,382265.63048606843,0.8983666273043289,0.7967560691349257,0.6951636627283734,0.5935880976323159,0.49203188982004015,0.3904926758361446,0.2889701373593777,0.18747232893388727,0.08600208906368745,
89456.54062500001,26091.355853708963,102899.8,102899.8,0.0,96245.0,7.804792442055234,-3.122397158057743,93183.85863912886,13977.584472656263,89456.54062499998,87.30000000000291,-102899.8,505.9561359430359,-22.53737066943575,0.0,4552.1345617434445,401.9935524143975,223.73268101761263,11014.12150565808,22749.16835403388,88915.87915156326,89456.540625,540.6614734367283,5270.503911975373,7.885618096121698,3.1234862923708895,253021.30598970954,73797.20448450268,290404.8659460186,290404.8659460186,0.0,263563.67100658186,39534.57906089211,253021.30598970957,0.9732416167125385,0.9465001347355195,0.9197762413590312,0.8930691121171912,0.8663806287139779,0.8397111591894033,0.8130600513350349,0.7864277108770963,0.7598103371267767,110813.744140625,33139.05952261121,142067.2,142067.2,0.0,116586.15,6.837623365302138,-2.83356966778529,115662.79936309282,17314.647521972653,110813.74414062494,344.5,-142067.2,505.76020127389654,-22.530831198098753,8.700000000011642,6285.626292220998,555.1428625043553,335.43972602739746,13766.040719016755,28149.56634849884,110043.33790435623,110813.744140625,770.4062362687655,6733.217050292075,7.878527027014222,3.1217093393041164,313428.599722028,93728.78125748252,401153.90991444304,401153.90991444304,0.0,327143.0444923509,48973.218706566855,313428.59972202795,0.971097496711105,0.9422009142692077,0.9133111931296689,0.8844268777572248,0.8555494831161478,0.8266794242913814,0.7978171134929333,0.7689627868627777,0.740114062586046,
90540.42421875,23442.600571868872,98154.8,98154.8,0.0,97221.95,10.91254490754764,-3.581141650801683,93526.06021469845,11317.553027343738,90540.42421874996,71.90000000000873,-97697.4,505.9753958441436,-22.538013056159137,8.19999999999709,4321.95540182021,381.6811570114999,210.1986301369865,10909.617282973642,23031.162919287548,88774.92512572327,90540.42421875,1765.4990930267406,4639.4295450698555,8.001352482087372,3.1540639185253636,256086.99174633942,66305.48708459437,277607.7181307826,277607.7181307826,0.0,264531.59538931266,32010.873968292435,256086.99174633942,0.9684709489284706,0.9369403657960248,0.9054082865425211,0.873875633758187,0.8423462354693765,0.8108135100375758,0.7792796978600903,0.7477464346179135,0.7162119521373107,118801.3310546875,30767.7654800479,128898.2,128898.2,0.0,127142.70000000001,10.898369113173334,-3.578222410044091,122720.86885693355,14905.460146331789,118801.33105468753,203.5,-125013.7,505.8968932588205,-22.535393625880268,-4.600000000005821,5530.589124538347,488.3961864422971,276.9620352250485,14299.579506934973,30230.605158379414,116545.39417574271,118801.3310546875,2255.936878944793,5942.2510800460905,7.992563559956956,3.1518118016477685,336020.9072110301,87023.560794484,364554.69931633037,364554.69931633037,0.0,347106.8282478392,42150.48596761336,336020.90721103,0.9693120531870821,0.9386168916752302,0.9079160373434988,0.8772082384666523,0.8465001570395109,0.8157852092898739,0.7850659354213322,0.7543428330074592,0.7236147076141267,
46214.942773437506,44646.69678131062,94233.0,94233.0,0.0,86132.2,-1.990252005254891,-0.06643001327028196,64258.450565154395,44590.19869155914,46214.94277343749,106.29999999998836,-94233.0,505.93393956570515,-22.53663091051804,0.0,4168.78153551623,368.146731208903,205.07455968688845,8323.245450467346,13003.358631170187,44722.323686341784,46214.9427734375,1492.6190870957173,2129.4228211982318,3.0079081239341123,2.097954280977412,130715.59770898358,125798.0967950495,265959.76025633095,265959.76025633095,0.0,181415.8996385749,125589.59788508472,130715.59770898355,0.9937621318734847,0.9875273678792901,0.9812953372239654,0.9750669214648124,0.9688416762866124,0.9626203220368973,0.9564021748123824,0.9501874166211414,0.9439755326750361,60850.03828125,58899.635229799984,131678.2,131678.2,0.0,112789.9,-1.9742168640385267,-0.05427663299699296,84687.03672365144,58710.77912292516,60850.038281250025,238.59999999999127,-131678.2,505.8624657147786,-22.534245483612224,0.0,5825.6165534917445,514.5105610042897,299.49373776908027,11096.335364436156,17041.509574161293,58832.37172354397,60850.038281249996,2017.6665577060255,3315.908424599225,3.036893627746971,2.10165843067101,172109.89881653158,165879.56047806406,371258.07160197885,371258.07160197885,0.0,239035.23977654934,165276.61216360182,172109.8988165316,0.9933160705533414,0.9866364898206013,0.9799608338110758,0.9732896382764354,0.9666238192673555,0.9599634843533975,0.9533087096342217,0.9466601421124325,0.9400181975554989,
83676.34453125001,14235.12231115025,91566.6,91566.6,0.0,85185.5,29.655548165897038,-5.53130676094331,84878.55642814538,4708.993353271478,83676.34453125001,75.89999999999418,-91566.6,249.97941215802538,-15.873468810926694,42.0,5734.316575136252,715.5499300269124,400.41921568627447,13901.7658561128,28485.827772649725,81774.86076508251,83676.34453125001,1901.483766167496,2350.1221208191178,2.1663556450996335,2.041098136381918,236672.44257179508,37306.24289486022,226034.77897892456,258408.46087402262,32373.68189509807,239594.65943929122,13128.433833241193,236672.44257179514,0.8516741496005042,0.7033982005758216,0.5552035371771817,0.4070703998928902,0.2590058144738653,0.11102721854323779,-0.03687040988879145,-0.03698590659776476,-0.037077967258448204,108420.32421875,19217.74847203526,121847.5,121847.5,0.0,108808.9,24.739884516605454,-4.845840669477053,110110.34719786003,8693.509185791012,108420.32421875,282.6999999999971,-121847.5,249.9496942215711,-15.87205785837717,65.80000000000291,7631.055877453888,952.4135332564379,551.2294117647058,18340.733077513192,36777.79338468286,105426.57064638991,108420.32421875,2993.7535723600895,3090.4007678225626,2.165161485200244,2.040556523965243,306658.9858940888,50479.54639854761,301285.3654755094,344364.96223582333,43079.596760313936,310785.968528494,24292.255720099427,306658.98589408887,0.859267914774068,0.7185201617070829,0.5777689140428173,0.4370251034560871,0.2962809337664041,0.15555168998898972,0.014830615257444212,0.013845766393713996,0.01287303196858712,
50831.0974609375,47018.992689315084,97665.5,97665.5,0.0,92156.55,-1.9733634053428157,-0.15474299005226266,69242.95012924557,46859.91797180141,50831.09746093748,73.30000000000291,-97665.5,505.9691091839552,-22.53780341143556,0.0,4320.544241955261,381.53545138078255,207.7444227005871,9200.664426982998,14014.271668398049,50214.27223431716,50831.0974609375,616.8252266203319,3415.066780603454,3.37179728515206,2.1777979981971423,143772.05483913282,131864.84484683422,275859.43196963787,275859.43196963787,0.0,195086.49635263399,130471.2032717285,143772.05483913285,0.9938366672884216,0.9876748300341619,0.9815140957566512,0.9753560443617898,0.9691982303227419,0.963041757788148,0.9568865074640682,0.9507325952745399,0.9445802661719299,64270.35312500001,59512.15754881772,125476.2,125476.2,0.0,115172.1,-1.9667144101215701,-0.14843854618043598,87592.09545916515,59249.23178710878,64270.35312500002,179.60000000000582,-125471.7,505.9310673456478,-22.536533889332393,0.0,5550.76513735876,490.1944294024643,268.9117416829746,11637.471542073401,17724.955360337015,63495.85907839656,64270.353125,774.494046603438,4342.830725434175,3.364141456969058,2.1762143903964932,181784.0100957661,166857.91983972312,354858.25009193644,354858.25009193644,0.0,246752.8961121572,164877.765890591,181784.01009576613,0.9937816780963921,0.9875643268985922,0.9813468703673698,0.9751308142210301,0.9689138833679605,0.9626970707747254,0.9564806578674376,0.9502643053061771,0.9440480115767915,
91291.154296875,23584.114956772883,98372.3,98372.3,0.0,97529.9,11.03647869386084,-3.6080561885578093,94288.30962081204,11411.394287109371,91291.15429687493,63.59999999999127,-98289.2,505.98224805246144,-22.538241546879398,0.40000000000873115,4348.100618537212,383.9478617192807,207.1244618395305,11008.515036883598,23213.281480535625,89457.61575297447,91291.154296875,1833.538543900533,4851.052057168288,8.013276816838346,3.157103106421304,258210.377062671,66705.845486244,278213.99148497195,278213.99148497195,0.0,266687.5862219338,32276.297132833875,258210.37706267097,0.9683407679460452,0.9366823228669339,0.9050236134366285,0.8733666653480874,0.8417108809703182,0.8100563707903012,0.7784021641818308,0.7467478144895741,0.7150955706875213,118533.98066406252,30636.26611662634,128854.3,128854.3,0.0,126436.7,11.010767750704778,-3.6022913240420777,122429.10345843874,14816.74758300779,118533.98066406253,81.0,-127076.0,505.9813531948731,-22.538211634571923,-8.200000000011642,5621.568280951256,496.3825758939369,268.0972602739726,14296.791696810427,30139.076723212205,116150.18016075129,118533.9806640625,2383.8005033112104,6315.226203180015,8.014036896791492,3.1572979692910144,335264.7261143749,86652.30295111242,364372.58396483574,364372.58396483574,0.0,346281.7612628164,41908.09076429684,335264.72611437476,0.9684881352261296,0.9369757700793256,0.9054597647486811,0.8739410510046131,0.8424235418741897,0.810903961494573,0.7793828324923354,0.7478615286125531,0.7163401501863523,
66324.0921875,48836.50133475842,102795.1,102795.1,0.0,101932.25,-1.6133735662583515,-0.6216951359273384,82364.36770300528,46634.12731933581,66324.09218749999,10.299999999988358,-101762.4,250.00355381231404,-15.874613694590305,-2.6999999999970896,6372.6123752274425,794.974760476739,403.64039215686245,17779.305481214145,21681.656470530874,64491.596525305125,66324.0921875,1832.4956621948802,7800.578986773785,0.7109271134495896,1.4619057575827006,187592.86136729195,136361.30535751104,290711.39673566294,290711.39673566294,0.0,231916.9834979154,128970.09219001314,187592.86136729195,0.9868280008277228,0.9736557364682356,0.9604820334459605,0.9473061535187556,0.9341288395143887,0.9209501241790724,0.9077705161949697,0.8945885823146644,0.881405971568905,84934.46914062499,62539.6332603913,131525.0,131525.0,0.0,130777.65,-1.613377830952061,-0.6217223117869165,105475.44632066757,59719.54861450182,84934.46914062496,31.800000000017462,-130245.3,250.00285005038765,-15.874580313574542,0.0,8156.286298920654,1017.5032464436707,518.7443137254902,22749.45604400947,27782.73266462842,82600.62329062299,84934.469140625,2333.8458500020165,9960.854624510204,0.7063336464945831,1.4609536870393827,240230.95634326202,174625.4357031085,371989.6442777945,371989.6442777945,0.0,296993.19046082307,165158.7824859927,240230.956343262,0.9868678235060016,0.9737345008764197,0.9605995720538566,0.9474617216987147,0.934323000410886,0.9211826303225813,0.9080405090111879,0.8948956310782888,0.88174945262054,
67652.26953125,40572.661168553044,95794.7,95794.7,0.0,89418.25,-0.858788867855913,-1.0578117414075998,78885.80611889,35676.00151062012,67652.26953125001,74.10000000000582,-95171.4,505.94548456702813,-22.537015783889082,0.0,4210.2633750746645,371.8010340033894,210.9403131115458,10121.271677347777,17610.327390869737,66814.44939893884,67652.26953125,837.8201323111573,3018.362353967594,5.806781721308971,2.639634909413479,191349.51419282774,114215.79343561806,270924.81658644945,270924.81658644945,0.0,222844.97762336704,100602.92406626765,191349.51419282777,0.9916133583900691,0.9832294818415988,0.9748490834179944,0.966471662753061,0.9580979828046213,0.9497261040148098,0.941356958796393,0.9329909662406153,0.9246281724446292,91155.8802734375,54744.778202057256,129050.9,129050.9,0.0,119543.2,-0.8656296778317372,-1.0487841721475553,106331.48756985259,48070.48373794576,91155.88027343748,235.1999999999971,-128036.6,505.88507560137487,-22.534999199920954,0.0,5664.367967601282,500.2217171349686,286.4475538160469,13613.275968500982,23752.557555871186,90036.32481352003,91155.8802734375,1119.5554599174802,4024.1475111421664,5.784805176614114,2.637280552464898,257827.76434550685,154115.62569074155,364975.215719102,364975.215719102,0.0,300377.73244608357,135556.38186948697,257827.7643455068,0.9917237477359853,0.9834476963504905,0.9751719140667077,0.9668960850167752,0.9586221171532942,0.9503479683370145,0.9420747431813331,0.9338016628165713,0.9255295642607476,
57450.771875,45109.7123295223,98056.0,98056.0,0.0,90084.55,-1.756247041441371,-0.4837072226998135,73044.35183835601,43761.33013916037,57450.77187499999,71.20000000001164,-98056.0,505.9609062470157,-22.53752999023143,0.0,4337.845329208614,383.07578095978107,212.89843444226995,9711.878742535187,15334.322729123869,56877.10995554879,57450.771875000006,573.6619194512143,3754.733630801389,4.392340519267533,2.3590042524981496,162495.32150885556,126481.34847097332,276835.8403684393,276835.8403684393,0.0,205918.09299646816,121871.49113164167,162495.32150885553,0.9932269468903883,0.9864548397102215,0.9796835969279022,0.9729142287182766,0.9661461601152982,0.9593814952945979,0.9526185197629764,0.945857518001416,0.9390985217751769,78771.97421875,62062.24886544071,136994.5,136994.5,0.0,119108.65,-1.748033347859022,-0.462838769523153,100283.33189795462,60002.089736937996,78771.97421875001,208.79999999998836,-136845.7,505.88794574962225,-22.535095774315277,0.0,6054.122667793638,534.6781989958688,309.03972602739736,13284.945380346577,21071.773374104436,77948.89037601743,78771.97421875,823.0838427325602,5097.587813216254,4.350193870679223,2.352780984462882,222800.78855012014,173967.05511427528,387453.57460759743,387453.57460759743,0.0,282674.24297889014,167100.59141258997,222800.7885501201,0.9932409117766212,0.9864782997188869,0.9797131020659721,0.9729456464908538,0.9661756555212304,0.9594038207321716,0.9526297980559443,0.9458542818524128,0.9390767649776709,
89764.34238281251,23397.24486204712,99756.1,99756.1,0.0,95729.5,10.551863090308585,-3.4998672475501347,92763.50699792126,11220.54279785157,89764.34238281244,72.80000000000291,-99700.6,505.9590977139614,-22.537469743624392,7.69999999999709,4410.604850822373,389.5022460851502,218.26223091976516,10855.063666351567,22818.131530743667,87944.40642615447,89764.3423828125,1819.9359566580215,4744.992129712733,8.009584893279557,3.1561608988612164,253891.900830551,66177.0996718918,282126.5193712943,282126.5193712943,0.0,262374.74312199693,31736.48760381887,253891.900830551,0.9678691881076402,0.9357386191975307,0.9036063605003285,0.8714723465820519,0.8393326966333637,0.8071899880958922,0.7750440019827649,0.7428962437243716,0.7107477335101395,122736.00117187499,32219.790645324705,136325.7,136325.7,0.0,134854.25,10.175195734135027,-3.4183148351627364,126894.60545228499,15684.450999450668,122736.00117187502,138.6999999999971,-135534.0,505.92380616568744,-22.536292398614247,4.800000000017462,5995.952896183269,529.5252262361138,304.88160469667287,14843.416313373318,31210.931966215096,120306.43400743078,122736.001171875,2429.5671644442214,6311.374542077693,7.993322217095912,3.152069364192733,347149.8348974115,91130.5544240111,385557.5031291848,385557.5031291848,0.0,358911.94716661033,44357.31616798403,347149.83489741146,0.9685471420854254,0.9370853803494816,0.9056153828968939,0.8741386859105447,0.8426538679618549,0.8111579902251096,0.779652522073305,0.748138898114361,0.7166187798766807,
46261.091406249994,43996.218003406226,91368.3,91368.3,0.0,84803.8,-1.9854054148226814,-0.09793125784508237,63841.64609955372,43911.8953582761,46261.09140624997,83.59999999999127,-91368.3,505.93878393125397,-22.5367924188778,0.0,4042.0253704016563,356.92975287318677,198.65459882583173,8425.63027215334,12869.012257752107,44602.325168209376,46261.09140625,1658.766238040623,2390.6540467223963,3.1741769664946613,2.1383302189481985,130846.1257538004,123453.7880377455,258073.25690440112,258073.25690440112,0.0,179893.15274809083,122668.24289418786,130846.1257538004,0.9938177907348557,0.9876356015027811,0.9814542346927805,0.9752736074209603,0.9690941784040057,0.9629157053181592,0.9567390258115062,0.9505645354420756,0.9443906225372728,62903.508398437494,60024.22719394544,128741.9,128741.9,0.0,110981.85,-1.9625829875352674,-0.07793827979604581,86946.8758441767,59709.189612578724,62903.50839843746,277.3999999999942,-128563.3,505.823339623002,-22.53293859824447,0.0,5687.884649896513,502.3169879098244,291.5236790606653,11467.053793892137,17520.592106605094,60651.16887575613,62903.5083984375,2252.339522681375,3213.823069693609,3.151604446414331,2.1354575182981894,177917.98939584044,168340.59694744498,364103.2823472209,364103.2823472209,0.0,244935.4354340762,166798.1150586003,177917.9893958404,0.9937638958358768,0.9875246600281473,0.9812832846209602,0.9750394624251096,0.9687939039578418,0.9625463669650154,0.9562970539898571,0.9500461163649595,0.943792287666002,
49514.92578124999,44261.01590416636,92589.4,92589.4,0.0,83972.85,-1.9398401724364904,-0.21850450652853298,66413.59351813122,43905.81309509276,49514.92578125004,95.5,-91922.9,505.9474455177227,-22.53708076202419,0.0,4066.566302807222,359.13135902513096,199.50469667318976,8696.4415565723,13635.222140884736,49348.56338292702,49514.92578125,166.3623983229806,3530.7493757870307,3.5289647328974123,2.2071170417566623,140049.35915948194,124195.4242382922,261860.6622457925,261860.6622457925,0.0,187185.27293222334,122543.18926454664,140049.35915948194,0.9939645718448856,0.987927717247939,0.9818887670434654,0.9758476111246804,0.9698044288432528,0.9637594671930173,0.9577125525504389,0.9516642503451022,0.945614061294471,63562.457226562496,56807.78185576699,119488.0,119488.0,0.0,108811.15,-1.940486728693324,-0.2194965825412252,85248.51933054907,56362.0226188663,63562.45722656253,113.10000000000582,-118736.0,505.95568368845164,-22.537355563107624,0.0,5252.722739161185,463.8825778087588,256.64951076320943,11212.158583958375,17469.28017122466,63347.146116611635,63562.4572265625,215.31110995086814,4602.8506188614465,3.5471218555167123,2.208437041114357,179781.7781351289,159384.9129957384,337945.2458354479,337945.2458354479,0.0,240260.35511521206,157309.0558682378,179781.77813512887,0.9938763183582481,0.9877504585076192,0.9816224984511107,0.975492451755656,0.9693610068718752,0.9632277924176902,0.9570929058555414,0.9509568802761484,0.9448196256228946,
75031.20429687499,27866.20673265613,87661.0,87661.0,0.0,85224.4,3.3823138589358024,-2.3176657424509557,80038.78494771471,18171.619790649398,75031.20429687502,62.39999999999418,-87661.0,249.98972168607784,-15.873957642548499,5.2999999999883585,5489.630213950805,684.9172072279881,367.41921568627487,16880.004867245592,23833.263242043737,71544.09022560157,75031.20429687499,3487.114071273427,8283.734487265183,2.094718739172494,2.007594242403123,212220.2934356542,77472.85853598618,247548.1138877956,247548.1138877956,0.0,225919.2261753127,51118.02062311371,212220.29343565417,0.9662522715182075,0.932517464893548,0.8987939099521149,0.8650827577919111,0.8313892190246457,0.7977059513190805,0.7640333638128247,0.7303712501007688,0.6967189976407689,96428.57890625,35957.02984103072,116522.5,116522.5,0.0,107257.7,3.288400516044904,-2.2804350441098107,102914.42476576181,23353.796453857438,96428.57890625001,167.6999999999971,-116522.5,249.984913506881,-15.873729245468365,21.89999999999418,7297.176735189318,910.6428727412523,498.56117647058824,21722.653340785888,30620.52794563467,91947.81798258393,96428.57890625,4480.760923666067,10702.612570735384,2.0933338504986354,2.0069557177681956,272741.20817916584,99859.15718880505,329065.7524306978,329065.7524306978,0.0,290447.27217429597,65610.49423507869,272741.20817916584,0.96530383673046,0.9306174339259389,0.8959422555968667,0.8612789704753557,0.8266311856405318,0.7919901635293061,0.7573589213538477,0.7227377299448503,0.688125990678603,
42619.0736328125,42302.9520614395,87126.4,87126.4,0.0,82420.9,-1.9968551918593906,-0.013413541827002695,60049.356286570975,42286.11212005639,42619.07363281249,117.29999999998836,-86994.6,505.9468888162679,-22.537062042751757,0.0,3848.5203954999715,339.8365317228421,184.98101761252443,7385.787402909003,12313.09971351074,42329.87129956501,42619.0736328125,289.20233324748256,2488.4268789208677,2.6808962362357764,2.0087122757765288,120544.94389460204,118907.1645469301,246386.7263550358,246386.7263550358,0.0,169322.1700756976,118622.64869829662,120544.94389460207,0.9938978528577236,0.9877955969053676,0.9816938188006396,0.975592511697088,0.969491656688604,0.9633908066909717,0.9572887733491526,0.9511864163434514,0.9450841467704034,55856.23046875,55507.430902856955,118094.0,118094.0,0.0,106804.5,-1.987105652852339,-0.006215137780970282,78746.38637812881,55419.853668212905,55856.23046875,199.10000000000582,-117898.5,505.9058722591004,-22.53569343083069,0.0,5215.798694527956,460.60882349561433,257.4919765166341,9764.224463137829,16093.673973575513,55414.03733352246,55856.23046875,442.1931352275437,3270.9522329886463,2.6919983043850975,2.0100034743666053,157985.27734388714,155957.29698490436,333980.568824013,333980.568824013,0.0,221995.5547759067,155379.98881248783,157985.27734388714,0.993716016135174,0.9874302560891983,0.981143727147664,0.9748566525108542,0.9685685793509048,0.96227981828655,0.9559893484498426,0.9496976316910307,0.9434048764133118,
81383.640625,21047.93155789263,89135.0,89135.0,0.0,86645.15,10.975340803044569,-3.594313237153802,84061.36082793855,10172.955078124996,81383.64062499994,40.69999999999709,-89108.2,505.9930519284372,-22.53860179822054,8.400000000008731,3941.943554989603,348.1150439834413,186.17103718199613,9814.64342656302,20695.04227195294,79760.46682900826,81383.640625,1623.173795991738,4262.230144444554,8.010645444105796,3.1564260275839815,230187.69665434601,59532.46614704832,252081.90579206846,252081.90579206846,0.0,237761.414482213,28773.462081793266,230187.6966543461,0.9678788102804629,0.9357551194561315,0.9036301603045526,0.8715017973466131,0.8393748892992913,0.8072444257765906,0.7751108422664473,0.742975480409589,0.7108391822202604,105327.076953125,27207.745670867367,113793.2,113793.2,0.0,112090.85,11.041391401546756,-3.6091256302054866,108784.44081751815,13165.884619140641,105327.07695312498,59.30000000000291,-113680.4,505.9852091584927,-22.538340294667485,3.6999999999970896,5028.96901214041,444.0834563286763,238.51565557729955,12697.204291242708,26784.581203508293,103227.52230713089,105327.076953125,2099.5546459941124,5508.496439011349,8.01139880937849,3.1566208715745234,297909.96142444806,76955.01411210747,321825.297189399,321825.297189399,0.0,307688.8352100394,37238.74517805606,297909.9614244481,0.968274767577415,0.9365459799253661,0.9048172357079863,0.8730878455044135,0.8413597230249839,0.8096282668271784,0.7778967114385585,0.7461634689535431,0.7144299974597229,
47348.50527343749,42093.160725971764,86507.6,86507.6,0.0,83903.1,-1.9438885887371509,-0.2355266521975049,63353.8880537827,41799.85231170672,47348.505273437506,66.09999999999127,-86507.6,505.98403019339116,-22.5383008840547,0.0,3826.9082006194885,337.9396632212715,178.20547945205482,8341.452694149628,12991.215598154935,47075.13926756185,47348.505273437506,273.36600587565863,3371.31506439426,3.5875979289026043,2.2169789640756448,133921.79663157868,118319.66873546557,243867.41095968528,243867.41095968528,0.0,178702.52270939053,117181.57205263122,133921.79663157868,0.9939068301609258,0.9878155312605661,0.9817264366730257,0.9756390957741369,0.9695540709693803,0.963471404253775,0.9573915906770667,0.951314076113233,0.9452387748261579,60964.37109375001,54220.37968418311,113580.8,113580.8,0.0,106307.2,-1.941692542163718,-0.2330078711825012,81587.40169875148,53820.10885620119,60964.37109374999,135.60000000000582,-113580.8,505.9676639325824,-22.53775495433994,0.0,5024.625312266506,443.7314907648126,239.57710371819965,10751.819837400182,16722.023276201027,60606.16510309525,60964.37109375,358.20599065474977,4352.996355485299,3.588765095540384,2.216962727566881,172433.2808446551,152370.65501143606,320286.8096102325,320286.8096102325,0.0,230108.7848202797,150879.12073907314,172433.28084465512,0.9938066420411173,0.9876150437484522,0.9814248145800488,0.9752366317049175,0.9690498880531179,0.962864562432351,0.9566813124740443,0.9505003175704151,0.9443214309882579,
45580.586718750004,41494.54404297078,84850.6,84850.6,0.0,82340.75,-1.9639100625900592,-0.18768804978825765,61639.16831820114,41307.40671386685,45580.58671875001,75.10000000000582,-84850.6,505.9841393052772,-22.538304530453676,0.0,3753.6044352672443,331.4618655718954,174.76653620352243,8124.762906684568,12566.39592026649,45453.38579537774,45580.58671875,127.2009233722589,3502.592304053136,3.438761231104616,2.188051442079014,128921.36783715847,117364.2481280509,239909.59288402792,239909.59288402792,0.0,174341.86480494755,116834.98960242468,128921.36783715848,0.9939511533300521,0.9879029446851202,0.9818553144779147,0.9758083684909477,0.9697632958740768,0.9637197750798617,0.9576774033181357,0.9516359950395449,0.9455952562075641,60067.61328125,54705.990814818404,113178.5,113178.5,0.0,106779.25,-1.9614499289543255,-0.18514224416638841,81245.6989405396,54436.27453613281,60067.613281250015,120.0,-113172.6,505.9755770859032,-22.538018852896286,0.0,5006.541229276965,442.12732105039674,235.24911937377706,10695.357626009352,16571.816247546012,59874.3794210592,60067.61328125,193.23386019079467,4606.154377903065,3.4313285105689424,2.1876242742391736,169896.86672345205,154731.80112578266,320086.13270573167,320086.13270573167,0.0,229797.46648315157,153969.0354681283,169896.86672345205,0.9939294258629159,0.9878583500184349,0.9817873286361526,0.9757160751330711,0.9696449797700066,0.9635742330758535,0.9575039214137868,0.9514341011209639,0.9453643143088437,
63998.3904296875,56080.43694364378,121670.8,121670.8,0.0,109119.4,-1.9200641005497572,-0.25858093204097227,85092.94556765989,55498.60420074431,63998.390429687526,131.5,-121670.8,505.93679905876354,-22.536725862370876,0.0,5382.6186822960035,475.3630439528029,267.77945205479455,11318.79973982255,17424.941060245907,63399.642362647035,63998.3904296875,598.7480670404628,4600.704372258451,3.7211520954671258,2.2347603566965883,181014.78343142514,157522.14493711683,343051.22854705685,343051.22854705685,0.0,239957.45032466858,155699.99944662908,181014.78343142517,0.993469941361478,0.9869433095276245,0.9804216903873191,0.973904467695898,0.9673915757910037,0.9608833342139079,0.9543809135049991,0.9478828316558737,0.9413895145400899,85915.20234375,75433.99538945501,165094.6,165094.6,0.0,143188.0,-1.90992888506025,-0.24661289060781247,114331.57767731462,74504.58953247064,85915.20234375,272.70000000001164,-165094.6,505.900523410686,-22.535514958414385,0.0,7303.844819429105,645.0662642989184,368.36947162426617,15182.936027270325,23421.324483902747,84964.8064423443,85915.20234375,950.3959014056979,6077.806577132861,3.699490231762205,2.2319868397684552,243004.88873711997,211856.57070730027,466761.68123598694,466761.68123598694,0.0,322388.8684523667,208981.22647734522,243004.88873712008,0.9934923677392389,0.9869838618857563,0.9804749490915641,0.9739653061467148,0.9674551416938499,0.9609445296836889,0.9544340259258379,0.9479231210070926,0.9414123987167939,
52852.6501953125,52450.20452138204,108054.3,108054.3,0.0,103016.35,-1.9984182200921607,-0.014607241432684409,74460.90643420124,52439.73886566125,52852.65019531248,54.70000000001164,-108054.3,505.9797675786667,-22.53815892713933,0.0,4780.0968159344275,422.10966946358053,226.1091976516634,9138.753605444277,15280.908456914565,52442.50606511873,52852.6501953125,410.144130193768,3055.911210705582,2.6777116302420634,2.008345591592805,149489.86942714395,147426.6540067395,305050.14339990285,305050.14339990285,0.0,209956.75595933423,147102.61285230602,149489.86942714395,0.9939020909868329,0.9878069248291028,0.9817135209826147,0.9756224530687928,0.9695338173301377,0.9634478471020379,0.9573647401743516,0.9512851993457129,0.9452079445956364,71108.453125,70631.24591800541,149528.0,149528.0,0.0,136094.25,-1.9910785809261338,-0.009098441465423842,100225.67039316864,70552.91833496094,71108.45312500003,168.29999999998836,-149522.2,505.94866658059016,-22.537121426753618,0.0,6614.694781336086,584.168619911845,323.8682974559687,12366.021471029408,20525.38881182866,70516.24814677803,71108.453125,592.204978221963,4107.479740238781,2.686371358188434,2.0114527267689737,201125.07761749302,198459.192079602,422732.4754238785,422732.4754238785,0.0,282555.0349357289,197821.00848725552,201125.077617493,0.9937965243359803,0.987591945577552,0.9813869381548959,0.9751814611336246,0.9689758274458861,0.962770382447264,0.9565656182936115,0.9503625850815489,0.9441602244455678,
98583.94804687501,8813.339864389127,102194.0,102194.0,0.0,99243.5,119.3092992009775,-10.928341175991923,98977.1174164725,1785.7336822509712,98583.94804687498,66.89999999999418,-102194.0,249.99426897455407,-15.874173319605118,18.10000000000582,6399.713252347679,798.489710111494,427.84117647058815,14736.252726067478,34230.73384481344,97950.80606621751,98583.94804687501,633.1419806574999,766.5320338184688,2.166636370790428,2.041227529662364,278837.5127203505,11525.217428287653,71362.84270294313,287924.26464693807,216561.42194399494,279075.5975302049,4583.8295146241,278837.5127203505,0.49301301751917176,-0.013784304037650519,-0.013705014021184531,-0.013623511049114925,-0.013565698089465457,-0.013455193098050856,-0.013428173466797276,-0.013468082685562929,-0.0134540929117841,125510.12382812501,11398.227330698568,131667.0,131667.0,0.0,125957.15,111.86571961678153,-10.412551024891698,126026.62722470022,2909.9039916992133,125510.123828125,99.5,-131667.0,249.99583030239023,-15.874247368375448,37.80000000000291,8245.434660472281,1028.8818239138807,554.6592156862744,18893.655219587545,43526.21500987172,124538.6281843794,125510.123828125,971.4956437456048,1061.1149263072182,2.16657057418488,2.0411973656333617,354996.23866572196,15095.472248185257,92286.87482037325,371382.13348673796,279095.2586663647,355317.0453963698,7423.1231580729,354996.2386657221,0.5024970987443063,0.0051365058520859985,0.004804315418534582,0.00442030220247705,0.0040070621926231766,0.0036425457507603884,0.0032471911931448473,0.00278876730921376,0.0023223467493970855,
103515.546875,14647.908393459913,107095.0,107095.0,0.0,105587.75,45.714578826156426,-6.888315575358657,104546.78218450112,4043.576049804688,103515.546875,50.10000000000582,-105694.1,249.99442877536333,-15.874180928244542,3.8999999999941792,6618.88365122036,825.7039323337164,437.5780392156864,16535.620961119726,35509.41536531007,101504.44349255312,103515.546875,2011.103382446869,2039.5403563360674,2.1666617738572054,2.041239205858477,292786.18061418575,32591.80654180252,190808.3101304684,302885.1592126049,112076.84908213653,294594.5916209272,11294.333220753093,292786.18061418575,0.800695588086463,0.6014619092266419,0.4022323790562767,0.20304436819399344,0.003874432288684962,0.003931235377360225,0.003944101825376377,0.00398743474703103,0.004033638268825464,133307.6796875,18952.197932557105,142741.4,142741.4,0.0,135100.65000000002,44.813953830480976,-6.785342729297685,134648.14618159406,5207.331237792969,133307.67968749997,147.60000000000582,-142741.4,249.98808098729987,-15.873879610516209,14.5,8939.01999124087,1115.4213702422169,600.3462745098045,21232.32948938548,45754.98647837966,131212.7300926456,133307.6796875,2094.9495948543968,2637.941733802967,2.166497025315982,2.0411633070310806,377051.0571651018,41001.109287797364,250859.35352273594,402157.3651476248,151298.01162488887,379273.7674452991,14109.56534626329,377051.0571651017,0.7925681774920759,0.5852919976708038,0.37812297304529874,0.1710666882069888,-0.03588291847086297,-0.035769531850029235,-0.035682942631879044,-0.03558822981930885,-0.03545265909105933,
263052.8421875,162566.14783079075,521144.3,521144.3,0.0,343580.05000000005,-1.4476767355237012,-0.2393559535133637,309232.19464257645,148912.69444580088,263052.8421875001,13761.099999999977,-72274.1,42.04946220509674,-4.4959646861131874,-40.39999999999418,7073.042544334142,3879.66376931949,3446.556078431374,63353.26522917943,87403.33834590776,261290.52228791243,263052.8421875,1762.3198995875402,24843.55785842347,0.9791434692977523,1.5869073490369163,744025.794084704,458236.82960789086,1447160.849289092,1447160.849289092,0.0,873816.5564192894,420622.0127601866,744025.7940847044,0.9930686908209064,0.985027606750691,0.9759082792368069,0.9657640550549571,0.9546677235882475,0.9427096524649842,0.9299938760125505,0.9166353413761997,0.9027534131281677,186203.50078125,84535.74600893233,327779.4,327779.4,0.0,228534.5,-0.28603868057017934,-0.6577896903939235,204494.58686351503,70940.25843505855,186203.50078125,5878.700000000012,-108130.0,197.38815847404322,-13.34158048776343,-9.5,7188.902801450711,2101.002352941176,1781.3262745098043,41322.28556461086,60918.138711641324,182473.33701863082,186203.50078125,3730.1637626191837,15098.445822930846,1.625765510392644,1.8213656177296302,526663.032332386,237456.11958531072,918296.8432439545,918296.8432439545,0.0,577719.0998695276,200607.98106263438,526663.032332386,0.9864440788831049,0.9720785597148918,0.9569231150395199,0.9410103502456403,0.9243862613493194,0.9071071421096574,0.8892382369248912,0.8708521304694091,0.852024957601033,
49437.82578125001,40516.18244297144,89986.6,89986.6,0.0,78676.70000000001,-1.8237824881983418,-0.38853678310705136,63919.16502684759,39588.88392639149,49437.825781249965,122.70000000001164,-89986.6,505.9343473749254,-22.536643835349967,8.60000000000582,3980.9734376127753,351.60019224804176,201.0291585127202,8432.668974368704,13335.14839378603,49255.29079561917,49437.825781249994,182.53498563082647,2806.0279273403967,4.092336488260582,2.297271303908931,139831.28742816404,113557.6563276354,253966.9817600337,253966.9817600337,0.0,180133.64553698228,110631.22409639749,139831.28742816404,0.9932410670988817,0.9864835493504089,0.9797288005735727,0.9729750793231076,0.9662244194899121,0.959474775126801,0.9527271861509362,0.9459813026900465,0.93923807384647,74730.9638671875,61229.52987740069,135079.2,135079.2,0.0,118318.9,-1.8251937592051202,-0.3902309937685438,96611.45009535042,59843.154659271255,74730.96386718747,135.6999999999971,-135079.2,505.9591664986715,-22.537471803624303,23.0,5975.784372946949,527.7908961745708,300.07142857142867,12701.024849219755,20186.845854164596,74447.14746312637,74730.9638671875,283.816404061126,4217.198562986284,4.0782488643385895,2.297265300013821,211371.08526038064,171633.4706423608,381317.7262245293,381317.7262245293,0.0,272278.87161675474,167262.91036371383,211371.0852603806,0.9933304348506138,0.9866619815868599,0.9799954767482805,0.9733297693254988,0.9666666853479572,0.9600057715453436,0.9533470144144868,0.9466899345913397,0.9400350956114119,
