133216.450390625,49590.968496414185,167521.0,167521.0,0.0,142043.2,3.157826614466658,-2.18236444050971,142147.41225604565,31222.60556030272,133216.45039062505,633.5,-165869.0,249.82419424099263,-15.866097869265074,10.10000000000582,10389.391400739732,1296.5724598231438,787.0796078431373,30034.032544456648,42277.021295050814,126657.52325079803,133216.450390625,6558.927139826957,14298.068187944178,2.0999111015602825,2.0101398266891803,376793.021747249,135578.78332742714,473584.6606336731,473584.6606336731,0.0,400442.98935799627,86865.23328873016,376793.021747249,0.9639877611459624,0.9279255620688334,0.8918145485503706,0.8556507811269148,0.8194317834561474,0.7831532433438544,0.7468138692072446,0.7104167265025473,0.6739586806558452,288839.41445312503,105608.79787515812,339747.2,339747.2,0.0,321433.25,3.5783572196120064,-2.347288904497533,307540.93309714075,67696.73776245113,288839.41445312503,169.5,-317520.9,249.94408832748778,-15.871795087151877,-11.600000000034925,19885.282313229138,2479.9290426759,1381.1486274509805,64696.21975946002,91824.75277901665,274889.89071808587,288839.414453125,13949.523735039118,30704.796312836308,2.1026699006268137,2.011375497335705,816961.2345350257,290679.5508164846,960919.4368915873,960919.4368915873,0.0,867133.3576768147,190203.2844330488,816961.2345350258,0.9672895630972733,0.9345501696714658,0.901777201062879,0.8689671323630556,0.836116959146439,0.8032240889977291,0.7702868520052789,0.737303138443911,0.7042739540676334,
134535.206640625,40482.786349586226,154252.5,154252.5,0.0,144282.59999999998,7.020620202047896,-2.9744939909367534,140494.0490428755,22072.182339477546,134535.2066406249,124.89999999999418,-144258.3,249.95971184992118,-15.872534038456703,-42.89999999999418,9034.273486164979,1126.7120369088805,642.3568627450982,27976.146805677883,43520.55969395962,126655.72668364913,134535.206640625,7879.47995697586,11244.679238806522,2.158976184068605,2.037679915358115,380523.0276956776,109049.76155749166,436158.24116758944,436158.24116758944,0.0,395840.4035750156,61787.80723460212,380523.0276956776,0.9531907381224546,0.906391798355157,0.8596000495279468,0.8128208144540536,0.7660558873191796,0.7193082163523438,0.67257615541188,0.625870300443247,0.5791824409635147,232440.81328125,70727.07199011715,273336.5,273336.5,0.0,248887.90000000002,6.596844975475129,-2.8573846919367023,242963.0638412846,38134.820928955065,232440.81328125,296.70000000001164,-250709.8,249.77926932481233,-15.86398955759936,0.0,15703.779679628522,1960.5406228373715,1211.6058823529409,48474.123022735024,75134.5419775837,218676.40538247032,232440.81328125,13764.407898779698,19227.028138039364,2.159130551443412,2.037752982182225,657441.9011827521,190617.6303917387,771660.6805614112,771660.6805614112,0.0,684518.0307683306,106660.17069432062,657441.9011827521,0.9536986568952878,0.9074065129216394,0.8611231748188015,0.8148551869597351,0.7686035849409599,0.7223694895807777,0.6761559334859573,0.6299634051072005,0.5837914510741268,
133255.109765625,50448.10390239168,155752.3,155752.3,0.0,153009.5,3.1054310453936154,-2.253128332908581,142484.8604799656,33313.77744140621,133255.10976562506,224.20000000001164,-147122.5,249.97687894652532,-15.873348271487636,-4.399999999994179,9213.434009876715,1149.2252549019634,632.0282352941178,30080.441216916228,42347.118433515396,127656.94438631785,133255.109765625,5598.165379307156,14659.67119542381,2.0682191193873427,1.9955323879613374,376902.3669721247,142688.06305022555,440483.33050539496,440483.33050539496,0.0,403007.7884684306,94225.5917430312,376902.3669721247,0.9694895563922354,0.9389863041123723,0.9084891475098985,0.8779985584051956,0.8475139527215675,0.817035122575682,0.7865606427261037,0.7560899276545002,0.7256234275296162,237697.149609375,90348.41548327776,281577.3,281577.3,0.0,275193.65,3.0146709465725214,-2.2178964262303684,254288.75538010048,59424.28740234382,237697.14960937487,591.0,-257936.5,249.87365808813593,-15.868453316155334,-27.20000000001164,16154.841842053567,2014.5336163014222,1205.423921568627,53712.417297488675,75527.10702002117,227819.4381488256,237697.149609375,9877.711460549383,26424.449468631436,2.0651796543509926,1.9942347639765536,672309.0654300096,255538.105641221,795958.6373299339,795958.6373299339,0.0,719235.1513198426,168077.26635750246,672309.0654300099,0.9702016366239707,0.9404232178843475,0.9106649483998578,0.8809268212061413,0.851208957182675,0.8215116305344308,0.7918338024803064,0.7621759563374894,0.7325365198862528,
137932.82539062502,36323.675035125,161745.4,161745.4,0.0,142830.5,10.022354773494529,-3.3726497981462034,142635.45733196218,17241.603173828113,137932.8253906249,429.1000000000058,-141478.2,505.513913753839,-22.5226201383371,0.0,6260.125445539757,555.2393189364318,378.32602739726036,16639.917598025007,35104.21910860553,135171.9801617478,137932.825390625,2760.845228877194,7082.116496438543,7.972438487971617,3.1469587426607135,390132.94472772384,102735.07831414677,457269.1262519482,457269.1262519482,0.0,403433.03146636253,48766.61809096549,390132.9447277238,0.9710897526532387,0.942168238754352,0.9132344656021774,0.8842923535633308,0.8553402984577931,0.8263798626871124,0.7974083608437806,0.7684288926322196,0.7394382160981551,238905.643359375,62136.87456476467,266813.0,266813.0,0.0,254395.2,10.667822250607681,-3.5257172541469264,246854.00059475278,29863.205419921833,238905.6433593749,628.0,-248018.8,505.68555149575707,-22.52834135231079,-48.80000000001746,10973.469433884582,968.6757771301474,626.1236790606654,28878.920454193132,60729.78865418536,233913.74906405454,238905.643359375,4991.894295320466,12810.788980762603,8.012033647431968,3.1568050048693563,675727.2019325958,175745.10724597727,753224.4268768906,753224.4268768906,0.0,698207.4148507415,84465.90024157458,675727.2019325955,0.9698031742847832,0.9396021775432877,0.9093955860945092,0.8791853542224611,0.8489713253003995,0.8187526425916802,0.7885316586255587,0.7583083774252773,0.7280844462178337,
101932.77128906251,71458.97286722477,164199.6,164199.6,0.0,144198.65000000002,-1.4645769242170013,-0.7120139046671686,124485.64040043775,66893.38115844711,101932.7712890626,587.6000000000058,-151247.0,505.53238679021115,-22.52322792399473,0.0,6692.327023234144,591.754736692946,383.30919765166357,15724.1485094119,27228.70406140274,101341.14258804325,101932.7712890625,591.6287010192444,5094.1956672434935,4.842345826690103,2.4456696551094876,288309.4152145341,202114.37480108612,463945.6284799116,463945.6284799116,0.0,352097.34364601586,189203.05373453812,288309.4152145341,0.9932866697705631,0.9865751589891801,0.9798660061505073,0.973159838793503,0.9664569903994128,0.9597580175373597,0.9530636862157825,0.9463738639238525,0.9396886931780744,166292.01796875,116252.88452757157,256473.1,256473.1,0.0,245715.9,-1.4641046880601176,-0.7298054296019039,202898.41892212955,109129.13679199261,166292.01796874998,724.5,-256140.8,505.68487391229564,-22.528316709647427,0.0,11332.774075656102,1000.6051493369016,616.8532289628181,25829.852044757128,44264.98888489018,165000.17754005056,166292.01796875,1291.840428699436,8809.843266960263,4.90012213905471,2.4503594711393073,470344.85425159347,328810.27403193456,724556.4087792786,724556.4087792786,0.0,573881.9375358564,308663.81060260814,470344.8542515934,0.9927719224263536,0.9855552575225356,0.9783512373888663,0.9711622032898686,0.9639902199372546,0.956836267799818,0.9497019156695329,0.9425884528465871,0.9354962043430468,
142370.109375,37425.81146714194,165532.3,165532.3,0.0,151034.75,10.112063835769284,-3.3946261097371657,147207.13096661965,17796.263671875,142370.10937499997,70.0,-142690.1,249.9542557834928,-15.872276528787655,-65.70000000001164,8936.463531437137,1114.065934640523,651.5992156862744,27869.39242444989,46749.47955853526,134840.239809672,142370.109375,7529.869565328011,9159.816971667015,2.1647706018003676,2.0403670880300666,402683.4791093319,105853.14379264995,468085.70332841965,468085.70332841965,0.0,416363.87018854456,50335.4348886665,402683.4791093319,0.9426321979324677,0.8852406172530342,0.8278268637835619,0.770393423537237,0.7129362777387925,0.6554513964947721,0.5979366835773102,0.540399707540773,0.4828337911598272,233721.47734375,60441.818712190485,255727.4,255727.4,0.0,249317.95,10.979531962650393,-3.59530356928685,241410.31962404246,29215.18466796875,233721.4773437499,606.3999999999942,-248572.4,249.93080862994103,-15.871160523955927,-34.20000000001164,15567.346392187492,1941.754451364854,1101.1207843137252,45501.66765645896,76846.24914789668,221108.32799673537,233721.47734375,12613.149347014645,14582.803587479482,2.165250776216091,2.040590108727347,661064.1661548147,170951.02046257205,723035.5281589635,723035.5281589635,0.0,682810.4298933601,82633.02076935195,661064.1661548147,0.9375219008017169,0.8750320605843871,0.8125287671454405,0.7500121276714717,0.6874826025348383,0.6249395633244647,0.5623810776152058,0.49980867012862706,0.4372219698529014,
148087.662890625,46309.97727889939,184758.1,184758.1,0.0,147289.45,5.266571976084979,-2.4185698627419963,155159.82049480322,27307.869631958023,148087.66289062507,1177.7000000000116,-183326.8,249.71970835895948,-15.86112214370346,37.39999999999418,11484.7071524719,1433.47285505575,897.7231372549021,31118.778505751405,47797.64740278889,139587.09380312456,148087.662890625,8500.569087500451,12001.819852811144,2.148951038798752,2.033159861580764,418855.1625601136,122654.73418030441,522326.2735229821,522326.2735229821,0.0,436444.53372691054,74016.6112072266,418855.16256011376,0.9493692003126447,0.8986071431785563,0.8477254966236784,0.7967317012722464,0.7456375022350135,0.6944500618511602,0.6431797789422509,0.5918311172702253,0.5404215929646097,245264.57382812502,72479.03220648204,284020.2,284020.2,0.0,259429.8,7.266111840147987,-2.980177404684819,255749.72391906902,38322.58966064454,245264.57382812497,1154.7000000000116,-284020.2,249.90324751510713,-15.86984828442867,53.0,17788.277080128133,2219.8938162245367,1258.083529411765,50581.03911619249,79515.00518303148,231207.16168625304,245264.573828125,14057.412141871957,19330.889281498123,2.158277951360531,2.037382156113641,693712.9733547834,192319.28926369944,801492.7378422123,801492.7378422123,0.0,719878.0441322188,104982.03069977739,693712.9733547834,0.9476236328620343,0.8952576644651976,0.8429001726632434,0.7905465439046164,0.7381992381191981,0.6858546737120984,0.6335111734457758,0.5811683407547336,0.52882533200089,
129565.8330078125,64802.26438275326,177284.9,177284.9,0.0,155614.34999999998,0.22682238404199362,-1.454806755784624,144867.6587514984,51117.770053863525,129565.8330078125,952.9000000000233,-150679.9,504.96751702981885,-22.50433452456665,0.0,6669.071339599049,599.1445437172771,417.2252446183954,18110.303247777574,33430.20382452074,129058.09328638422,129565.8330078125,507.73972142828535,5544.506858442597,6.533521630034629,2.8023976842037226,366467.5165196322,181457.1813945578,501298.4381300737,501298.4381300737,0.0,408931.7172141632,143879.62216346967,366467.5165196323,0.9906913031157707,0.9813648870740209,0.9720201893510211,0.9626572314079308,0.9532769470149395,0.9438790189973099,0.9344634416321032,0.9250297205344773,0.9155787151225414,213580.79042968748,106061.82845141816,284257.4,284257.4,0.0,261825.59999999998,0.29763958762407006,-1.5081897834823594,238465.64845911905,84264.29622421294,213580.79042968748,1095.2999999999884,-256923.4,505.4171029401937,-22.519376090528002,0.0,11368.886364169071,1010.6539458718389,672.0362035225049,29997.086380361437,54958.46749124799,212943.42578705703,213580.79042968748,637.3646426304514,9786.043192788276,6.6055683822628595,2.814720694203928,604097.7009760598,296738.94860611437,802954.4689802811,802954.4689802811,0.0,673043.8588564814,236894.47967714927,604097.7009760594,0.9901061951891066,0.9801995525514693,0.9702800915618712,0.9603472673459996,0.950401254850221,0.9404423764602818,0.9304704666195134,0.9204852752093717,0.910486562031521,
136353.213671875,46011.77004485604,173386.0,173386.0,0.0,138577.3,4.318531847265243,-2.3171521223725398,143907.19878209263,25778.513613891606,136353.21367187498,841.5,-173119.8,249.77104765944304,-15.863571619732644,29.70000000001164,10844.560571764383,1353.5636755094192,852.2611764705881,29662.192940668658,43612.21181324808,128198.26011162098,136353.213671875,8154.953560254026,12359.926029573237,2.142887495615623,2.0302659890610553,385665.1280958444,130129.15977225985,490155.49591874547,490155.49591874547,0.0,407027.25861079426,72898.59590571115,385665.1280958444,0.9551790908030193,0.9103083977803713,0.8653895571215248,0.8204200898588823,0.775401605208593,0.7303394270125806,0.6852398731638342,0.6401024564907778,0.5949334596133303,226153.43359375,73454.8598253039,266254.9,266254.9,0.0,240140.2,5.446015484705013,-2.687671648885598,237783.49807797375,42403.76879882813,226153.43359375003,900.3000000000175,-266194.1,249.91898050661462,-15.870597117644401,40.70000000001164,16671.473698289094,2080.463587850826,1175.741568627451,48577.43807740871,72566.74537872971,212985.14940617376,226153.43359375,13168.284187576237,20555.735206581372,2.148339197118897,2.03274371113243,639658.5059310489,207755.91753247663,753010.1735221909,753010.1735221909,0.0,672551.5039606282,119935.96986207165,639658.5059310489,0.9557764127344671,0.9115381491336054,0.8672833598958876,0.8230162103110461,0.7787389316861616,0.734454304331716,0.6901627207434924,0.6458664004598428,0.6015649828670664,
86521.6005859375,81068.15942565116,172810.5,172810.5,0.0,156164.25,-1.9726136453350884,-0.12452921949932565,118566.57977952849,80776.0255470276,86521.6005859375,221.30000000001746,-155482.5,505.7927579730917,-22.531930614537725,0.0,6878.9227252400415,613.860445540571,353.0487279843443,15748.026167605483,23928.221542652882,84601.95246969133,86521.6005859375,1919.6481162461785,5263.675823949531,3.287787258535401,2.162194820591569,244720.04197372153,228572.55739865048,488482.0216550504,488482.0216550504,0.0,334863.12567880534,227707.18419246012,244720.0419737215,0.9942074219768563,0.9884088804028193,0.9826049093897962,0.9767958594165658,0.970982214177177,0.9651643107714151,0.9593426870376656,0.9535166427956162,0.9476867170509249,144363.875390625,135342.21734353818,286711.7,286711.7,0.0,257230.8,-1.969412524842739,-0.12122454780982489,197884.9269481267,134777.21179046683,144363.87539062498,1274.7999999999884,-282117.0,505.5604871247793,-22.524152763270447,0.0,12482.90505535776,1102.190643418188,666.4252446183954,26126.68653807231,40038.9026416153,141217.7748864434,144363.875390625,3146.1005041815974,9120.346520549316,3.263266153672845,2.160351426725263,408322.70098832285,381377.9394809869,810093.4897538187,810093.4897538187,0.0,558727.6267244734,379685.55024236493,408322.7009883228,0.9939404591573509,0.9878749583068495,0.9818040129380844,0.9757277806302097,0.9696469420687028,0.9635616079719126,0.9574717866077511,0.9513776777983551,0.945279832194815,
102563.7935546875,78516.00594288991,178494.7,178494.7,0.0,150499.15,-1.6871039552418514,-0.5202248143606044,129166.92663972646,75320.28589172308,102563.79355468754,825.7000000000116,-157151.0,505.13892625268926,-22.510103516172503,0.0,6954.907097167786,635.7548814534274,410.44246575342464,16601.916121935556,27630.582964439807,101893.08319684089,102563.7935546875,670.7103578466074,5175.252363426288,4.387766533667771,2.3715750152999635,290094.2157069467,220328.05877588852,504323.90055939753,504323.90055939753,0.0,364278.8869404592,210624.68447249933,290094.2157069467,0.9940508619069475,0.9880944888767244,0.9821312744897639,0.9761601600499014,0.9701814159355014,0.9641945811264505,0.9582001295313652,0.9521978149026957,0.9461871756774538,172099.08242187498,131209.71453235584,288611.1,288611.1,0.0,268528.85,-1.69469363941824,-0.5455570824466889,216411.83737982914,126385.26365356498,172099.08242187515,933.0999999999767,-256968.4,505.5177217189688,-22.52273860598535,0.0,11370.342112345645,1004.6423933731775,640.9663405088064,28119.375895666682,46136.37975381639,171141.28372995663,172099.08242187498,957.798691918353,8775.503836178053,4.459993174262418,2.379001776889968,486769.7128659616,368319.2873107452,814890.3607360319,814890.3607360319,0.0,610412.8527224062,353713.2080505788,486769.7128659616,0.9940256926515189,0.9880446553646461,0.9820566197808402,0.9760607899778053,0.9700570506198685,0.9640450229533519,0.958024662901542,0.9519962047941192,0.9459594707832327,
142865.64101562498,37827.187660913696,171119.2,171119.2,0.0,141985.05,8.986515579798928,-3.0574337117352117,147788.65825610372,20179.58039855956,142865.64101562503,943.8999999999942,-169712.1,249.75632408940658,-15.862864230975273,62.40000000002328,10631.091110544858,1326.8181437908477,825.8274509803925,27950.363380480037,46926.55758027827,135553.20285283387,142865.64101562498,7312.438162791106,8994.520970971826,2.1616462939313497,2.03895036354991,404085.0542428456,103231.38348040097,483442.0120061261,483442.0120061261,0.0,417062.8844643468,56444.3270354106,404085.0542428456,0.9327746398360026,0.8653824673382746,0.7978272436104443,0.7301208009167229,0.6622798304312787,0.5943132348738335,0.5262417343219324,0.45808972079834265,0.3898701752316349,244340.01171875,61606.97735444384,275188.3,275188.3,0.0,258420.1,11.510248037517169,-3.6254539246850976,251987.0254308143,28633.595123291016,244340.01171874994,1068.5,-268235.3,249.83530166541166,-15.866621357197987,40.79999999998836,16800.52400236957,2096.1763598615926,1236.4752941176469,47047.830673627504,80558.71442205997,232197.44269595825,244340.01171875,12142.569022791748,13811.334977567582,2.163292458324862,2.0397035552009255,691097.9168061146,168498.81289314726,778010.0044817195,778010.0044817195,0.0,711342.5198595617,80460.02086377656,691097.9168061147,0.9322314183711438,0.8644484402705793,0.7966549908736116,0.7288464180893666,0.6610243846225652,0.5931902879244649,0.5253405597581544,0.45747735745630774,0.3896061811859189,
140603.976953125,49048.880812660616,171488.2,171488.2,0.0,153890.4,4.15795397490302,-2.417395395755314,148913.63619228936,29658.651388549762,140603.976953125,349.3999999999942,-143888.3,249.81787672906938,-15.865802872221057,-94.89999999999418,9012.550652521986,1123.5676186082298,711.5768627450982,31007.35392708579,44862.97094860651,133263.75162345084,140603.97695312498,7340.225329674152,13556.356584026036,2.116908103488236,2.0182740845047085,397688.10226140695,134277.2097249288,484786.0452204664,484786.0452204664,0.0,419745.3939375533,83515.13261189188,397688.10226140707,0.9667795747469125,0.9335240084177059,0.9002317269432989,0.8669077078245561,0.8335529932504818,0.8001647943525216,0.7667453125821221,0.7332933799508081,0.6998129861228028,240194.990625,82721.8645150974,278850.6,278850.6,0.0,268997.5,4.5133218505173485,-2.540303573069437,254040.4306211867,50666.13083496092,240194.99062499995,795.7000000000116,-256379.4,249.8743559274881,-15.868480556275491,-38.5,16057.247764924003,2002.4909557862354,1197.0964705882352,52741.94676022191,76703.43944463311,227419.78839848182,240194.99062500003,12775.202226518204,23647.7278283806,2.1240621386722696,2.0215795718605842,679374.026711907,225582.18796398473,787974.6946635565,787974.6946635565,0.0,715846.6258196441,141511.00853832922,679374.026711907,0.9645002445163854,0.9289804516872777,0.8934438417102468,0.8578905797991744,0.822321830466899,0.7867395520107288,0.7511465429626714,0.7155452644323967,0.6799362343844281,
110025.34257812501,74580.68560669545,180174.8,180174.8,0.0,150554.75,-1.3410672827573187,-0.7404746043691101,132920.4825262025,67906.26612243635,110025.342578125,1232.7000000000116,-157357.6,504.3794669294127,-22.484647721083974,0.0,6966.753603832752,633.9491523086965,458.73385518591,17037.845006798045,29126.31596326244,108982.02449526655,110025.34257812501,1043.3180828584664,5436.975193501498,5.091682917799025,2.511736664705063,311198.66335746075,209556.53373558537,508914.9327576074,508914.9327576074,0.0,375178.0229527626,191020.01140973638,311198.66335746075,0.9933912585387433,0.9867588751144996,0.9801030175619179,0.9734237245057207,0.966720924212895,0.9599952277546219,0.9532472320095188,0.9464768664989852,0.9396851574253623,197017.2416015625,132444.56871743037,310921.6,310921.6,0.0,276837.2,-1.3241837342172618,-0.7898036761991325,237397.04562406547,121596.57880096481,197017.24160156245,2012.8000000000466,-273873.8,504.44414701549164,-22.48680561019623,0.0,12124.769580022941,1085.8742360821263,796.1358121330725,30336.83598274338,52144.14342521105,195368.99366927688,197017.24160156248,1648.2479322855825,7962.7291120978525,5.1209396095900885,2.5104234001609136,557248.9101885331,372240.0015578421,877329.6572817571,877329.6572817571,0.0,670141.0050624346,342224.2976190071,557248.9101885329,0.9934417328944013,0.9868596774039896,0.9802541377601293,0.9736253318722371,0.9669736480260426,0.960299748364113,0.9536044988439528,0.9468880741472082,0.9401513291447725,
144079.357421875,39537.99165977925,174537.1,174537.1,0.0,160192.65,7.409928973400673,-2.7332946227441086,149405.87009749378,25314.179684448234,144079.35742187503,1130.7000000000116,-159957.6,249.42207780953322,-15.84698668279579,9.89999999999418,10023.373641776838,1250.5677324106114,863.7709803921568,28355.059390220857,47357.91875799597,137259.23898847905,144079.357421875,6820.118433395958,8195.582400023022,2.1211357918439466,2.0213230862882936,407517.96264803264,108632.31651928376,493130.61234524887,493130.61234524887,0.0,421748.5863321289,71206.75488864169,407517.9626480326,0.9418111593820216,0.8835280358713944,0.8251551170992525,0.7666908555925795,0.7081306538869327,0.64947599390497,0.5907250749352428,0.5318768695831997,0.47292676640650244,244169.18398437498,63045.33449156053,275804.4,275804.4,0.0,268907.7,10.20577100225078,-3.353541126003689,252177.12943236608,33535.8038330078,244169.18398437506,1172.5,-267331.7,249.77442950053546,-15.863730297395938,28.100000000034925,16745.263070977275,2089.524647443289,1277.6243137254905,47397.313085775364,80397.11916606216,232240.4472740264,244169.18398437498,11928.736710348576,13862.190930906063,2.1513424196252524,2.0343923748389265,690614.7430085494,172735.52157248466,779314.0508075838,779314.0508075838,0.0,711889.2355371607,94334.70446512057,690614.7430085494,0.9355168114782356,0.8709624907126678,0.8063412279969991,0.7416567787043753,0.6769108365295843,0.6121065044082468,0.5472440083723442,0.4823271123076916,0.41735203274898225,
122806.00097656249,69628.54746028892,177732.6,177732.6,0.0,154944.85,-0.5698027774146119,-1.1584365456622938,141171.69864135364,59004.44578170776,122806.00097656254,858.5,-154813.8,504.969707471971,-22.504422408269726,0.0,6852.034639537994,616.3831258305522,421.3367906066535,17863.476211660767,31941.242240753192,121360.08650114133,122806.0009765625,1445.9144754211757,6028.648699661602,6.005748968784426,2.689436153188633,347347.82424371655,195143.2227935963,502071.90688267467,502071.90688267467,0.0,398411.0796766513,165121.0225005036,347347.8242437166,0.991974273853644,0.9839384121299403,0.9758932429258085,0.9678382727171504,0.9597739882326125,0.951700883463744,0.943619104233648,0.9355281326889449,0.927428403273666,200120.88515625003,112869.28444149633,285869.5,285869.5,0.0,259755.3,-0.5387430098335506,-1.1947681127608052,229756.05333931127,96151.83153991734,200120.8851562499,943.8000000000466,-252600.8,505.4165778963063,-22.51936543094606,-21.099999999976717,11177.643873638594,991.5491576702013,664.4702544031311,29378.64314213582,51832.89357578969,197779.88502657894,200120.88515625,2341.000129671078,9875.759451464464,6.094571079940756,2.704397077096875,566027.3398041548,316300.96356136614,807661.9616653525,807661.9616653525,0.0,648408.2425105473,269069.88325474074,566027.3398041548,0.9916960235173075,0.9833909234366641,0.9750845358356435,0.9667772587929694,0.958468650137959,0.9501586993131701,0.9418472371404335,0.9335337849212422,0.9252189677502881,
94748.44492187501,77553.57403355099,174826.8,174826.8,0.0,139227.90000000002,-1.7931466122781672,-0.36505583890170096,122441.10690650853,75132.5559341425,94748.444921875,857.1000000000058,-161441.2,505.26059550032613,-22.514144977484225,0.0,7144.46084204694,636.6446666488023,417.9755381604696,15810.671545627758,25785.45079187512,94384.00763596522,94748.444921875,364.43728590977634,5365.260908735739,4.001555051442676,2.293765930801101,267989.0716445517,217591.72136254233,494401.7782057879,494401.7782057879,0.0,345201.8246278877,209366.46222230615,267989.07164455164,0.9939748558040106,0.9879308339369899,0.9818666544172779,0.9757820814692394,0.9696781207678044,0.9635540135539363,0.957411683755899,0.9512518555509332,0.9450756520422957,157030.5056640625,127760.51244225212,282575.0,282575.0,0.0,241112.9,-1.8097420284294414,-0.40043217400484765,202438.45545898154,124520.28378830072,157030.5056640625,1215.7000000000116,-263490.4,505.36223634749143,-22.517531319353683,0.0,11659.863610493192,1029.628479517161,656.4407045009784,26097.824195232788,42706.01558302988,156754.0202826181,157030.5056640625,276.4853814444255,8998.23839325246,4.035944444356111,2.300162235995157,444149.34163284476,358509.81215741514,798395.9636940057,798395.9636940057,0.0,570787.1083740719,346991.6731506596,444149.34163284465,0.9939352277063507,0.9878505724281621,0.9817460707928058,0.975622046638877,0.9694793322594174,0.9633183053890505,0.9571405931168153,0.9509477142602883,0.9447416334633558,
118917.81835937499,66235.1022511977,170920.0,170920.0,0.0,150262.25,-0.4754462396278103,-1.1832158636107828,136119.56616732187,55278.20462799072,118917.81835937504,1074.7000000000116,-149797.8,504.79668358559394,-22.49858809855001,-8.199999999982538,6630.614650989885,588.974763423853,409.2616438356164,17312.813889655015,30830.456013989824,117302.43358728602,118917.818359375,1615.3847720889746,5303.142824172922,6.113184555072744,2.7146530416395236,336350.3830632968,186514.74292945635,483041.4713699229,483041.4713699229,0.0,384602.8204744054,156009.1945580013,336350.3830632968,0.9917525521595738,0.9834923691400305,0.9752194979992908,0.9669332363495351,0.9586339660544728,0.9503219272859483,0.941996651351303,0.9336594873106857,0.9253098326276485,198923.2451171875,109903.65391153445,279891.3,279891.3,0.0,255816.25,-0.4213493579052541,-1.2384459721130363,227264.7587970009,92468.22722244269,198923.24511718727,1520.8000000000466,-255558.4,505.27154195722784,-22.514480193120395,0.0,11309.30885961872,998.3513413321846,643.9125244618394,29132.92351079777,51390.14329408529,196260.70798879777,198923.2451171875,2662.5371283897366,8754.983831137108,6.201289371421495,2.7301321907563194,562639.9022319883,309408.7817832069,791519.8805770525,791519.8805770525,0.0,642103.9275913126,260913.9060832884,562639.9022319883,0.9913443515597178,0.9826792800262245,0.9740048689562212,0.9653209139397203,0.9566278180421955,0.9479264446412249,0.9392172178892966,0.9305006298722038,0.9217767827484982,
143245.48671875,43603.788859982305,169047.1,169047.1,0.0,153932.5,6.582307776792792,-2.8534037243158417,149734.9654163565,23501.212664794904,143245.48671874998,355.6000000000058,-145200.1,249.74208890239257,-15.862208657308713,-16.400000000023283,9095.161527679882,1134.1628143021862,744.7145098039216,29938.336409810592,46316.72443144222,135357.6959541543,143245.48671875003,7887.790764595724,10855.354145766154,2.1426649022604902,2.030393695927988,405159.4201327827,118204.30168040133,477839.1453593774,477839.1453593774,0.0,422050.2489728966,66338.33374616725,405159.4201327828,0.957181166199829,0.9143180612724913,0.8714135180126157,0.8284705768738765,0.7854901629050041,0.7424735497457334,0.6994217350773417,0.6563368266802551,0.6132213145757146,246798.38203125,74428.23273153594,292352.0,292352.0,0.0,268385.4,6.935515790028727,-2.9507252991012773,257777.04164797626,40490.35955200198,246798.38203125002,1115.2999999999884,-250893.7,249.66773334634425,-15.85867029231786,-75.39999999999418,15716.928207550423,1959.531534025371,1275.9501960784314,51385.967095611144,79861.0278905842,233095.61254428673,246798.38203125,13702.769486963245,18931.269110486483,2.1468819288819025,2.0322927966545707,698051.2380806603,201547.36790101795,823019.1542265352,823019.1542265352,0.0,726565.1192383041,114252.80820196972,698051.2380806603,0.9561476809114208,0.912263961522469,0.8683484473561041,0.8243979333370973,0.7804082977685567,0.7363760079890673,0.6922974100732622,0.6481725306762618,0.6040025719541682,
143245.48671875,43603.788859982305,169047.1,169047.1,0.0,153932.5,6.582307776792792,-2.8534037243158417,149734.9654163565,23501.212664794904,143245.48671874998,355.6000000000058,-145200.1,249.74208890239257,-15.862208657308713,-16.400000000023283,9095.161527679882,1134.1628143021862,744.7145098039216,29938.336409810592,46316.72443144222,135357.6959541543,143245.48671875003,7887.790764595724,10855.354145766154,2.1426649022604902,2.030393695927988,405159.4201327827,118204.30168040133,477839.1453593774,477839.1453593774,0.0,422050.2489728966,66338.33374616725,405159.4201327828,0.957181166199829,0.9143180612724913,0.8714135180126157,0.8284705768738765,0.7854901629050041,0.7424735497457334,0.6994217350773417,0.6563368266802551,0.6132213145757146,246798.38203125,74428.23273153594,292352.0,292352.0,0.0,268385.4,6.935515790028727,-2.9507252991012773,257777.04164797626,40490.35955200198,246798.38203125002,1115.2999999999884,-250893.7,249.66773334634425,-15.85867029231786,-75.39999999999418,15716.928207550423,1959.531534025371,1275.9501960784314,51385.967095611144,79861.0278905842,233095.61254428673,246798.38203125,13702.769486963245,18931.269110486483,2.1468819288819025,2.0322927966545707,698051.2380806603,201547.36790101795,823019.1542265352,823019.1542265352,0.0,726565.1192383041,114252.80820196972,698051.2380806603,0.9561476809114208,0.912263961522469,0.8683484473561041,0.8243979333370973,0.7804082977685567,0.7363760079890673,0.6922974100732622,0.6481725306762618,0.6040025719541682,
96140.0205078125,76462.9639494813,172856.6,172856.6,0.0,142328.55,-1.7512757090040862,-0.4255518179858793,122839.27873112206,73607.20320129397,96140.02050781254,1060.6000000000058,-152109.5,504.7026667430025,-22.495477845229352,0.0,6733.35620082016,605.7313031123465,427.6712328767122,15653.59753679033,26169.685380042014,94939.75551334924,96140.0205078125,1200.2649944632535,5516.791524703867,4.122499445878405,2.3334168388757055,271925.04177795193,214581.6051965397,488877.0115030212,488877.0115030212,0.0,346393.55310782633,205710.34138842774,271925.0417779518,0.9943891403028869,0.9887613085909344,0.9831163641762347,0.9774552316282283,0.9717773621940816,0.9660826165312415,0.9603713967407622,0.9546441458140628,0.9489015246247876,163820.09843749998,129835.58390587238,288614.6,288614.6,0.0,241050.65000000002,-1.7572250139376133,-0.4455151019407725,209031.82413271678,125424.76286621203,163820.0984374999,1193.2000000000116,-266661.3,505.24947375898046,-22.513776594127528,0.0,11800.995824547115,1042.948240087932,711.8334637964772,27026.14105181501,44317.028508437,161231.40288515217,163820.09843749998,2588.695552347812,10243.077740636525,4.202900962849414,2.3440612626656114,463353.2099992161,364188.5221515564,815090.6840871421,815090.6840871421,0.0,589346.6525598599,350214.221207224,463353.2099992161,0.9940802304326041,0.9881557677343024,0.982226802005016,0.9762937080469399,0.970356104345017,0.964413782730113,0.9584672798541661,0.9525163042352,0.9465609985829989,
134840.04062500002,42794.28119261096,163356.3,163356.3,0.0,138098.85,5.522644785907174,-2.6020228690972456,141467.9718471425,23187.70671386719,134840.04062499997,708.6999999999825,-156674.3,249.73176915095138,-15.861706131320187,0.0,9814.223482207131,1224.564324490582,768.6082352941174,28643.409867008384,43396.68282166208,127072.84216133955,134840.040625,7767.198463660446,11434.212885557103,2.148611833293068,2.032924770419448,381385.2284056283,116171.09297796439,461944.3395124583,461944.3395124583,0.0,398685.8604085528,64586.386512041645,381385.22840562824,0.9544018830476715,0.9086785414974804,0.8628229529260836,0.816828624079352,0.7706981938650146,0.7244339172525861,0.6780347557014753,0.6315013032123257,0.5848327828771139,235899.6265625,74424.32281128237,282853.0,282853.0,0.0,243919.1,5.718434141990366,-2.6601180805156193,247361.301820323,40545.24831542972,235899.62656249997,850.6000000000058,-273344.7,249.82761675076844,-15.866262261148263,0.0,17120.927291338343,2136.4371580161405,1293.8533333333332,50000.2929181198,75963.78895920153,222314.69402081548,235899.62656250002,13584.932541684553,19706.533002970104,2.149336207276316,2.033261683572819,667224.9024868719,201987.78644601916,799534.1227690037,799534.1227690037,0.0,697128.4934443423,113014.82705602127,667224.9024868719,0.9540074803034542,0.907910777394838,0.8617109782882103,0.8154023163766791,0.7689877316998562,0.722467173394181,0.675842663498342,0.629114986001382,0.5822890482852312,
144086.4140625,41195.23834335395,175270.7,175270.7,0.0,141677.25,7.019883568270474,-2.7218173252832405,149859.7423578325,23347.029345703137,144086.41406250003,1093.1000000000058,-171135.0,249.6385219501587,-15.857269246143252,22.89999999999418,10721.50080453877,1337.9626174548246,866.9372549019606,29113.674604683205,46971.88469516879,136431.22918716315,144086.4140625,7655.184875336863,9721.631720087878,2.152928087954737,2.0349959078698308,407537.921841786,113036.43234221711,495663.75167817157,495663.75167817157,0.0,422923.62522774516,62788.669167474625,407537.92184178595,0.9423400845239491,0.8846976447650045,0.8270836298120078,0.7694999853446934,0.7119433388138281,0.6544118858336805,0.5969018953303679,0.5394042356066606,0.4819146562036885,241610.527734375,65840.74885515764,282326.9,282326.9,0.0,246647.8,9.06754740656551,-3.2300762359123723,250420.94824892568,32088.898214721652,241610.52773437503,994.5,-282326.9,249.85846449135175,-15.867724562351416,34.30000000001746,17683.152681645664,2206.805234909646,1309.5000000000002,47970.45539472978,79071.84223941002,228484.31498679222,241610.527734375,13126.212747582784,15491.194727538317,2.162272453226583,2.0392249870715453,683377.770268148,180364.37683502122,779916.6118511718,779916.6118511718,0.0,706778.950823913,85422.2212835185,683377.7702681479,0.9377696901643993,0.8756925252135068,0.8137836525350148,0.7520509147487714,0.6905010068786706,0.6291404452309031,0.5679654847481719,0.5069748838205075,0.44615997431300974,
111935.12109375,75936.85402676137,180819.0,180819.0,0.0,154724.09999999998,-1.3498918364790278,-0.7683468109642928,135262.25317417324,69959.45068359378,111935.12109374994,731.8999999999942,-149012.7,505.04647615038635,-22.50701949648612,0.0,6595.033195201685,599.5413383067638,418.3176125244619,17318.71756653142,29642.624647044762,109929.50497525392,111935.12109375,2005.6161184960777,4431.179348209996,5.082238925941946,2.505821811123899,316600.332713312,214777.8862645194,510799.26626345236,510799.26626345236,0.0,382577.19626558333,197875.20794581986,316600.3327133119,0.9938074882651903,0.9875975065166035,0.9813707826198222,0.9751275574769767,0.968868245089759,0.9625937283616938,0.9563041490602457,0.9500005334452224,0.9436831855360994,179903.5685546875,121527.56654165189,275563.9,275563.9,0.0,258522.0,-1.3480663617382471,-0.796613769561183,217104.22245605168,112439.73034667895,179903.5685546876,555.8000000000175,-243212.4,505.77714063364624,-22.531399505076852,0.0,10760.321134410255,949.9136622485366,586.8197651663403,27963.596305673724,47503.36475276744,176917.35462539067,179903.5685546875,2986.2139292968204,7227.596938283089,5.1376547766688,2.5108332179708377,508844.133138714,343730.28295154637,779256.9165796638,779256.9165796638,0.0,614062.5857741534,318027.58321169607,508844.133138714,0.993519965233868,0.9870382936058459,0.9805551113600891,0.9740702675841139,0.9675836814425359,0.9610956065428096,0.9546059565460732,0.9481143941194033,0.9416212785659371,
141016.47929687498,47422.99658507513,170541.5,170541.5,0.0,148184.84999999998,4.676855693763528,-2.4940291227393567,148776.97415391274,27542.281112670928,141016.47929687484,786.1000000000058,-170375.5,249.83280230395587,-15.866500921645834,2.7999999999883585,10671.481437369304,1331.7184282968071,786.5101960784309,30683.544764596147,45103.99040650336,132894.53341252345,141016.479296875,8121.945884351565,13249.828880218043,2.1416763661387312,2.0296536603701627,398854.8350794909,131128.99963726255,481690.22566641454,481690.22566641454,0.0,419857.11142263276,74785.28157740453,398854.8350794909,0.9574646899268974,0.9148855275499662,0.8722696661069832,0.8296283331540201,0.7869654295559818,0.744286296820922,0.70160056266297,0.6589055390470034,0.6162080099480687,235191.223828125,77667.39207245788,272348.0,272348.0,0.0,256662.35,5.227184591875204,-2.6723903146261874,247683.53913231316,45935.78590393071,235191.22382812496,680.3999999999942,-264655.4,249.93047578772038,-15.87114432527185,-12.199999999953434,16574.591038612536,2067.827518646675,1168.0917647058825,50860.486818337646,75352.69198228438,221903.6440528552,235191.223828125,13287.579775269784,21621.995523175494,2.1420356037134995,2.0298360934001747,665221.2369777213,215261.8021679469,769794.1661464521,769794.1661464521,0.0,699183.0501369167,125333.75468815063,665221.2369777214,0.9592558092319889,0.9184864171565098,0.8776959187235638,0.8368871108792416,0.7960644749040212,0.7552305418121146,0.7143898695322493,0.67354538082447,0.6326968382590266,
90264.3400390625,76856.47330631757,162828.4,162828.4,0.0,151345.75,-1.8914945925610056,-0.31997444601832925,118551.96570184827,75807.94182968128,90264.34003906255,372.0,-147633.4,505.6470884385989,-22.52706171033755,0.0,6532.08165616582,576.6156670662249,368.3502935420742,15521.890209798605,24607.06550977417,89591.92509693255,90264.3400390625,672.4149421299524,5491.4694748298525,3.82644823636602,2.258645760242243,255306.10776379798,216695.01898475186,459692.4165464135,459692.4165464135,0.0,334870.0343630377,213783.39439024136,255306.10776379803,0.9943023482273502,0.9885881423060219,0.9828575900047066,0.9771110747611554,0.9713490858044141,0.9655720501654725,0.9597797330024997,0.9539726848269087,0.948151155022507,157189.5361328125,133897.03257729457,284981.0,284981.0,0.0,260652.8,-1.8897375975944184,-0.31743316576419767,206487.20445260976,132014.64948654175,157189.53613281247,555.3999999999651,-251590.1,505.6727930086693,-22.527923475660522,0.0,11131.667652958813,983.8254203989623,617.9334637964776,27235.707718077294,42722.4105487098,156071.30611133986,157189.5361328125,1118.230021472645,9864.39002761293,3.853308573972967,2.2595693144887594,444599.1477243183,377571.3172886119,805892.5683667894,805892.5683667894,0.0,583291.0952485455,372350.82673943444,444599.1477243182,0.9943289515678673,0.9886416464968673,0.9829380841941099,0.9772179029866928,0.9714810591630109,0.9657274541499943,0.9599571318636493,0.9541703347570324,0.9483671681256843,
129444.508203125,44268.25998032447,159575.1,159575.1,0.0,141252.35,4.197114326033371,-2.3455894913414377,136804.82281569787,26202.997955322244,129444.50820312502,919.5,-150585.9,249.58005682577624,-15.854492006025586,-17.0,9434.348252340029,1177.0707973856238,774.9215686274512,28238.22342016205,41430.089904838176,122286.09315396189,129444.508203125,7158.415049163119,11788.815614227005,2.115579102140229,2.018313347223959,366124.3581511495,122689.93170599204,450805.81671851245,450805.81671851245,0.0,386134.5166824797,71220.60644757254,366124.3581511496,0.9606790982017772,0.9213018843525256,0.8818671884595575,0.8423767528394328,0.8028325386379465,0.7632418873118713,0.7236022841223799,0.6839161470565768,0.6441840746285692,224009.6296875,75555.60433812074,267852.7,267852.7,0.0,238977.65000000002,4.58726406688593,-2.4692386865955687,236408.46757176338,43751.880798339815,224009.62968749998,1361.8999999999942,-259508.8,249.75838653731356,-15.862962907853907,0.0,16255.39304181846,2028.2603737024217,1232.1341176470587,48758.08383419256,71684.79800559528,211588.33560024152,224009.6296875,12421.294087258497,21400.955942920416,2.1306444881088,2.0247261791790754,633594.9128124745,209319.3019856844,757394.2709208867,757394.2709208867,0.0,667275.8677830492,118799.04615233901,633594.9128124745,0.9597619814240426,0.9194729560334244,0.8791309388520004,0.838733230771652,0.7982774144180697,0.7577660075583165,0.7171937219019386,0.6765603613423974,0.6358622149220561,
132492.1453125,39482.018276365896,162324.2,162324.2,0.0,134751.25,6.006748847981701,-2.5274496148097225,138249.76794441248,23916.931750488293,132492.14531250007,1002.0999999999767,-154903.6,249.50115362306087,-15.85073186632168,-9.10000000000582,9705.85522991754,1211.0119646289886,805.0631372549021,27213.523685245462,43035.127369813155,125198.37773368174,132492.14531249998,7293.767578818238,9658.521073786995,2.142473393847969,2.0304042229518453,374744.37761768885,106491.6669924954,458981.2439012351,458981.2439012351,0.0,389581.6008167089,64615.50605317438,374744.37761768885,0.9478749237076827,0.8956738660703241,0.8433949081486761,0.7910349966846482,0.7385999118048705,0.6860900137396626,0.6335072423516018,0.5808435924992771,0.5281054453323596,228906.82656249998,67186.4021477944,276286.4,276286.4,0.0,227649.3,6.552427570213233,-2.6637622199139437,238563.08993739923,37970.671301269496,228906.8265625002,1354.8999999999942,-272833.9,249.72530523020222,-15.8613918213014,0.0,17091.327404146396,2133.0067758554464,1318.5964705882354,46836.05935288351,74381.40565060075,216037.08995456016,228906.82656249998,12869.73660793981,16128.58131586913,2.153740704758941,2.035368768658269,647446.2772889468,180568.6915087932,781374.2417699099,781374.2417699099,0.0,672154.5464612388,101522.96687050675,647446.2772889467,0.9450845706769171,0.8900899348381166,0.835015014879701,0.7798632584247157,0.724635074231694,0.6693327514920014,0.613957139466368,0.5585110433938768,0.5029967837647584,
135915.16484375,37461.72166955806,158527.3,158527.3,0.0,142869.25,8.54155008286899,-3.105839865246845,140983.3771228054,18843.0852722168,135915.16484375004,710.0999999999767,-149235.7,249.69675191976097,-15.8600416030635,-0.8999999999941792,9348.475671422399,1166.291770857363,746.1509803921568,27176.252647259516,44418.06395305935,128534.02991478676,135915.16484375,7381.134928963246,9363.30129640902,2.15585916417695,2.0363465916639893,384426.1389084123,103023.66068768555,448269.70753710886,448269.70753710886,0.0,397991.6216926197,51121.13741722271,384426.1389084124,0.9432753418571895,0.8864802636416641,0.829614653718124,0.7726771483941121,0.7156697569509656,0.6585927720702781,0.6014501311681805,0.5442457432476757,0.4869732333406265,237668.73867187503,65185.516063744915,275380.2,275380.2,0.0,244073.1,8.766766667052126,-3.1586243038368784,246445.8984166236,31997.83793945308,237668.738671875,1372.2000000000116,-260225.6,249.70918191673152,-15.860623824461266,0.0,16300.889042201252,2033.6061176470637,1266.3807843137254,47465.23090535168,77683.4567648191,224875.7319290089,237668.73867187498,12793.006742866068,16023.497239527096,2.1586721431711293,2.037593611575498,672228.7071637452,179231.80675563688,778707.9188747506,778707.9188747506,0.0,695712.2072293473,86880.81732832828,672228.7071637452,0.9428885108928874,0.8856770031746348,0.8283656615232554,0.770956808388233,0.7134526639129675,0.6558567884565583,0.5981693385293956,0.5403938738755775,0.4825299728827542,
96275.95644531249,72659.54121977082,166624.4,166624.4,0.0,137300.65000000002,-1.646491482981261,-0.539412384163975,120617.03329019199,69198.3436950689,96275.95644531248,694.2999999999884,-151129.4,505.1974618085134,-22.512037558109586,0.0,6688.266108909035,596.1081123310684,399.15988258317003,15479.811199147465,25882.45916147762,95662.82628025056,96275.9564453125,613.1301650619357,4514.766322242167,4.467345176050321,2.3812229666411064,272309.5266708047,205508.63951506265,471117.989338182,471117.989338182,0.0,341154.333448968,195722.47229464073,272309.5266708047,0.9937459653773787,0.9874843809579005,0.9812144338170493,0.9749354157682341,0.9686470475227349,0.9623493544387816,0.9560428372945872,0.9497277381475178,0.9434034006206542,161439.034375,121271.73631437955,269813.2,269813.2,0.0,239671.45,-1.6522591107360238,-0.5677937994605645,201914.32799243552,116034.30595703034,161439.03437500008,681.8999999999942,-252571.9,505.642201989467,-22.526891559642706,0.0,11175.11942351595,986.6970821956155,611.110567514677,26037.22764304167,43284.31146044348,160443.01812186613,161439.034375,996.016253133856,7567.067578364765,4.518845202081506,2.388430562012619,456618.54381908267,343005.5754559778,762593.5210169343,762593.5210169343,0.0,571098.34473,328194.5783699655,456618.5438190826,0.9936160721879551,0.9872379143964143,0.9808637211140179,0.9744923369082992,0.9681227764252035,0.9617540003602754,0.9553849594660682,0.9490160802105165,0.9426465555510211,
87021.9443359375,81176.0069224307,180289.1,180289.1,0.0,136884.55,-1.9056477879832041,-0.09232805346718743,119005.72631549089,79883.42546463013,87021.94433593751,878.5,-168298.2,505.1780093883983,-22.51137835021004,0.0,7448.3413889286385,658.5681802689265,440.36516634050884,15484.208573424654,24273.459938902517,86304.24441970125,87021.9443359375,717.6999162362507,5436.626040304171,3.245541654539055,2.163884518932712,246135.22780791874,227778.85186380686,509850.11683106574,509850.11683106574,0.0,335359.1443876999,223060.0502009263,246135.22780791874,0.9943086521243466,0.988606950528015,0.9828945526237841,0.9771714253014515,0.9714367816513119,0.9656901932831713,0.9599317559528634,0.954163212875394,0.9483819880912416,146391.261328125,135949.29030686905,293347.1,293347.1,0.0,237666.45,-1.9283500737827302,-0.1171823111772095,199781.40786414722,134382.60317230178,146391.26132812505,1270.100000000035,-283421.7,505.3983868535325,-22.518736481961184,0.0,12541.870623522713,1107.4610016046183,693.0129158512719,26063.922782407466,40737.71188629647,145191.41089558613,146391.261328125,1199.8504325388542,9118.853766030108,3.2841880278041744,2.170458297072119,414057.0143662768,381431.4140795216,829508.131736128,829508.131736128,0.0,562968.1472273708,375239.16926943825,414057.01436627685,0.99417882112644,0.9883429286985651,0.9824923828848419,0.9766282037279681,0.9707507447466945,0.9648605517776272,0.9589585441041375,0.9530451157246566,0.9471208900779494,
136340.75703125,45291.5824675818,170819.6,170819.6,0.0,135499.25,4.463057008705808,-2.3264419853090756,143666.73056164436,25869.78883666991,136340.7570312501,1108.3999999999942,-162447.0,249.5428021981243,-15.852713862024293,0.0,10178.007657301032,1269.9282183775472,830.1301960784311,29471.300213787054,43697.063384923866,128532.6241635031,136340.75703125,7808.132867746878,12108.413960371465,2.137778849338468,2.0279715110283094,385629.8953956174,125238.55096600462,482833.72339761036,482833.72339761036,0.0,405456.66953559825,72482.2479802787,385629.89539561747,0.9571490072144522,0.9141168244721694,0.8708916943293787,0.8274787834362064,0.7838780336694928,0.7400905005155031,0.6961178714866527,0.6519621759252421,0.6076334005780711,223305.915625,71269.38709702405,261879.7,261879.7,0.0,233217.1,5.687652822561169,-2.7070436285886617,234403.19428349327,40125.28171386721,223305.9156250001,1002.0,-257718.5,249.86323133551585,-15.86794771597854,0.0,16141.488180931065,2014.1547989234898,1158.463529411765,47613.23018764709,71794.9953447169,210303.89237673077,223305.915625,13002.023248269234,19163.599330846813,2.1488584793993075,2.0330170803627317,631604.5088700342,197015.41634331268,740489.8226564504,740489.8226564504,0.0,661618.7194312793,112731.0173197806,631604.5088700341,0.9552416038646376,0.9104286102649906,0.8655596530121765,0.8206357032573112,0.7756580169357205,0.7306252083394761,0.6855404126719309,0.6404044926458556,0.5952181929987911,
137789.09375,23876.08505224733,160064.2,160064.2,0.0,133619.55,18.860018517482203,-3.5866928715195634,139842.41772033423,15501.33173828124,137789.09375,783.8999999999942,-153014.4,249.64177232406294,-15.85742933223717,0.0,9586.061690733532,1196.176772010765,785.2121568627452,23290.961471052597,46792.59860782944,135258.44455963734,137789.09375,2530.649190362649,3162.731986569439,2.146929959061757,2.032448994433916,389726.4102566958,56417.15427740319,290080.9756848961,452534.8342198698,162453.85853497373,393788.73796533427,42815.281350360754,389726.41025669576,0.8543389018679205,0.7083884822942007,0.5621633868302996,0.41564353864750325,0.2688264998713847,0.2661592425142394,0.26330275170939527,0.260262254623302,0.2570444837229383,230129.50898437502,35179.00039276968,255196.7,255196.7,0.0,226145.1,32.820076277711706,-5.39250344153849,232802.81994431268,16914.925030517577,230129.50898437508,697.3000000000175,-245315.6,249.83444296124324,-15.866585636134998,-13.60000000000582,15365.069122777337,1917.177174932716,1169.0607843137254,37748.66035731148,78558.48088749693,225764.1399740148,230129.508984375,4365.36901036018,4720.80646748024,2.1620509833751553,2.03914830642941,650904.5454159284,79808.1499826225,461195.5487865208,721444.2550585814,260248.70627206058,655778.9780457781,46825.941778179054,650904.5454159284,0.8213337522457546,0.6425577907462674,0.4636813818950743,0.2846991487066825,0.10561115188417697,0.10460191150023103,0.10352371417065431,0.10236472864923134,0.10111800349192604,
91167.9771484375,75916.60823125836,174174.4,174174.4,0.0,137222.3,-1.8101785952190521,-0.3256378470333162,118637.81632631471,73717.85652236878,91167.97714843748,993.1000000000058,-153519.0,504.5949577351429,-22.491870130786296,0.0,6796.050475155482,608.6968707993578,432.24031311154596,15348.608393588967,24874.972440964477,90366.28347144552,91167.97714843751,801.6936769919822,4697.952349670176,3.9054859750850834,2.277489504357254,257861.9794748815,213966.75205041486,492001.2213943377,492001.2213943377,0.0,335073.97905792075,207816.6969805135,257861.9794748815,0.9942340950243826,0.9884522575102196,0.9826538412179188,0.9768399159594439,0.9710094856003624,0.9651626148588351,0.9592988105280819,0.9534180377648724,0.9475190704172208,151891.3328125,125729.65069757427,277437.0,277437.0,0.0,236919.8,-1.8311256771295672,-0.3611441021907477,197177.38726357973,122818.38239135852,151891.33281250007,1289.3000000000466,-256580.0,505.3304771958352,-22.516467336028338,0.0,11354.238778401956,1002.4147724618141,645.1692759295497,25558.61092404416,41354.90747068676,150755.66616534838,151891.3328125,1135.666647151641,7936.890067724536,3.954664483221527,2.2857632098428136,429613.56574072613,354344.37289889436,784077.1574409954,784077.1574409954,0.0,556891.1477780661,346226.18688438955,429613.5657407261,0.9940617130879356,0.9881185517868741,0.9821700750061703,0.9762161904096734,0.9702570777597379,0.9642927202258464,0.9583230245320029,0.952348155810685,0.9463683795056458,
79456.358203125,78951.21361657049,181435.7,181435.7,0.0,132234.05,-1.8703937828828296,0.05348214514276632,112011.63774551578,77594.09980773945,79456.35820312497,936.2000000000116,-173194.5,504.8756304663287,-22.501262150291375,0.0,7666.280163910366,681.2401269909254,464.1704500978474,14502.088274707003,22526.688273871947,78235.43809199288,79456.35820312501,1220.9201111321288,5309.786191764733,2.816616684595396,2.0463842524759763,224736.51877526825,221711.73898952012,512889.4385533008,512889.4385533008,0.0,315693.83598192665,217713.50256354085,224736.51877526828,0.9938238977426351,0.9876278389108948,0.9814099355291513,0.9751676617615489,0.9688994307725499,0.9626035484073312,0.9562788431821787,0.9499253364715395,0.9435423420347606,125586.2859375,123118.240691729,264578.7,264578.7,0.0,228692.55,-1.9706396099798031,-0.025308213100264862,175869.31627376625,122642.85736084117,125586.28593749994,840.7999999999884,-260678.8,505.7208911673385,-22.529515839370376,0.0,11533.491656652397,1018.5029216340199,601.6389432485323,22370.572419110926,35728.742659684074,123469.24021605974,125586.2859375,2117.0457214402604,6558.339923284495,2.8532401260596325,2.0590583553209525,355211.6576417561,345936.2531127379,748062.3352421944,748062.3352421944,0.0,495829.82256242353,344111.29334045126,355211.65764175606,0.993893972102045,0.9877883421513737,0.9816820410088395,0.975573611636058,0.9694623788702751,0.9633474955586918,0.9572288021686596,0.9511054035885935,0.9449768754080561,
