196744.766796875,105315.0287460783,255930.7,255930.7,0.0,251521.75,-0.2236878244792342,-1.3320236942904542,223158.5950433996,87612.90396423357,196744.7667968751,90.10000000000582,-251894.7,250.0002654692953,-15.874457717371152,-12.5,15774.322568431939,1967.7760707420223,1020.7450980392159,47973.805027070215,62810.15005872132,191099.90038910296,196744.766796875,5644.866407772031,23331.583222103356,1.5711528295448778,1.7782746382696633,556478.2350601449,294950.7622713825,723838.6600410354,723838.6600410354,0.0,629812.6533026496,243459.2278388135,556478.235060145,0.9813953040530818,0.9627901109571988,0.9441865990092001,0.925585581622546,0.9069868384378554,0.8883920978627814,0.8698021744636589,0.8512173650990329,0.8326374401941627,141610.055859375,75789.92888999252,183222.4,183222.4,0.0,181995.9,-0.2224548176868586,-1.3331810321462723,160616.06781902438,63060.7279998781,141610.05585937502,55.69999999998254,-183187.8,250.00180851424855,-15.874530920509224,3.6999999999825377,11471.69038520308,1431.1759292579754,734.9749019607837,34528.72231582975,45208.934516752895,137499.11991195203,141610.055859375,4110.935947422947,16705.58380917795,1.5711761931148516,1.7782634468370806,400533.72312947945,212214.7145475226,517971.8038984182,517971.8038984182,0.0,453279.54777868476,175233.50386914727,400533.72312947945,0.9812222571034052,0.9624423259223308,0.9436591622620458,0.9248747444621537,0.9060901468715775,0.8873056438823776,0.8685226599602134,0.8497412346851412,0.8309606422565148,
152466.961328125,131923.3461694061,276898.3,276898.3,0.0,257675.45,-1.9107994522883516,-0.2871281600126642,201618.31157205172,130430.72082367007,152466.96132812495,249.0,-276898.3,505.95226870103846,-22.537241739502978,0.0,12249.581515173833,1081.723556512123,596.7340508806263,26643.51561867401,41521.94020384705,152125.27516541534,152466.96132812498,341.6861627096296,10507.774243286936,3.7714706669057163,2.243587158069075,431241.68904809724,370113.79465108376,782739.8063857374,782739.8063857374,0.0,568290.0802970964,363860.17513433174,431241.6890480973,0.9936867797001939,0.9873735444501681,0.981060489716937,0.9747475028368765,0.9684344614836308,0.9621218473677993,0.9558093821736825,0.9494973338796188,0.9431842617939543,104009.2734375,89931.97319082676,184143.4,184143.4,0.0,178909.75,-1.9140999358629676,-0.2913824386683815,137497.95912300746,88976.68313598633,104009.27343749996,124.39999999999418,-183121.8,505.9761096075003,-22.538036814645853,0.0,8100.934392871758,715.3090712734619,383.22465753424643,18113.3252804502,28359.84129573381,103837.88497383041,104009.2734375,171.3884636695894,7118.659727641474,3.762053568204495,2.242999860060549,294182.6502157685,252427.31805954524,520791.25076704327,520791.25076704327,0.0,387637.6950074748,248216.61111955493,294182.65021576843,0.9938695370045091,0.9877386751666186,0.9816080244782205,0.9754766908997053,0.9693446159428358,0.9632124744165965,0.957079871748333,0.9509474575381045,0.9448149038353802,
133237.2037109375,129646.08147400965,262336.5,262336.5,0.0,257271.65,-1.9968023317463124,-0.05454087795790651,185903.89693138606,129593.99892196583,133237.2037109375,90.10000000000582,-262336.5,505.99540254441916,-22.538680176038238,0.0,11605.12182429432,1024.7669034661997,531.6230919765164,23647.58561057618,37831.255487340735,129812.30903901291,133237.2037109375,3424.894671924581,6731.106852958211,2.9036835524786975,2.072619708496005,376851.72100134945,365410.4984215945,740694.4240035869,740694.4240035869,0.0,524920.9959397671,365075.10472005716,376851.7210013494,0.9940383195854123,0.9880781720037702,0.9821193724314272,0.9761619930439593,0.9702055700853732,0.9642503454402371,0.9582969368398958,0.9523451148758401,0.9463945766024761,92104.10019531251,89622.51612487335,180764.8,180764.8,0.0,177171.3,-1.9967319624352673,-0.05448223238978203,128512.10320176597,89585.6287055962,92104.10019531254,59.70000000001164,-179900.1,505.9926618256548,-22.53858881724895,0.0,7958.348169928008,702.7301657086103,366.2287671232878,16328.995964083118,26164.4644909573,89749.91893265194,92104.1001953125,2354.181262660552,4645.839891451029,2.9009251041581576,2.072581390851065,260509.73529276275,252617.12674405889,511233.46518244,511233.46518244,0.0,362878.402370173,252368.80606486383,260509.73529276272,0.9940912276945819,0.9881838682028229,0.9822777026049667,0.9763719221604427,0.9704669710863512,0.9645628133742348,0.9586605076657777,0.9527597621056518,0.9468599861797662,
141098.424609375,128960.06397644297,263551.6,263551.6,0.0,255380.8,-1.9666669486477342,-0.17962181254989615,191152.9846171797,128421.6130233778,141098.424609375,73.89999999999418,-254446.6,505.99076702290563,-22.53852564819873,0.0,11256.129678591662,993.8612344468569,523.4048923679057,25162.06255345392,38960.20519015713,140910.9692620575,141098.424609375,187.4553473174946,10348.313118157632,3.4071982140542802,2.1826639492351996,399086.61142411164,363537.6204843883,745316.2507021175,745316.2507021175,0.0,539842.31487114,361672.2416031009,399086.6114241117,0.994153803611484,0.9883060757691892,0.982456523361555,0.9766055785191955,0.9707528901757428,0.964898632273238,0.9590426461865378,0.9531850579229613,0.9473259650102929,97642.02109375001,89244.41106819459,182202.9,182202.9,0.0,175445.59999999998,-1.966534596933729,-0.17947198045514443,132282.00629783786,88869.4957611077,97642.02109374995,29.10000000000582,-174610.8,505.9953422175874,-22.53867818380496,-3.6000000000058208,7724.365691866417,682.0141221885749,357.03091976516635,17374.959650517274,26987.058073251574,97490.13926325625,97642.02109375,151.88183049374942,7058.8842008242245,3.39970691392345,2.182610736997327,276173.3409766022,251593.45746098363,515280.2726465097,515280.2726465097,0.0,373591.9995173215,250282.09026004546,276173.3409766022,0.994219779019775,0.9884383935698559,0.9826556556666416,0.976871278885947,0.9710847104116364,0.965296365831946,0.9595062753088325,0.9537137966685604,0.9479196850876747,
179686.26718750002,119012.10631165987,263870.9,263870.9,0.0,254867.95,-1.2806863590123947,-0.845113581259831,215525.0242188027,109496.31906738241,179686.2671875,170.10000000000582,-260951.6,505.9546108866528,-22.537320317152393,0.0,11544.087863123983,1019.3217772603557,559.5379647749506,28159.162515385004,47064.88360217533,178478.12738179465,179686.2671875,1208.1398057053445,7186.983529226281,5.329666558436049,2.5407619775443533,508229.51205751643,333441.2033362674,746276.4663556296,746276.4663556296,0.0,607848.8899459792,306111.5465862301,508229.5120575165,0.9925988414725919,0.9851977551147464,0.9777965791044573,0.9703948121805374,0.9629929134002992,0.9555906112139503,0.9481884410975735,0.940785869299243,0.9333830887783526,125500.2060546875,83099.18105740928,183442.5,183442.5,0.0,178818.85,-1.2801773300241814,-0.846952993623117,150518.3563960925,76476.6880645752,125500.20605468743,71.5,-179713.0,505.98645679277496,-22.538381926069533,0.0,7950.0980934230565,701.9760072916463,373.17201565557747,19637.025551929062,32890.596229326635,124642.39197973748,125500.2060546875,857.8140749500145,5096.999367502857,5.32281672525659,2.5412387348944603,354968.1869663142,232882.55985518423,518819.4481523655,518819.4481523655,0.0,424542.9312129171,213912.1024119478,354968.1869663142,0.992737543584794,0.9854746594986727,0.9782105624872851,0.9709456002245436,0.9636804759280476,0.9564149225973304,0.949149595430381,0.9418834833156225,0.9346164432306194,
234809.3828125,60760.67682784957,256548.6,256548.6,0.0,249807.05,10.945570528964897,-3.587657362095954,242543.41076468254,29351.172851562522,234809.38281250038,123.20000000001164,-249223.1,505.97946651641973,-22.538148848619507,0.0,11025.103275434301,973.5409423217532,529.1806262230923,28306.5416111536,59718.280447026234,230135.92347908873,234809.3828125,4673.45933341126,12203.022467502225,8.006667565707758,3.1554241052789487,664141.2274917869,171856.8237429375,725578.9558955526,725578.9558955526,0.0,686016.2810905501,83017.65343647341,664141.227491787,0.9689461754788049,0.9378900919708822,0.9068328012167948,0.8757726401513218,0.8447109326763553,0.8136470372315011,0.7825801870277009,0.7515102681429138,0.7204375114663563,158533.0806640625,40990.897510559684,171517.9,171517.9,0.0,169749.85,10.98850019166232,-3.5974123592442444,163746.72926064616,19816.635083007837,158533.08066406255,76.0,-171517.9,505.98039594027273,-22.538179855698086,1.7000000000116415,7587.5854302183025,669.9921928914179,363.1479452054792,19128.07262711645,40305.91632091693,155301.87530454702,158533.0806640625,3231.2053595154844,8408.275383976485,8.015706382741595,3.1577307400832133,448399.26551981026,115939.55069761435,485085.5402976379,485085.5402976379,0.0,463145.6366356807,56049.908189976246,448399.26551981014,0.9682023096898321,0.9364041872965727,0.9046083161789719,0.8728141230639679,0.8410164520545933,0.8092205426311564,0.7774252490254606,0.7456306182460724,0.7138375377627674,
241550.073828125,62410.86159684925,262171.7,262171.7,0.0,258430.85,11.028542086090251,-3.6063114186362197,249482.57216012845,30193.759228515642,241550.0738281252,90.20000000001164,-252125.3,505.9765433177648,-22.53805145337455,-3.8000000000174623,11153.522928342096,984.7837332118087,536.5113502935419,29115.198232033734,61428.58721375285,236707.27942849067,241550.073828125,4842.794399634316,12638.93854775273,8.010301039061487,3.1563542673614813,683206.7807999137,176524.16889089698,740390.1913109813,740390.1913109813,0.0,705643.1729518845,85400.84759998921,683206.7807999138,0.9693274114377269,0.9386552324416327,0.9079842037166798,0.8773153679339252,0.8466473746080427,0.8159802396758064,0.7853142771702807,0.7546488215803017,0.7239837021029668,163622.9287109375,42261.78182202078,177843.7,177843.7,0.0,174630.75,11.047615045234073,-3.610528937149988,168992.6655293555,20452.866088867184,163622.92871093747,63.59999999997672,-174003.3,505.9850166022751,-22.538333918178616,-1.400000000023283,7697.520411344967,679.6683728999203,364.8628180039141,19730.35877843289,41604.72376999284,160313.30386523428,163622.9287109375,3309.624845703219,8619.66867408171,8.014328531859798,3.157377946240057,462795.5297964279,119534.1993998089,502531.98590985365,502531.98590985365,0.0,477983.3963912446,57849.441224553506,462795.5297964281,0.9686961372174524,0.9373923686819319,0.9060891976117005,0.8747873732147187,0.8434893319658231,0.8121926369689053,0.7808983553004032,0.7496050453575328,0.7183092016068126,
239771.75996093752,62167.912853028116,265178.8,265178.8,0.0,254182.55,10.837238855905715,-3.5631566362748948,247700.11357136507,29971.469995117237,239771.75996093763,154.20000000001164,-252538.4,505.95139772102755,-22.53721300420622,0.0,11171.918712519302,986.4898143006533,559.4031311154599,28912.35641607933,60983.47912229615,235054.11967167238,239771.7599609375,4717.640289265105,12419.283483629306,8.00289878631267,3.154455270645263,678176.9496216483,175836.67343282053,749997.5804362849,749997.5804362849,0.0,700601.5349127091,84772.11870270602,678176.9496216484,0.9693287254252301,0.9386482212166486,0.90795962879492,0.877263153507931,0.8465590987211895,0.8158477086008169,0.7851286935413333,0.7543966933701296,0.7236556507502724,161588.1783203125,41826.02345873865,176754.4,176754.4,0.0,171758.7,10.929021761698682,-3.5841124920434426,166913.61721335998,20198.522290039087,161588.17832031273,118.10000000000582,-173996.6,505.9664952538998,-22.537716284717867,0.0,7697.292246550489,679.6933207210419,377.0634050880628,19494.53320215543,41087.64245990142,158349.212408517,161588.1783203125,3238.9659117954925,8464.620096248267,8.01112420419972,3.1565490343627705,457040.38659949624,118301.49321588127,499911.271402081,499911.271402081,0.0,472102.91068804497,57130.048324937,457040.38659949624,0.9684725757179804,0.9369421572233002,0.9054099804417106,0.873878052469033,0.8423444751509802,0.8108071987718177,0.7792696170318067,0.7477301200010925,0.716190081191705,
233359.40703125,68000.14692469442,256417.5,256417.5,0.0,253736.65,7.84313303634721,-3.133093882531876,243065.0794165147,36462.40734863281,233359.4070312499,36.0,-249202.0,249.9987693847891,-15.87438679860933,-6.7999999999883585,15605.736034227926,1946.6551295655504,1012.5439215686274,47915.187852904586,75736.48732585736,220022.5340282514,233359.40703125,13336.873002998607,18077.808631619333,2.159484302446554,2.0379313142298576,660040.0766618744,181966.56283354387,725210.942171284,725210.942171284,0.0,684663.9561049399,101734.23173230818,660040.0766618744,0.9505526709775615,0.9011099334867468,0.8516731096840334,0.8022396202058109,0.7528090106357244,0.7033826656695698,0.6539605593238803,0.6045415348644668,0.5551296478426057,159157.29374999998,46390.95942017261,174954.4,174954.4,0.0,174200.95,7.831145025805647,-3.130023893037604,165780.4731256004,24868.32714843751,159157.2937500001,31.10000000000582,-168200.5,249.9975551735088,-15.874329194684657,-5.599999999976717,10533.216408089556,1313.861690119183,690.2623529411766,32689.718783162214,51652.86075275317,150118.82467849858,159157.29375,9038.469071501424,12275.57056676449,2.158477171835017,2.0374753239813246,450164.8067436974,124292.81444852316,494735.74473854224,494735.74473854224,0.0,467008.6262095438,69539.04085213073,450164.8067436974,0.9511299619330577,0.9022602735045796,0.8533881503657086,0.804515482815653,0.7556393134325253,0.7067607039158212,0.6578784704319098,0.6089920693927849,0.5601056071458169,
216458.37578125,80408.68815249989,251365.6,251365.6,0.0,246318.7,3.3771525180054542,-2.3157560565419737,230910.77405842888,52423.512884521435,216458.3757812501,13.200000000011642,-239677.2,250.00126511671021,-15.874505136161964,-42.79999999998836,15009.278190550449,1872.0898239138792,986.2439215686276,48670.4711073358,68789.37231927375,206585.62014183018,216458.37578125,9872.755639419827,23773.299683391626,2.0888911619531987,2.005008646712642,612236.7414381914,223949.89375305185,710224.9453148851,710224.9453148851,0.0,651910.5632514771,147763.017440304,612236.7414381915,0.968124743082842,0.9362443201965702,0.9043588827235952,0.8724672765889815,0.840568696579791,0.8086634962748361,0.7767462398420797,0.7448202085079213,0.7128870163877739,150121.873828125,55759.05165337909,173879.3,173879.3,0.0,171438.15,3.3802807219170443,-2.3169731286495936,160142.58909781516,36357.64131774902,150121.873828125,21.400000000023283,-165670.9,250.00034834026854,-15.874461656547073,-30.60000000000582,10374.800957631456,1294.0315324875023,682.566666666667,33750.40413121765,47712.11619789552,143298.95264849014,150121.873828125,6822.921179634859,16454.119776140546,2.0879772166922157,2.0045963431219684,424608.77995319397,155312.5965247093,491394.59448675776,491394.59448675776,0.0,452122.3492071444,102491.35071219606,424608.77995319397,0.9682454602042165,0.9364789392274075,0.9046992282698855,0.8729063942916349,0.8410989225814839,0.809277297970871,0.777440176189563,0.7455899760298763,0.7137237378300858,
218347.40546875,56548.45768965033,240064.5,240064.5,0.0,232973.9,10.89927585914022,-3.5774331871436655,225551.14174397985,27293.42568359378,218347.40546874996,140.89999999999418,-232739.1,505.95491779251205,-22.53733045791621,0.39999999999417923,10296.00920845485,909.1266998824339,513.6074363992172,26339.10510554102,55522.558983888695,213967.39152918427,218347.40546875,4380.013939565723,11412.945220221323,8.009827816802225,3.156233538451255,617579.7242457672,159942.54507871924,678874.3055108077,678874.3055108077,0.0,637954.8052375936,77197.4655307209,617579.7242457673,0.9688256599279941,0.937649768750937,0.9064737531052551,0.8752982335399911,0.8441229652574492,0.8129470143455478,0.7817702831097668,0.7505921209689451,0.7194135722116947,148839.4693359375,38470.102304340486,161537.7,161537.7,0.0,158242.3,11.009210986476592,-3.601939326045571,153730.72693352465,18604.933666992212,148839.46933593735,60.20000000001164,-160401.5,505.9829674449169,-22.538265639607552,5.600000000005821,7095.810666795018,626.5652276147852,338.3681017612523,17952.776634251786,37843.90667561877,145828.10329635246,148839.4693359375,3011.366039585044,7832.035907394682,8.014706052858234,3.157475904036737,420981.5923025945,108809.70065410966,456858.61541013035,456858.61541013035,0.0,434816.1128730913,52622.69903782431,420981.59230259457,0.9683145913794925,0.9366277487341472,0.9049392526975367,0.8732485977969715,0.8415563324225032,0.8098636943173977,0.7781715581947303,0.7464776246755155,0.7147829101970675,
222652.653515625,70088.68327641397,249136.8,249136.8,0.0,245904.5,6.160631665277247,-2.848703507270144,233423.70839520654,40007.898678588885,222652.65351562505,43.60000000000582,-236455.7,249.99598505322226,-15.8742547175366,-33.39999999999418,14807.617504605725,1846.921953094962,981.5376470588232,47245.50965381075,71676.38195072931,209886.10504629143,222652.653515625,12766.54846933357,19356.86339649837,2.149343587946545,2.033256986000195,629756.8046003091,194345.90664658468,704626.2505981452,704626.2505981452,0.0,659062.944164421,112854.41870880127,629756.804600309,0.9578010252250867,0.9155969528804375,0.8733880646515167,0.8311727347923256,0.7889498984812178,0.746720562938263,0.704485074749279,0.6622403866743346,0.6199858589456381,150550.9359375,47306.96824504497,166279.2,166279.2,0.0,165689.65000000002,6.224560944386482,-2.8673077148706096,157808.53448465632,27052.121301269504,150550.93593750006,26.89999999999418,-163611.2,250.00261748022544,-15.874569282164638,-5.900000000023283,10245.747784481897,1278.1246351403295,656.12705882353,31927.602474399482,48468.495967494964,141869.62262596912,150550.9359375,8681.313311530881,13117.253527487854,2.151045299843984,2.034021992640485,425822.35086155107,131040.55135461761,470245.3135041805,470245.3135041805,0.0,445529.2365183009,76226.35988035118,425822.35086155107,0.956653508353095,0.9133034390626356,0.869950083252595,0.826592614057642,0.7832293936565973,0.7398660339918981,0.696497168886505,0.6531255534830207,0.6097487803357566,
160644.588671875,115277.15243892578,245770.6,245770.6,0.0,241221.7,-1.542640962052124,-0.675372185076301,197725.8347914689,109188.11886291478,160644.58867187495,31.5,-238341.4,250.00013240757676,-15.87445141759889,0.0,14925.594675647784,1861.8158554402244,967.7341176470588,42029.0484884594,52910.034089866196,159047.11941733645,160644.588671875,1597.4692545385567,17412.520857971384,0.7350398267465135,1.4592267590851746,454371.51204322587,323662.12837242504,695070.7277552418,695070.7277552418,0.0,557862.5675728883,307113.763899171,454371.51204322587,0.9868176902553183,0.973630945995774,0.9604387580938534,0.9472412332168153,0.9340389886560428,0.9208320294770626,0.9076199841140062,0.8944028734774528,0.8811792136596868,109614.269921875,78647.55921031247,166423.7,166423.7,0.0,165833.6,-1.5426769212963667,-0.6762282118462672,134910.06908398375,74503.44908752442,109614.26992187498,38.40000000002328,-165910.5,250.00336787595313,-15.874604874606925,0.0,10389.724538436438,1296.1715401768486,658.1509803921573,28701.623632874067,36077.71760919857,108531.38444947124,109614.269921875,1082.8854724037692,11925.004600268698,0.7410249126568234,1.4601901654553409,310035.9743062817,220750.61165012288,470709.70588272484,470709.70588272484,0.0,380595.7670652011,209483.59359744214,310035.9743062818,0.9865315939209177,0.9730612349484369,0.9595887534139528,0.9461140638013292,0.9326376859979904,0.9191586418519513,0.9056763728626201,0.8921919715406404,0.8787056813245014,
222568.155859375,57867.6221099533,246209.3,246209.3,0.0,239225.9,10.686121918399271,-3.530231238433536,229967.92317908906,27821.01948242191,222568.15585937476,321.29999999998836,-238821.4,505.9162628801183,-22.536040391200746,-22.0,10565.2866954237,932.9367450339156,537.303913894325,26867.69760535892,56597.51347183211,218125.88624506348,222568.15585937502,4442.269614311534,11747.896375315011,8.004249549878317,3.154816252637595,629517.8091373941,163673.14425937162,696317.3923658127,696317.3923658127,0.0,650447.20782927,78689.72614217427,629517.8091373941,0.9688871390303335,0.9377716330298232,0.906653461627148,0.8755298668776671,0.8444027030844625,0.8132703496935588,0.7821316017725058,0.7509844413761835,0.7198306209691102,151569.193359375,39347.71731579341,166621.2,166621.2,0.0,162987.55,10.768875683708641,-3.548693467711958,156593.30520036665,18946.14916992188,151569.1933593751,185.70000000001164,-166589.0,505.94446265063016,-22.536981334204174,6.199999999982538,7369.684433704571,650.7903041118902,365.95792563600793,18304.577216495894,38534.366721393555,148507.8080572696,151569.193359375,3061.3853021053883,8110.001398598604,8.011437355300158,3.156634815745683,428702.41777355643,111291.5474574117,471263.5119137502,471263.5119137502,0.0,442912.6003404715,53587.80222169459,428702.4177735565,0.9679644229260452,0.935927391633899,0.9038880158319633,0.8718497788598252,0.8398079695516621,0.8077624488641357,0.7757132917549352,0.7436607074270576,0.7116022962485847,
245915.588671875,73522.075921036,270745.8,270745.8,0.0,267105.8,7.27468159777642,-3.0448696935630237,256670.94186832564,40345.52626647947,245915.58867187492,83.29999999998836,-270745.8,250.00180054339248,-15.874530539691799,17.400000000023283,16954.803164710534,2115.296655132645,1091.5799999999988,51057.07350643295,79586.1085515264,231645.77807843155,245915.588671875,14269.810593443452,19938.9806070812,2.158380576329754,2.0374105969696177,695554.3213974583,197356.56198892146,765282.0824203617,765282.0824203617,0.0,723011.3599209666,112470.06957492622,695554.3213974582,0.9515084645984198,0.9030219535669702,0.8545389949112917,0.806060172485627,0.7575856466337217,0.7091185415023569,0.6606551922542959,0.6121968068990845,0.5637455943216964,159097.11406249998,47573.243992131545,174652.3,174652.3,0.0,173958.3,7.268333296311111,-3.0431507817457186,166057.53595350927,26101.870275878922,159097.11406250016,29.10000000000582,-171351.8,250.00174228048076,-15.874527777767787,-3.1000000000058208,10730.494104428579,1338.584439830835,688.7647058823533,33040.4817420162,51488.36276388893,149940.55167536883,159097.1140625,9156.562387131196,12870.379675523682,2.157282068004257,2.036910999062143,449994.59288321366,128004.25979951977,493932.75427782687,493932.75427782687,0.0,467846.36810704437,73014.20745011476,449994.5928832136,0.9526262520492834,0.905249103476879,0.857869458684203,0.8104855859532455,0.7630975607620805,0.7157112244965484,0.668320032558928,0.6209293322792141,0.573533723151027,
221279.1640625,55235.01681853872,240419.5,240419.5,0.0,234573.8,12.096370047932128,-3.7518627183002193,228068.79561032244,25931.152038574215,221279.16406249985,145.89999999999418,-240419.5,249.98975286847244,-15.873959156275987,13.699999999982538,15055.880798284665,1878.427930795845,1007.5364705882349,42401.38941488634,73029.76086507335,210008.37370086234,221279.1640625,11270.790361637642,13052.00188375927,2.1658459053503094,2.0408634339883407,625871.9897755375,151084.29006309478,678380.3560688097,678380.3560688097,0.0,643849.5245703454,72921.42813508344,625871.9897755375,0.9315362539946561,0.8631062945481338,0.7947152238937203,0.72636016708722,0.658046758591341,0.5897723973270125,0.5215366024475457,0.4533370556227412,0.38517606240157315,146774.871875,36668.77275649208,158015.9,158015.9,0.0,157337.6,12.045474117334866,-3.741076631730734,151286.02681473896,17200.180297851555,146774.87187500007,72.29999999998836,-154472.7,249.9926634636689,-15.874097248015543,-0.5,9673.570735509302,1206.7038492887364,636.7866666666664,28163.651250268213,48426.849123066466,139387.4355403036,146774.87187499998,7387.436334696381,8520.227069075556,2.165116086208654,2.040530182349784,415142.0288423968,100519.79816166776,446856.9081882981,446856.9081882981,0.0,427138.3077339749,48479.35692785597,415142.02884239674,0.9338760930501222,0.8677713521602233,0.8016903911883859,0.7356298302762434,0.6695939337402435,0.6035810074195631,0.5375939296495169,0.47162800742940303,0.4056897930424956,
211574.460546875,58210.54152455682,229873.8,229873.8,0.0,227638.25,9.27667037427316,-3.356089175397059,219436.13991383306,29752.65851440432,211574.46054687497,59.5,-224707.8,250.00029905910353,-15.874459324771962,-3.0,14071.802723456663,1755.4189773164173,911.4545098039214,42378.75047049422,69089.72397677175,199947.43575066768,211574.460546875,11627.024796207324,14799.08028455902,2.1623855007457475,2.039271349535059,598422.943114324,157292.566589347,650131.8644244759,650131.8644244759,0.0,618749.5214946624,82413.00925907002,598422.943114324,0.9449481893932978,0.889894413330468,0.8348415541152705,0.7797872285667792,0.7247343613955547,0.6696831700955862,0.614631084644097,0.5595783443366716,0.5045253481834241,143541.18789062498,39485.7829640348,155752.6,155752.6,0.0,154464.95,9.284911124543072,-3.3580855637851856,148873.09924003927,20185.479547119154,143541.18789062503,44.39999999999418,-154604.6,250.0022017689401,-15.874549565524184,11.60000000000582,9681.735104879644,1207.8891595540194,623.0254901960789,28748.119165283784,46874.10256975276,135634.6526272307,143541.18789062498,7906.5352633942575,10050.734278049467,2.1626796521009304,2.0394046042876304,405995.7893481332,106546.13606235312,440492.09862948174,440492.09862948174,0.0,419743.5646656554,55621.86593372276,405995.7893481332,0.9441416584479724,0.8882779178102205,0.8324102402864505,0.7765344741960339,0.720653420563331,0.6647628944690536,0.608861673326043,0.5529541622069973,0.49703827308294063,
208048.02734375,54006.558795454366,226939.6,226939.6,0.0,223188.5,10.771224145189326,-3.550532342388453,214943.45785474038,26132.878320312495,208048.02734374988,239.90000000002328,-221504.9,505.9425091486231,-22.53691624849836,4.199999999982538,9799.127322233267,865.362097265254,486.2418786692762,25056.71025410752,52935.77276209903,204006.81653815866,208048.02734375,4041.210805591353,10278.92911325883,7.992968550282015,3.1519669168801814,588448.6837889997,152752.73498466163,641846.517492618,641846.517492618,0.0,607951.6851677445,73914.94188886354,588448.6837889996,0.9690786758558823,0.9381560112753844,0.9072317884161821,0.8763074772087115,0.8453821794624825,0.8144546781845264,0.7835259542050379,0.7525964085236642,0.7216675904049197,139837.21425781248,36186.48599780514,151376.1,151376.1,0.0,150241.90000000002,10.943122752766692,-3.5875659609118364,144443.44311963322,17479.651782226563,139837.21425781253,74.29999999998836,-150947.8,505.98676241512874,-22.538392094012906,9.60000000000582,6677.597990617979,589.6843287211639,316.57534246575364,16858.866124224573,35563.584759685036,137055.17295921055,139837.2142578125,2782.041298601964,7189.547961055433,8.007103806417415,3.155535538321767,395519.3698557416,102350.67837924458,428073.6418509102,428073.6418509102,0.0,408547.71238592744,49439.92123196772,395519.3698557417,0.9684051550626517,0.936808278237772,0.9052088524803248,0.8736082680208743,0.8420065465674653,0.8104048738419637,0.7788026119900996,0.7471972759086823,0.7155912477082946,
223283.3927734375,57848.393277071045,243206.5,243206.5,0.0,239695.8,10.878337453587122,-3.573423780388447,230655.39250829554,27910.424096679722,223283.39277343746,294.80000000001746,-233100.6,505.9397923064693,-22.536825322238908,-4.099999999976717,10312.08579624697,910.5961021901694,510.4845401174169,26878.659016002497,56814.1844490314,218963.63171981554,223283.3927734375,4319.761053621945,11109.789392577293,7.994362205758259,3.152312152070586,631540.8046257482,163619.1188830823,687861.7034103668,687861.7034103668,0.0,652391.7565170592,78942.60057821852,631540.8046257482,0.9695906528455136,0.9391755610768366,0.9087567547320232,0.8783347395856616,0.8479083056864869,0.8174761317731833,0.7870385203330663,0.756594599474719,0.7261454370707257,147977.434765625,38246.70023434827,160480.4,160480.4,0.0,158150.0,11.0099754723827,-3.602229792307985,152840.2148605886,18497.17934570313,147977.43476562493,117.30000000001746,-158779.9,505.9787898203049,-22.538126220626523,1.7000000000116415,7024.093318744458,620.2619628448084,336.4248532289627,17837.976984278073,37632.84461706045,145038.05059750128,147977.434765625,2939.3841681237072,7588.007359430888,8.008980351881467,3.156008983593552,418543.3903414537,108177.78507410367,453871.1953256343,453871.1953256343,0.0,432297.3545860043,52317.9237926817,418543.39034145366,0.9685191213372687,0.9370323179851011,0.905540274291671,0.8740463229338136,0.8425464150807539,0.8110415505113809,0.7795311143552883,0.7480125892978937,0.7164899738264129,
203971.282421875,63459.193464414806,229229.0,229229.0,0.0,224438.59999999998,6.3915941004695185,-2.8874646406731554,213614.9650375139,35854.32698822028,203971.2824218752,157.60000000000582,-223223.8,505.95252493551277,-22.537250325102683,-15.5,9875.08032593157,871.985677138183,488.6688845401175,25155.09877091051,52022.75989436778,203310.96497742203,203971.282421875,660.3174444529715,11702.207682985334,7.751975947029592,3.0888842526453004,576917.9078712971,175373.66218984552,648253.9655903397,648253.9655903397,0.0,602984.4059446916,100771.68504328688,576917.9078712971,0.9777608560389013,0.9555159112222829,0.9332644650771376,0.9110070595134143,0.8887433367292599,0.8664741143041724,0.8441986653230412,0.8219171073064416,0.7996287903139419,138071.31699218752,42883.37538453635,152947.9,152947.9,0.0,151533.6,6.4540084583987625,-2.9052818321129275,144577.56554987418,24270.348690032977,138071.31699218755,81.60000000000582,-152239.7,505.9699169730933,-22.53783049277262,-0.3000000000174623,6734.793688021577,594.6801352629612,326.131702544031,17039.924623351577,35202.45207992812,137612.4485171002,138071.31699218752,458.8684750873217,8022.294366806515,7.76292825638261,3.091542130841656,390524.65813013277,118458.44443161604,432575.3311073171,432575.3311073171,0.0,408095.46881191334,68175.807651606,390524.6581301328,0.9774539886057292,0.9548994781221857,0.9323382175902147,0.9097692039599614,0.8871932021205337,0.8646090397307041,0.8420175601565578,0.8194203416571184,0.7968177973693404,
192000.904296875,89873.25901564896,236345.3,236345.3,0.0,233551.65,0.7825931633988974,-1.6675711197581082,211994.22147056673,69000.32498168945,192000.90429687503,98.60000000000582,-233766.5,249.99737619263672,-15.874320717095936,0.0,14639.121656060557,1826.22931180315,951.1537254901959,44623.12223732962,61521.65530617182,188972.28620811968,192000.904296875,3028.6180887553064,24895.894087376335,1.76963826394761,1.8581790194676988,543060.5656890786,249111.38960906403,668369.7393015347,668369.7393015347,0.0,597470.7209893226,193317.69302335873,543060.5656890788,0.9774210166889288,0.9548474897296344,0.9322786530445821,0.9097145706274027,0.8871564673224485,0.8646035261505421,0.8420560846891267,0.8195139133340851,0.7969786062270698,129946.00546875002,60839.91949598823,160508.4,160508.4,0.0,158639.55,0.779735570546483,-1.6658139101148144,143483.30962715743,46699.34571533209,129946.00546875004,38.19999999998254,-155133.4,249.99724551332736,-15.874314515290944,-2.0,9714.909667473828,1211.825860822762,634.5282352941173,30184.244078991822,41657.6812116062,127900.90978404503,129946.00546875,2045.0956847049608,16665.151686607023,1.7639148346438827,1.8560506940693224,367542.8066202294,168771.36332598666,453874.0944634372,453874.0944634372,0.0,404439.72082028183,130972.5047943359,367542.8066202293,0.9779291796944722,0.9558576522322385,0.9337850647731993,0.9117098730998536,0.8896345297468488,0.8675569843204516,0.8454796837539901,0.8234018526776519,0.8013235406970076,
215417.638671875,55756.173711099764,234295.6,234295.6,0.0,229996.3,10.932122427708137,-3.5849244284822426,222516.3139139889,26927.204833984375,215417.638671875,144.79999999998836,-227199.3,505.95158486232515,-22.537219230097442,0.0,10050.9550553457,887.4719681680133,499.2974559686889,25977.53615449739,54781.76318359029,211126.30517502493,215417.638671875,4291.333496850084,11288.973710208567,8.008387733899227,3.155849352054833,609293.0923683052,157701.60712854654,662664.6603695654,662664.6603695654,0.0,629371.0108502444,76161.63654603818,609293.092368305,0.9691391580849114,0.9382678325531048,0.907385216532974,0.876491146524593,0.8455853043488563,0.814666491112713,0.7837345447026866,0.7527888337908858,0.7218287266302789,145224.927734375,37528.685895864786,158317.6,158317.6,0.0,154891.59999999998,11.019784568604804,-3.6042955207659406,149995.60627073346,18153.115966796875,145224.927734375,66.5,-154582.1,505.96913812278103,-22.53780463189105,0.0,6838.422790971775,603.8078607235748,331.1540117416827,17513.780429104412,36926.31436265775,142288.92006039768,145224.927734375,2936.0076739773144,7691.161519415632,8.014048208816554,3.1572988659155694,410758.1247932116,106146.84761661805,447719.189552616,447719.189552616,0.0,424251.56492649636,51344.76559915147,410758.1247932116,0.9686938721177684,0.9373785966299927,0.9060524585669967,0.874718216785429,0.843375546892284,0.8120231403525747,0.7806603566348195,0.749285427240011,0.7178997164390613,
216210.3341796875,55932.60667505974,234816.3,234816.3,0.0,231077.0,10.960458797511977,-3.591139079901541,223327.93174065585,27026.291772460958,216210.3341796875,130.29999999998836,-223744.4,505.974590939801,-22.537986259214506,-7.600000000005821,9898.0052318498,873.9684828106468,476.9246575342465,26037.53341452853,55003.05852280065,211978.40146918516,216210.3341796875,4231.932710502336,11103.136041152677,8.000969294520699,3.1539865903043567,611535.1738442666,158200.95819921812,664121.4771155049,664121.4771155049,0.0,631666.6937744052,76441.8967305333,611535.1738442666,0.9697396695412456,0.9394772125082911,0.909213580388592,0.878948622403627,0.8486815584765798,0.8184132577833813,0.7881428323289905,0.7578694615395587,0.7275926172883894,145570.0478515625,37593.93467591687,156724.3,156724.3,0.0,155333.85,11.054996953105563,-3.612180499029768,150346.07662298108,18196.255981445312,145570.0478515625,48.29999999998836,-153662.6,505.9931682061788,-22.538605687015306,-3.8999999999941792,6797.665155369199,600.2187820971883,315.80371819960817,17545.831281726856,37019.245415558384,142654.7742120471,145570.0478515625,2915.2736395154016,7608.932396027474,8.011229173288559,3.156584913924697,411734.2718939603,106331.6276545907,442626.5711591715,442626.5711591715,0.0,425242.9019886448,51466.78398674507,411734.27189396025,0.9689560862868603,0.9379086584588953,0.9068599357582691,0.8758098651325057,0.8447581014225852,0.8137051726784758,0.7826513136020478,0.7515963732892516,0.7205378769941647,
217560.0544921875,56299.00621504868,238035.2,238035.2,0.0,230964.65,10.943708016674845,-3.587290749533162,224726.4012336906,27195.00681152339,217560.0544921876,184.10000000000582,-228508.9,505.95053938005896,-22.53718406508609,-12.200000000011642,10108.894577101837,892.5904121078029,499.57886497064584,26229.70819163222,55330.414737653955,213268.50841911486,217560.0544921875,4291.5460730726445,11265.576960068258,8.006794447914864,3.155446977146437,615352.7593869624,159236.9581852615,673177.853281569,673177.853281569,0.0,635622.0790196355,76919.09492337036,615352.7593869624,0.9692721138099096,0.9385327987801451,0.9077815775953219,0.8770187700157493,0.8462420739245965,0.8154522590545299,0.7846499335672159,0.7538336966194942,0.723002893841013,146413.857421875,37835.32381306749,159348.4,159348.4,0.0,155674.3,11.020711319201364,-3.604446561346898,151223.4418772196,18301.732177734382,146413.85742187512,77.70000000001164,-154855.6,505.9720907589783,-22.53790302267587,-2.3000000000174623,6850.514180003609,604.8685651479564,330.9281800391389,17656.225247308674,37229.62740420252,143482.53754980964,146413.857421875,2931.319872065349,7679.419301400069,8.013197617879506,3.157081286930033,414120.9257707526,107014.1818591546,450592.4118919504,450592.4118919504,0.0,427724.4162778288,51765.115721344104,414120.92577075254,0.9689035595235911,0.9377945902591616,0.906672746550844,0.8755346570773366,0.844385112169338,0.8132230741860669,0.7820501547250357,0.7508632938280457,0.7196631731449695,
117979.4833984375,110828.86166501022,224740.9,224740.9,0.0,219875.7,-1.9839354628953556,-0.12489602107595653,161870.9210479886,110605.76568603513,117979.48339843751,111.79999999998836,-224740.9,505.99048287248235,-22.538516121308852,0.0,9942.008218202314,877.8984815468573,458.63170254403104,21396.024351711927,32713.70540327632,114928.3697181838,117979.4833984375,3051.1136802536894,6883.588297981185,3.2585741392146303,2.15942863299587,333696.3710076835,313471.28654281236,635307.7596656296,635307.7596656296,0.0,457840.05450648756,312840.3478197032,333696.37100768357,0.993988432354773,0.9879776979627823,0.9819682550088716,0.9759597296135462,0.9699525148275855,0.9639465856955366,0.9579423187471521,0.9519397900568406,0.9459386580257544,81944.1126953125,76990.16454250609,157012.1,157012.1,0.0,151481.34999999998,-1.982864686649134,-0.12391144339235861,112438.08537014599,76822.60565185617,81944.11269531255,35.60000000000582,-152247.4,505.99126787373365,-22.538542364985286,0.0,6735.0701718530545,594.6777616507312,311.3003913894326,14816.413455322803,22754.64165673438,79841.38874399987,81944.1126953125,2102.723951312637,4729.10452725694,3.245873114640319,2.1579042590829127,231772.95106068056,217761.0183540829,444071.5438665261,444071.5438665261,0.0,318022.89533614373,217287.14161938807,231772.95106068053,0.994146853646034,0.9882936486597906,0.9824409785646336,0.9765879184703211,0.970735112064757,0.9648826297946999,0.959030827382264,0.9531790767811907,0.9473280144909525,
214279.32285156252,55399.327363083,233101.0,233101.0,0.0,228737.85,10.994026022460094,-3.5986205032047605,221324.90522760016,26784.915356445308,214279.32285156267,63.20000000001164,-222843.2,505.99168014867234,-22.538556064941424,-18.20000000001164,9858.072312876893,870.4005376817599,465.5248532289631,25838.186985604665,54490.29433279578,209991.53600532067,214279.32285156252,4287.786846241857,11203.047421795689,8.010435866554587,3.1563786011048385,606073.4490256056,156692.7832585085,659266.5173112171,659266.5173112171,0.0,626001.321036219,75759.1811282008,606073.4490256057,0.9694776690493646,0.9389493463901852,0.9084159498207325,0.8778776684908618,0.8473355480175278,0.8167909495651028,0.7862426680874111,0.7556918298403095,0.7251377183424205,142282.66249999998,36868.565599305766,158061.6,158061.6,0.0,150756.2,10.870809061348863,-3.570251909414418,146981.7919928834,17785.332812499983,142282.66250000018,42.70000000001164,-148353.0,505.98232942726526,-22.538244382564045,-10.5,6562.839009843176,579.43010941288,313.79530332681054,17176.352975957845,36173.911693920934,139410.41626717732,142282.6625,2872.2462328226948,7463.982133898749,8.013140598934715,3.157068978029703,402436.14199610765,104279.82309199446,447016.00721406506,447016.00721406506,0.0,415727.2301507431,50304.517749513434,402436.1419961075,0.9694728276038684,0.9389342300066039,0.9083864952360632,0.877827497848257,0.8472582613153543,0.8166805266919249,0.786093962118693,0.7555007698186685,0.7248995541575434,
168298.844140625,84005.01424541553,216835.6,216835.6,0.0,208064.75,0.26112601214547126,-1.5006287481096636,188099.29121993744,67056.57071228021,168298.84414062492,188.39999999999418,-216835.6,249.98946137557448,-15.8739451749844,0.0,13578.991557033976,1694.2102299115752,909.0333333333334,39650.93095706449,54049.415628767514,168033.4759590345,168298.84414062498,265.3681815904863,21534.149400942606,1.660083165334413,1.8092474659505564,476021.01583077526,231737.86088614998,611978.0088572465,611978.0088572465,0.0,529432.1898795462,184314.5767062917,476021.01583077526,0.9786642267983219,0.957335549176482,0.9360117222354881,0.9146960129136391,0.8933869278247758,0.8720828922023942,0.8507850816359092,0.829494162515765,0.8082106743280585,116106.60546875,57919.92296246146,147201.6,147201.6,0.0,144685.4,0.2669277737631841,-1.505029708553434,129751.53682886934,46261.22561645506,116106.60546875004,67.60000000000582,-145687.6,249.99746751649684,-15.87432498606035,0.0,9123.37143511426,1138.1203044982756,597.5623529411764,27330.010674624966,37306.22519000938,115974.22570091362,116106.60546875,132.37976783638013,14748.243084797747,1.6561948945347256,1.8078037087119034,328399.0722700169,159983.45386592182,416072.6962712902,416072.6962712902,0.0,365295.29996795376,127582.47675304941,328399.0722700169,0.9792312064027539,0.9584667677148052,0.9377068220030729,0.9169503124642083,0.8961961359879441,0.8754438227285314,0.8546946004366763,0.8339496133530121,0.8132088396808713,
129201.4740234375,113059.30588250366,232587.4,232587.4,0.0,225309.1,-1.9274696607671191,-0.26713990643837304,171684.09226385108,112041.90325470033,129201.47402343749,157.19999999998254,-232028.5,505.98283889629346,-22.538261165287363,0.0,10264.43836124512,906.3998177090333,478.7438356164384,22677.53047813633,35281.00802726172,128054.64439077412,129201.4740234375,1146.829632663387,9111.349916316058,3.697695046097639,2.2339881800992676,365436.953685081,317800.39956133714,657806.8367828138,657806.8367828138,0.0,484294.60153916385,314629.6491089263,365436.953685081,0.9938874672045099,0.9877727975365673,0.9816560265037813,0.9755372898011713,0.9694169865374261,0.9632953966967149,0.9571724806385103,0.951048068429437,0.9449224176012652,87465.791015625,76533.99347178772,156133.4,156133.4,0.0,152536.65000000002,-1.9277432005947137,-0.2674611749229323,116222.70326716991,75849.2406463623,87465.79101562503,46.29999999998836,-153364.2,505.9877698464979,-22.538425775895707,0.0,6784.481158603667,599.0608943746412,314.47769080234826,15308.320455989604,23913.55360378495,86724.3249542835,87465.791015625,741.4660613415105,6144.199308777332,3.6870515235496946,2.233888060728888,247390.61579597543,215193.40582756224,441580.2652550497,441580.2652550497,0.0,327887.6617007383,213077.49896100166,247390.61579597538,0.9940333003372669,0.9880645136021673,0.9820939782159097,0.9761216043365242,0.9701480703881556,0.9641728039745985,0.9581959610173597,0.9522170851439444,0.9462366313415813,
217612.0611328125,56272.65825620539,236300.9,236300.9,0.0,232216.3,10.9825876622076,-3.5960317550077074,224770.15197238844,27201.50764160158,217612.06113281255,144.0,-226521.2,505.9720224878458,-22.53790054469256,-13.700000000011642,10020.857664300021,884.8163487425372,483.9544031311157,26212.758952350276,55354.42934901865,213311.169407435,217612.0611328125,4300.891725377497,11196.02870396672,8.003598070457635,3.154653362132808,615499.8563799731,159162.7198002903,668330.3888091616,668330.3888091616,0.0,635745.8962337022,76937.48204749664,615499.8563799734,0.9695219116385863,0.9390403039053729,0.9085533818155545,0.878063029527665,0.8475688532383417,0.8170707744748059,0.7865681306165704,0.7560617693838291,0.725549074249983,146181.8056640625,37755.06045490928,159470.0,159470.0,0.0,155541.5,11.050425893333575,-3.611120813350753,150978.69020878276,18272.725708007805,146181.80566406235,51.79999999998836,-154595.4,505.98647577238086,-22.53838258920375,-6.199999999982538,6838.956428574273,603.8486326262546,322.4211350293539,17626.959626719206,37170.148832378036,143233.26296259792,146181.8056640625,2948.542701464589,7701.580070310761,8.014174771079544,3.157335516902795,413464.5842846107,106787.29222992416,450630.348170761,450630.348170761,0.0,427032.18642093614,51683.07303557634,413464.58428461064,0.9688653583150005,0.9377270098658912,0.9065811365588704,0.8754312672305561,0.84427829066766,0.8131230300726813,0.7819650943295164,0.7508054479090841,0.7196399891013606,
207564.38554687498,66772.54979051718,230778.4,230778.4,0.0,229732.95,5.763604548471717,-2.785520340070586,218040.24296670296,38918.322290039054,207564.385546875,93.89999999999418,-230778.4,249.99749510471756,-15.874326350329074,4.899999999994179,14451.996189967098,1802.959895424836,941.1160784313726,44435.1594445984,66661.27261557947,195584.27126872307,207564.38554687498,11980.114278151916,18987.330545911642,2.1488308733376407,2.032973060612166,587080.7382120574,188860.9999251364,651868.2711916966,651868.2711916966,0.0,616710.8483498053,110077.63841476079,587080.7382120575,0.9575804539509505,0.9151780984615656,0.8727942648545601,0.8304275624792237,0.7880778960190684,0.7457455371811597,0.7034284624201693,0.6611267805251402,0.6188395775271816,140482.272265625,45234.53884377551,157396.5,157396.5,0.0,156021.5,5.732192007562759,-2.7760237897483195,147585.33912730706,26340.426049804708,140482.27226562498,37.89999999999418,-152165.5,249.9942551809692,-15.874172736696613,0.0,9529.079549483893,1188.6400522875767,625.316862745098,30082.73602430033,45119.84328193063,132469.42940068492,140482.27226562498,8012.842864940055,12763.054960986348,2.146306840721355,2.0318352578469097,397343.86942207324,127942.2701213034,445109.54126596893,445109.54126596893,0.0,417434.2763251458,74501.97551663872,397343.86942207324,0.9588138655114447,0.9176350654064855,0.8764647217097808,0.8353001439653688,0.7941434696097341,0.7529967207963996,0.7118581155204986,0.6707243946749594,0.6295960237620188,
120526.129296875,115458.18821931595,233312.4,233312.4,0.0,228481.3,-1.992344200364981,-0.08579466042028132,166904.58672599157,115347.27217865059,120526.12929687502,105.0,-231496.7,505.9912102883477,-22.538540369720316,0.0,10240.865658553295,904.2666809639898,472.7829745596871,21701.11685548781,33800.59211493708,116053.67562160852,120526.129296875,4472.45367526648,5400.015896162199,3.074051111676959,2.1168502389676007,340899.37334394775,324151.5805422795,659863.5982772511,659863.5982772511,0.0,470411.1286038567,322572.1540404383,340899.37334394787,0.9940781320098838,0.98815511076528,0.9822308404409655,0.9763056870166062,0.9703798769570049,0.9644537941762659,0.9585270209398956,0.9526001409260237,0.946673354589025,81357.1396484375,77942.85518237269,158514.1,158514.1,0.0,153762.0,-1.991744525996977,-0.08528078379702324,112667.97613233182,77861.32505416873,81357.13964843751,27.70000000001164,-153669.5,505.99414245003203,-22.538638196029428,0.0,6797.971112803349,600.2321146135336,312.3156555772995,14612.601359262675,22841.556756851132,78351.75942219794,81357.1396484375,3005.380226239567,3393.776519969004,3.0666335049350097,2.1166029683722245,230112.74057340436,218880.54457840064,448314.0431322892,448314.0431322892,0.0,317585.525755095,217827.60748367436,230112.7405734044,0.9941831460831868,0.9883650965506471,0.982546217364503,0.9767268503956472,0.9709071999076763,0.9650875233800544,0.959267737392426,0.9534483558474259,0.947628867233524,
114877.08046875,112670.82324391048,229276.3,229276.3,0.0,221349.75,-1.9974092289512544,-0.038221240638662946,160908.22858848513,112633.3874908455,114877.08046875005,27.29999999998836,-221638.3,505.9959390860194,-22.538698085900638,0.0,9804.741493523125,865.7127921538269,450.0013698630135,20125.373256030067,32895.201671600524,112723.09057862133,114877.08046875,2153.989890128675,6157.943445967931,2.8059342097172406,2.0478526002025075,324921.4504094634,316415.37388694455,648167.3803649836,648167.3803649836,0.0,453533.5023658167,314767.6550841676,324921.45040946343,0.9941991216808893,0.9883993311633269,0.9826001532482567,0.9768015094249507,0.971003700742254,0.9652067080004797,0.9594103732996763,0.9536148881760921,0.9478201225651003,78778.9724609375,77271.65089785871,157484.4,157484.4,0.0,151017.0,-1.9968667778004474,-0.03778437462748098,110349.6014242086,77240.32065506003,78778.97246093753,14.700000000011642,-150989.4,505.99352198286266,-22.53861750872139,0.0,6679.417550585416,589.7503379659291,308.5381604696675,13792.344988671357,22565.49922430156,77313.66573172435,78778.97246093751,1465.3067292131573,4212.09682657887,2.8038991530189437,2.0477991854924467,222820.5825681488,217023.578555247,445211.470708477,445211.470708477,0.0,311043.8002354888,215857.4393628939,222820.58256814873,0.9942431251058579,0.988486485823704,0.9827297008143885,0.9769736624482122,0.9712177063324057,0.9654615936435059,0.9597063465790163,0.9539512305531996,0.9481961031429241,
208228.830859375,42056.96382541993,222431.2,222431.2,0.0,215741.7,20.475778761875354,-4.73085535465289,212433.59952529846,16267.877410888668,208228.83085937498,116.0,-222431.2,249.99693220133852,-15.874299636604563,25.0,13929.306868462763,1737.9385559400243,921.492941176471,36671.94977218219,70038.8634211933,200800.2495848381,208228.830859375,7428.5812745369,8192.898390408118,2.166384118581586,2.0411117323110357,588960.073356843,108782.452517232,627806.8062861419,627806.8062861419,0.0,598922.023291982,44146.2428948314,588960.0733568429,0.8974351112568348,0.794892922566859,0.6923743269750338,0.589879418706766,0.487405217432346,0.3849520342602166,0.28252297611109944,0.18011001544867983,0.07771855071239867,146324.712109375,29531.81687779939,153965.2,153965.2,0.0,151960.5,20.545524596903284,-4.742559664946236,149275.08024447798,11431.618133544931,146324.7121093751,45.5,-152104.2,249.99787665016663,-15.874344461016166,6.0,9525.192996883705,1188.2512479815462,620.4905882352945,25802.71781280434,49203.12437851205,140886.2903390901,146324.712109375,5438.421770284881,5749.077076300447,2.166580848230744,2.0412020235770405,413868.78475083364,76767.26041652139,435453.39712810266,435453.39712810266,0.0,420928.2400397838,31573.895373878087,413868.7847508337,0.9001205584894497,0.8002502963849372,0.7003958521048328,0.6005576818188181,0.5007255753445233,0.4009090611655193,0.3010953261061319,0.20129179557283927,0.10149278813324944,
201849.149609375,61942.21223223783,223947.5,223947.5,0.0,220992.5,6.69939856585399,-2.945968815525628,211139.56723989814,34692.822589111325,201849.1496093749,62.10000000000582,-217651.5,249.99865455548462,-15.874381338643182,0.0,13629.95085866733,1700.2212502883556,887.3831372549021,42382.51081245458,65144.49243381686,190168.7604685976,201849.149609375,11680.389140777375,16944.209234205882,2.1545253721401343,2.035636024655561,570915.6098621081,168742.78590820826,633338.6794120594,633338.6794120594,0.0,595330.7999593893,97427.94970854724,570915.6098621081,0.9549239429825703,0.9098490816561338,0.8647772210284856,0.8197079204228379,0.7746417384788253,0.7295773460424079,0.6845152259878815,0.6394553160563642,0.5943972133736936,139107.02421875,42710.95667065007,154525.3,154525.3,0.0,153190.45,6.679349099855987,-2.9403825281031306,145516.2877712253,23909.01978759766,139107.02421874998,32.5,-148135.4,249.99806901427394,-15.874353552645163,-12.39999999999418,9276.67851637199,1157.1168842752786,609.2890196078432,29215.167108997066,44895.285184803586,131098.11838773428,139107.02421875,8008.905831015719,11618.980851267586,2.1533440194220175,2.0351029219476393,393454.0805430378,116469.01651225108,436975.7626726582,436975.7626726582,0.0,410330.5317707887,67225.65552937395,393454.08054303785,0.9555568373179677,0.911108874650622,0.8666569871984334,0.8222034890716929,0.7777507244013191,0.7332922408503043,0.688831820417969,0.6443693791933525,0.5999040408850831,
171529.749609375,93908.3710625029,225714.3,225714.3,0.0,222165.65,-0.3643155158716498,-1.2772281962945837,195553.6682260591,79064.49396057123,171529.7496093751,24.60000000000582,-217674.9,249.99880216096633,-15.874388354179095,-14.0,13631.436472172063,1700.3117324106079,886.910196078431,42139.77850426523,54788.467024918704,167215.98450458012,171529.749609375,4313.765104794861,19440.8765830952,1.5209523108457583,1.7586763585316996,485159.3964960786,260333.70043157917,638258.6930402163,638258.6930402163,0.0,550593.5666068379,218528.95705876287,485159.39649607864,0.9823393813964777,0.9646784512291375,0.947017862255922,0.92935580918164,0.911694325560006,0.8940326421295752,0.8763701309224725,0.8587065733594273,0.8410419532390594,121547.71054687501,66539.0671789596,159534.4,159534.4,0.0,158100.5,-0.3637582629167633,-1.277801217155211,138568.7316829919,56025.89783020028,121547.71054687501,21.5,-153628.1,249.99867125745058,-15.874382129434572,-7.899999999994179,9620.642642184952,1200.0194109957738,627.7035294117649,29851.44798436018,38832.58051497105,118508.52231199849,121547.710546875,3039.188234876507,13687.044089335935,1.5187024774131945,1.7578508649087075,343788.8414615799,184486.023163168,451117.4033216423,451117.4033216423,0.0,390161.32593589573,154911.41953209002,343788.84146157996,0.9824343229165519,0.9648636415433942,0.9472882320477355,0.9297054315607206,0.9121161431261546,0.894519793097289,0.8769161971043467,0.8593056536868859,0.8416888897169892,
