364768.094921875,322505.99178985966,685982.1,685982.1,0.0,605617.2,-1.9241430677801856,-0.23693238515965656,486894.1135537531,319172.0830566418,364768.094921875,152.5,-597747.8,505.92047101921423,-22.536182584326955,0.0,26444.392452649496,2334.2882724867145,1350.4500978473582,64010.20795352644,100045.27600662738,360163.72575774917,364768.094921875,4604.369164125839,25316.654357161246,3.612718257244124,2.222920043618661,1031719.9739190245,912182.769963964,1939670.8340124935,1939670.8340124935,0.0,1377143.2425142282,902754.9771791471,1031719.9739190245,0.9944430354372333,0.9888825076867162,0.9833183349108918,0.9777505073012341,0.972179348404955,0.9666045630938468,0.9610257510198906,0.9554430062513964,0.9498560957323721,400320.0671875,353239.5058676969,734151.2,734151.2,0.0,689461.45,-1.9338106526710153,-0.24873036382338867,533886.0409288289,350280.0587890606,400320.06718749984,259.0,-688403.6,505.97142131485003,-22.537880777436293,0.0,30453.748341539565,2688.7459208566393,1457.5064579256357,70296.56457967151,109668.86260258779,395377.76577823906,400320.0671875,4942.301409260946,28089.757094789107,3.6333625941657033,2.226367559174131,1132276.1366133424,999111.4822590618,2076052.428088252,2076052.428088252,0.0,1510057.284849133,990741.6195366734,1132276.1366133424,0.9941848948987078,0.9883686096387453,0.9825514339978866,0.9767330042659379,0.970913351034231,0.9650927553552974,0.9592709970177876,0.9534481726252203,0.9476240577641004,0.9053698107951388,0.02866424280015124,0.09939331099999982,0.9610016275,0.8616083165000001,0.9105864590000001,-1.3551189034559556,0.11527544388765115,0.9058234558204663,0.02578336317867478,0.9053698107951392,0.01748364499999988,-0.010418335000000223,2.0798942279844406,0.34085144840652565,0.00035925300000005933,0.00447002783404474,0.0031245466278546612,0.0031486970664335663,2.4680078660416664,0.046772405828296656,0.20788767499999938,2.5514144099999996,2.343526735,2.4590265450000004,-0.3838812048724831,-0.43189720569434725,2.468451029449542,0.03904878765625,2.468007866041665,0.035446289999999436,-0.031135254999999695,2.9623613447522468,0.28486562189214054,0.0003592499999998111,0.008627818838531573,0.005796030781945345,0.005800803566433575,9.507501965277775,0.027339399834588066,0.16034667500000133,9.576366300000002,9.416019625,9.5104433375,1.0592431046101707,-0.516593597591371,9.507541273249576,0.02126377255015461,9.507501965277777,0.04466709999999807,-0.039996799999999055,2.923573147719007,0.45667624217058733,-0.0010777500000003215,0.011587243347879578,0.00787536147733382,0.007912775874125809,-0.004357112543184028,0.022860413538102232,0.10195337173999999,0.04648170558999999,-0.05547166615000001,-0.007854739336,0.3545259599026167,-0.029769850614194095,0.023271934531684715,0.01613139092476558,0.017577725919364583,0.013500116999999985,-0.0064140825750000005,5.035466949589864,1.575091104072212,-0.00030543250000000105,0.0030074022211348077,0.001903249758650789,0.0019026523062062937,-0.01202900215263889,0.015431209836136441,0.064934950125,0.021758620075,-0.04317633005,-0.01309122839,0.005325001638548876,0.4553713215304585,0.019565764227217536,0.011162143989797452,0.017304528593194448,0.005375611750000002,-0.003359757550000001,1.2142256420366166,0.7477331235381616,-3.469446951953614e-18,0.001689584562550369,0.0012089923349141766,0.0012084874880069934,0.013481927108874999,0.017765414931534846,0.05351177552,0.0475690435,-0.00594273202,0.0028537239957499997,-1.198973230311565,0.6588897271031935,0.02230184580384817,0.016066386479413185,0.015134842870222216,0.003359757369999994,-0.003787363150000004,0.6250746801617244,-0.23695041747910545,0.00012217300149999972,0.0013402963153663603,0.000985861877137122,0.000983791705167832,
495275.809765625,167391.37816619698,595600.9,595600.9,0.0,546935.1,4.803701128998444,-2.5856806048744767,522798.2414118992,100602.89885864264,495275.80976562505,887.0999999999767,-595600.9,249.92731252255356,-15.870997150472698,0.0,37301.22079895867,4654.463064975015,2705.9101960784315,107988.33948702106,158315.31768282602,466572.34360705526,495275.809765625,28703.46615856976,47341.35875743033,2.1425470862120255,2.030051930871427,1400851.5345717282,455617.822253488,1670958.024214291,1670958.024214291,0.0,1473082.6934924517,271406.02512434724,1400851.5345717282,0.9579612732693599,0.9159539320010662,0.8739793591529723,0.8320386509410137,0.7901324770173449,0.7482605163602898,0.7064247986298257,0.6646267309177802,0.6228629452496243,597177.992578125,201302.35718296407,706247.6,706247.6,0.0,659091.2,4.8815823319765945,-2.611987066744309,630193.7748241066,121301.77974243177,597177.9925781252,813.7999999999302,-706247.6,249.96226204137605,-15.872655426770239,148.0,44229.22252498574,5519.065184159938,3120.9443137254902,130163.695518887,190915.09492442524,563083.8747719725,597177.9925781251,34094.11780615253,58440.54989361896,2.1417037398341074,2.0296237587891133,1689074.432509448,548524.8400943808,1982401.4382209526,1982401.4382209526,0.0,1775908.7641986792,328807.51178615046,1689074.4325094484,0.9586097446191487,0.9172471230880936,0.8759178740186713,0.8346209347653347,0.7933568369143169,0.7521260805834081,0.710930410774813,0.6697694377893635,0.6286441327637856,0.8699419375304346,0.04988307747909821,0.15495776950000006,0.9404044520000001,0.7854466825,0.8707093875000002,-1.3726469769761906,-0.12007178479825716,0.8713709291071126,0.044150667481285474,0.8699419375304346,0.005748045000000257,-0.009580075000000243,-0.003961587242787168,-0.2074368405688744,-0.0006586300000000489,0.0033427136969377486,0.0024955310323176313,0.0025935542280701826,2.5086154080000003,0.08080277809087798,0.2308798599999995,2.6281747550000003,2.397294895000001,2.4768095200000007,-1.5187625583338118,0.31754307969639417,2.509916403827468,0.0743326555478261,2.5086154080000003,0.010059084999999968,-0.01616639000000042,0.01625056194419816,-0.27869399884025764,-0.0019160149999999376,0.0057822156019906425,0.004285123510310852,0.0045463351754385945,9.494557551956522,0.026737987785282108,0.12418184999999937,9.562475124999999,9.438293275,9.4938579,-0.6506507011519176,0.14742249684242378,9.494595200818482,0.022612944147447956,9.494557551956524,0.026704450000000435,-0.029698275000001217,0.7807334397429866,0.11037872649459236,0.00011977499999993313,0.0102617420434551,0.00738984358264085,0.007376244736842159,-0.02966235455591739,0.019306375130573525,0.062186056732999984,-0.006297033466999999,-0.06848309019999999,-0.024867330190000002,-1.127246670685647,-0.5332890321035686,0.03539196799393022,0.01670072102799366,0.029662354555917383,0.006230823585000003,-0.004886920000000003,0.7101217814217362,0.14255089721147265,-3.054322500000567e-05,0.0019478483554008462,0.0014773287793640353,0.0014773287793640353,0.00014515398221739143,0.009593666090196237,0.034758219284999996,0.017054959885,-0.017703259399999997,0.0015389885900000003,-0.6879430136944684,-0.41289953394926976,0.00959476413095886,0.007407388383841967,0.007452639730826089,0.002199113964999999,-0.0028710655999999992,0.2526919111681103,-0.6643886593024775,0.00021380272750000132,0.0011335634838016942,0.0008671688546514313,0.0008862901160087716,-0.0073864983269826085,0.010208939370621192,0.034269526800499994,0.004747405450500002,-0.029522121349999996,-0.005331867024999999,-0.6824493067724036,-0.6898464055223668,0.012600904753530054,0.008533079770712285,0.00921036076525217,0.0026878058999999987,-0.0018936815500000001,0.2658883104299017,0.7784514608937603,-0.00018325950849999985,0.000997604005685228,0.0007652076020443982,0.0007684038791535084,
417173.732421875,188917.73047561455,534082.8,534082.8,0.0,479535.6,1.0455581702425887,-1.7142373408294675,457956.14627478825,140144.30073547363,417173.73242187506,29.29999999998836,-470755.2,249.92180870918327,-15.870740173315752,-87.90000000002328,29483.26524705824,3675.770648212224,2095.502745098039,96224.56477232635,133633.6442184205,415322.5160671675,417173.732421875,1851.2163547074808,53437.34552192458,1.8158445252775888,1.8772616863902547,1179945.5005136407,522042.05001949565,1508520.5705566402,1508520.5705566402,0.0,1290271.01268336,390472.4312508956,1179945.5005136405,0.9775976318857305,0.955193809287908,0.9327886254432274,0.9103809019594933,0.8879704863850801,0.8655570724708408,0.8431417968959098,0.8207240151665736,0.7983042464069718,496984.79414062505,224997.93498812505,635748.5,635748.5,0.0,573214.3999999999,1.0501573329714065,-1.7159526490207206,545543.7254298871,166955.82928161605,496984.7941406249,98.40000000002328,-565690.0,249.87983130712675,-15.868755279913765,-80.90000000002328,35430.27577945333,4417.2303421761035,2503.0388235294113,114511.61882472667,159269.01758271328,495259.0149283798,496984.794140625,1725.7792122452208,61990.57587087558,1.8142457195439148,1.8760515893959824,1405685.2723337454,621481.1335242598,1796365.2503353562,1796365.2503353562,0.0,1536941.7309002301,464651.04745797836,1405685.2723337458,0.9773779842840844,0.954754253436412,0.9321296024135644,0.9095031126981936,0.8868746532884116,0.8642449598804381,0.8416133996148397,0.8189793009457276,0.7963438305307547,1.0694713993925233,0.007788777473461128,0.03508706499999992,1.082788385,1.04770132,1.069017015,-0.4838583576401545,-0.19960457790320485,1.069499761184234,0.006336040590444545,1.0694713993925233,0.005388799999999971,-0.005388789999999588,-0.2924755242184234,-0.10327749613195339,0.00023950499999980668,0.0021910623927511984,0.001759175978996056,0.0017397787735848776,3.523256314252337,0.01909772874715265,0.07149129499999995,3.548101825,3.47661053,3.5283429500000003,-0.3500949116623784,-0.7586481196793362,3.5233080732689643,0.0158789153384575,3.5232563142523365,0.006945550000000189,-0.0059875499999990645,-0.5506731388951271,-0.04179426414752939,0.0007783749999998868,0.002592045037622751,0.002142664059273766,0.0021702037264150933,9.140927065654207,0.012493817879428801,0.05460634999999847,9.173164725,9.118558375000001,9.137718475,-0.09176727853672073,0.696761241312317,9.140935603924513,0.010061434789064702,9.14092706565421,0.009101100000000528,-0.011376349999999036,0.4010388774853504,-0.19653043121818956,-0.00011969999999994485,0.0037188685751301876,0.0029019426397293028,0.0029011316037734474,-0.005731269739074767,0.004311688738892204,0.0160046636945,0.0024994228795,-0.013505240815,-0.0057472547585,-1.2723843572399536,0.05235504098852647,0.0071720368517684,0.0037989306320740665,0.005907195845429907,0.0014660761000000007,-0.0014049896,-0.17547272933635405,0.18534117615461743,-0.00012217299999999886,0.0006250217362793427,0.0004895945075492168,0.0005007940639009434,-0.008618497725841123,0.0015557662182247053,0.0065362558000000015,-0.004875094049999999,-0.01141134985,-0.008784630105,0.10769743181635105,0.5230072104389405,0.008757791478226563,0.001189140624399511,0.008618497725841119,0.0007330379300000012,-0.0006719515000000011,-0.6029246195948481,0.23252396643305573,-1.734723475976807e-18,0.00032960233393389336,0.0002606560321110716,0.0002604820584905659,0.0005501348941261683,0.0017302884198504417,0.008185591187000001,0.005602616602000001,-0.0025829745850000003,0.0005935234384999999,-0.09926228293458683,0.0943645704770889,0.0018156393963570372,0.0013888388724707832,0.0014798142138551396,0.0004886920199999997,-0.000671951533500002,-0.6439523524332076,-0.27729494748532757,-6.108646500000044e-05,0.000296602938283486,0.00023110226046351015,0.00023224396261320757,
500988.55292968743,132174.0978255972,604798.7,604798.7,0.0,529095.4,9.934664989743585,-3.3490122996229483,518130.79652013804,64267.521939849896,500988.55292968766,720.3999999999069,-544477.7,505.6449558271576,-22.526994368913137,-101.5,24090.774718752546,2126.400399814649,1426.5328767123278,60906.8116019086,127220.04937695387,490218.9432225305,500988.5529296875,10769.609707157022,27218.30436536989,8.0224740593559,3.1594883343913547,1417009.6122936707,373832.6735762291,1710169.9590135487,1710169.9590135487,0.0,1465492.1047777126,181731.69393048726,1417009.6122936702,0.9687963846905309,0.9376145493923769,0.9064487420780944,0.875301014364682,0.8441735839090915,0.8130682087587738,0.7819872038489212,0.7509295932322596,0.7198979419144098,578200.1615234376,149722.51706601525,648261.6,648261.6,0.0,615089.3500000001,10.907829395242148,-3.5788190168685463,597270.6747382735,72275.02019042974,578200.161523438,599.1999999999534,-629165.4,505.87488230938334,-22.534661875095587,0.0,27834.39174409946,2457.54010899161,1478.469667318982,69833.37284646589,146964.8989950095,566269.413602992,578200.1615234376,11930.74792044565,30802.323184186607,8.021065970484399,3.1591163768978134,1635397.0203855191,423474.4298908841,1833032.484605819,1833032.484605819,0.0,1689335.374357988,204424.6275481901,1635397.0203855191,0.9679896891995821,0.9359821227233485,0.9039797168187548,0.8719872058801934,0.8400078407323771,0.8080442150202829,0.7760996069300421,0.7441756746115629,0.7122749506901002,0.8841464472041667,0.030547894865999656,0.12130772900000009,0.9457932465000001,0.8244855175,0.891546063,-1.071436867935698,-0.28962258992765705,0.8846740156602854,0.02606018372906253,0.8841464472041667,0.012214603500000032,-0.011615845000000014,0.6597548049317075,0.08670406977518835,0.0,0.003976868799440505,0.003007420039582653,0.0030052984414226116,3.3809504279375004,0.03831497439850158,0.13795309999999938,3.4470319949999997,3.3090788950000003,3.3796720975000003,-1.097633895130505,-0.08123702171444679,3.3811675251950937,0.03215999505989584,3.3809504279375004,0.018441659999999693,-0.01772313999999975,0.1824803078991426,-0.06814476790565187,-8.881784197001252e-16,0.006168957207529884,0.004805918219393903,0.004802064895397479,9.210229130520833,0.031039752444253055,0.1834585250000007,9.304531525,9.121072999999999,9.205736949999999,0.634526141488243,0.5287690666763805,9.210281434512536,0.023509370445312285,9.21022913052084,0.06430630000000015,-0.044188149999998316,3.483849047259457,0.5241277455760373,0.0007185000000031749,0.013291580372052776,0.009050343336951306,0.009055978661087788,-0.013564799886104166,0.015005343684500036,0.07031056269000001,0.022352535990000002,-0.0479580267,-0.012405683729999999,-0.13142817257242534,-0.2550828198980835,0.020227805986809753,0.011644448752307125,0.016283264020354175,0.007147120399999998,-0.005925390599999999,0.9772868064297766,0.5490481426358595,-0.00012217304999999692,0.0022584970901191833,0.0017024719368468166,0.0017027542645104607,-0.009459381565999998,0.013070752427569598,0.05925390640000001,0.020659063400000004,-0.038594843000000004,-0.008418111167499999,-0.18716253553720552,-0.2302220813164502,0.016134573704749595,0.010054401228616661,0.012608342510791662,0.0030543248999999988,-0.0032986711000000044,-0.033892081639500304,-0.07935272937420218,6.108665000000013e-05,0.0012828226130179128,0.00102020584994643,0.0010213458564016734,0.001405719458358333,0.008012005703419742,0.03744602566499999,0.01983577184,-0.017610253824999998,0.001051672244,-0.1331256433319754,0.2115742946767891,0.008134388888370023,0.006226797428205974,0.006270356929912505,0.002382373449999999,-0.003359757550000001,1.7168104870418626,-0.5896398908421259,4.336808689942018e-19,0.0008925782959195365,0.0006576864889540971,0.0006576383649267787,
291926.7744140625,259507.81076833626,571725.9,571725.9,0.0,482200.9,-1.9194326835521716,-0.2199629402899805,390596.39715385705,256576.2665748597,291926.77441406227,938.5,-571725.9,505.81661362408795,-22.532717370444438,0.0,25294.326182726443,2233.8247731894535,1349.5863013698631,52193.886742341216,79567.87103179537,289024.8235525196,291926.7744140625,2901.950861542873,21288.60902667946,3.6511184123379863,2.222516666494111,825693.6071923967,730953.6313600965,1608842.0168889242,1608842.0168889242,0.0,1102752.5307868957,722481.9062933472,825693.6071923967,0.9933793006742818,0.9867612906440706,0.9801462305118371,0.9735336155805634,0.9669234227132033,0.9603162156904408,0.9537115679880872,0.9471093303817311,0.9405096235952798,335824.69687499997,297668.9682205011,631845.2,631845.2,0.0,575865.75,-1.9347960499631474,-0.237422676974979,448759.44744667306,295158.42498779565,335824.69687500014,687.2000000000698,-631845.2,505.9248554734241,-22.53632760944274,0.0,27952.385188827782,2468.484599093891,1398.4025440313114,59550.929038566544,91766.5504520457,332738.38286115514,335824.69687499997,3086.3140138448266,23975.509043248367,3.638712301844272,2.2236587879500425,949855.6818009173,838695.1186219694,1778518.1580209201,1778518.1580209201,0.0,1267136.661236587,831123.7215758025,949855.6818009171,0.9936651142914293,0.9873337337350351,0.9810048851605916,0.9746788077158572,0.9683554895734953,0.9620348531139589,0.9557169452261983,0.9494016104995409,0.9430891061480292,0.8045910477152778,0.061575444279331294,0.18836829700000024,0.9099877185000003,0.7216194215,0.7945477567500001,-1.1328324010140374,0.4781425783949289,0.8069437956894924,0.05211815402199074,0.8045910477152777,0.006825807000000128,-0.011256593000000148,0.02632636900803398,-0.34377018135055254,-0.001077754999999847,0.003327824978724233,0.0025346284128319216,0.0026571318006992973,3.4382876760416665,0.035052289600965736,0.13196557999999836,3.5094222399999992,3.377456660000001,3.4269138349999997,-0.6564252255704295,0.8109798019934886,3.438466345076869,0.028961331362847065,3.438287676041668,0.013531864999999588,-0.01904040499999926,0.8375341159734297,-0.3320080701007625,-0.0003592500000002552,0.005873784850318489,0.004313600144261326,0.0043244338811188904,9.2027872515625,0.02621338051013785,0.12837310000000102,9.272917275000001,9.144544175,9.2066351,0.1413131759154318,0.034705827439144125,9.202824584813023,0.02015820824652803,9.202787251562496,0.029099500000000944,-0.025626700000000113,1.8457446860066344,0.40189268416823254,-0.0002394999999975056,0.009586255268067929,0.006446749696806757,0.006436408566433662,-0.018393857743958335,0.014189141527836858,0.0520456987515,-0.0036092274985000004,-0.05565492625,-0.0105425456875,0.1594813872862919,-1.1565170721380749,0.023230706833886054,0.011848730891085076,0.018393857743958342,0.007269293650000008,-0.005497785050000002,4.3805344093337695,1.075937916633515,0.0,0.0018278115018251371,0.0011879620312381554,0.0011871285857552468,9.242631524305582e-05,0.010517753458799876,0.04037817785,0.024018821535,-0.016359356315,-0.0003546930774999998,-0.39448899782140057,0.5010185330797877,0.010518159555922613,0.008552381360593653,0.00855109766177083,0.004764747250000001,-0.002504546649999998,3.1179081862030857,1.2234105554161137,0.0,0.0012163035075575795,0.0008311098059929583,0.0008291531499999998,-0.005651298636607639,0.007353550472864468,0.022785264792,0.00395328099,-0.018831983802,-0.0016972202897500006,-1.39684459487424,-0.37143866456393265,0.009274259045179225,0.0067605929917872315,0.006825111290482641,0.0020769411250000022,-0.002015854616499996,1.06718102760653,0.03944568261748518,-6.108649500000005e-05,0.0007065182270613874,0.0005210798962752705,0.0005181673166958038,
501500.04453124997,158957.41935091862,581768.3,581768.3,0.0,555858.7,5.919468680308389,-2.7783271862179415,526089.1139641169,90113.28925170893,501500.04453124973,777.4000000000233,-581768.3,249.9799976201025,-15.87349613961244,197.59999999997672,36433.348386299745,4546.81882045366,2545.116078431373,106611.8106280977,161361.91211921346,472402.06841114454,501500.04453125,29097.976120105497,44066.78979060174,2.1494135352219725,2.0333044878401334,1418456.32901361,439181.34034884354,1642542.6907249356,1642542.6907249356,0.0,1484890.0993101723,253105.17700225904,1418456.32901361,0.9543612187582113,0.9087405937903829,0.8631350841050304,0.8175452495190405,0.7719722268936934,0.7264170902218352,0.6808791897441415,0.6353578939045926,0.5898539772986432,591759.24296875,186248.24942615407,667834.7,667834.7,0.0,653218.25,6.166629377366778,-2.850414918772867,620376.8306870066,106331.73897094723,591759.24296875,668.2999999999302,-667834.7,249.987727313496,-15.873863015681497,132.0,41822.34899752223,5218.510880430593,2829.867843137254,125542.13391110938,190492.87511315686,557564.1754756022,591759.24296875,34195.06749314784,52104.47032874995,2.150991157585845,2.0340043600036375,1673747.894132084,515081.2662215932,1885646.9566910258,1885646.9566910258,0.0,1751211.2162512052,299070.52874096314,1673747.894132084,0.9550832362340388,0.9101838402489967,0.8653014895920084,0.8204357603742393,0.7755867219461636,0.7307562364267843,0.6859416393329657,0.6411429649171703,0.5963607330617642,0.619799083262931,0.03884921472714692,0.15687379049999983,0.7010222495,0.5441484590000002,0.62929141575,-0.3953289760612737,-0.20759740312713934,0.621015430644429,0.030165359897740815,0.6197990832629309,0.00574804799999995,-0.010777589500000073,0.019193878565631817,-0.3500085329119442,-0.0009580070000000385,0.0033640547143588394,0.0024921422812098407,0.002601199543478261,3.518118663965517,0.023061935614948022,0.12885206500000113,3.611569870000001,3.482717805,3.5161283249999995,4.876877655347489,1.9159086993979317,3.5181942508361908,0.014521547892390088,3.518118663965517,0.013771364999999758,-0.015926885000000723,1.0258874743936381,-0.532066427570394,0.0003592449999998415,0.005653651532675173,0.0040725837920605225,0.003997600043478295,9.179264781681034,0.027845020933788798,0.13460022500000157,9.239027675,9.10442745,9.178673175,0.46916020012409065,-0.6159829976425143,9.17930701509654,0.021087318980380625,9.179264781681033,0.035326549999998846,-0.03149449999999909,2.5151273826209914,0.2092705025833538,0.00047900000000034026,0.01028057201179751,0.006543445005671054,0.006562353260869497,-0.01801774246291379,0.01503460373311512,0.05601632042,-0.00415900573,-0.06017532615,-0.01167264572675,1.2966142256971525,-1.6464917144319244,0.02346653687427452,0.011504654409038634,0.018017742462913777,0.005192352299999994,-0.002993238249999995,2.0714515451705635,0.9479371426070897,0.00012217299999999886,0.0014138072432742987,0.0009766449711277882,0.0009386073668173917,0.0033168164469396565,0.008918605297591344,0.037751457795,0.02469077258,-0.013060685215000001,0.00260800242,-0.18913436239613235,0.6828921118418266,0.009515397616332891,0.007085416753194116,0.007324197319698278,0.003543017450000005,-0.003481930945,2.4130262178291284,0.3971541403014507,-0.0003054325500000017,0.0010210610234170395,0.0007396709244907371,0.000765971609391304,-0.001681422137676724,0.0023179673581676533,0.008674283364500001,0.0034035025430000005,-0.0052707808215,-0.0021553691325,-0.6945890550449767,0.6217185552128169,0.0028635909412135134,0.0019290187570118898,0.002544358603185346,0.001160643585,-0.0014049895500000006,0.27081342707690803,-0.12213334426609508,6.108649499999945e-05,0.0004356866681088939,0.00034661104698487685,0.0003473962799086957,
509450.34765625,132745.45746543293,578543.0,578543.0,0.0,538892.0,10.570915066401444,-3.502707181910141,526460.8372944574,63681.29345703125,509450.34765625047,970.5999999999767,-569772.3,505.81164465512234,-22.532550145403338,-64.10000000009313,25207.600078283012,2225.598900892693,1365.8927592955,61626.69537718279,129462.74376415504,498684.06750145525,509450.34765625,10766.280154794744,27221.73999472115,8.020912099292183,3.159101703954776,1440943.1820223145,375454.2307133603,1636170.9161643249,1636170.9161643249,0.0,1489054.4426504876,180117.89775278923,1440943.1820223148,0.9673587971440445,0.9347354252990058,0.9021304784158709,0.8695427919925324,0.8369731471242235,0.8044217725501456,0.771886713750405,0.7393679773602829,0.7068651664857186,580836.066796875,150218.88866709737,637999.6,637999.6,0.0,617583.25,10.975548601667546,-3.5943111264597682,599946.8734850124,72604.50834960944,580836.0667968754,775.2000000000698,-637999.6,505.9246346121867,-22.536319878129564,0.0,28224.51634129276,2492.2465837676837,1414.0479452054785,70076.04921772728,147670.7412862327,568952.9425729656,580836.0667968751,11883.12422390949,31263.074447525636,8.016977110969927,3.15806619049868,1642852.4863591713,424880.1989374427,1803707.210755094,1803707.210755094,0.0,1696905.2641163066,205356.5607948966,1642852.4863591716,0.9676834044012874,0.9353820275098146,0.9030956201787517,0.8708219224602544,0.8385623584361405,0.8063173245965434,0.7740864983766875,0.741867696887465,0.7096597098027961,0.6446035673354166,0.03405955338379845,0.10873387850000005,0.695274193,0.5865403145,0.66306118225,-1.5000063215531836,-0.342202121793814,0.6455027592491365,0.03176268158241315,0.644603567335417,0.011136842500000022,-0.01077758750000013,0.9307061667846797,0.0339973420764822,0.0,0.0034812514377085637,0.0026336955339892453,0.002632016282426773,3.535157744166667,0.05612976026501087,0.20872590000000013,3.649770385,3.441044485,3.5437908074999998,-0.9264904862553971,0.042874540560382444,3.5356033185481883,0.04595580859722218,3.5351577441666637,0.01796264499999989,-0.02203418000000079,0.9853961651105965,-0.4986358857449678,0.0,0.006716859655723512,0.004855570455699315,0.004822607970711321,9.177772579375,0.03090068558201741,0.18585350000000034,9.261421075,9.075567574999999,9.1780147375,1.3973268806854504,-0.5005643729945054,9.177824599059251,0.02183214555208337,9.177772579374995,0.046343650000000736,-0.02969824999999915,3.9851997511814945,0.7326092538674516,0.00011975000000141733,0.009971627493752666,0.0066492777113497156,0.006650437029288821,-0.016405831452541667,0.01817503245785458,0.0824667774265,0.009524370466499999,-0.07294240696,-0.010695261567500001,1.2818971697466228,-1.3218333245332028,0.024484344191610947,0.013943672698955559,0.01739394165451667,0.010140359600000003,-0.010140359600000003,3.8360108255293532,0.005763705358087358,0.0,0.0025674884848367087,0.001712404758039565,0.001711955600447698,-0.008537738989020834,0.014024063398623653,0.07305945557,0.02634010785,-0.046719347720000005,-0.007562900305,1.0391265991993546,-0.20637562767547782,0.016418506060335143,0.00999252144131424,0.012396945344312488,0.004092795550000007,-0.0042149687,0.9407616741581002,-0.5081990723474497,0.0001221730150000001,0.0013618603833609523,0.0009888824563150152,0.000994253097803348,0.00258672510815,0.0040149139487458815,0.021807881480000003,0.015804062555,-0.006003818925,0.0016014507882499995,0.6929204518675882,0.8950388932122646,0.004776052847380132,0.00316883049141458,0.0034191835783708314,0.0020769410765000013,-0.0031154116499999994,3.306214642734039,-0.9305534071400584,1.0842021724855044e-19,0.0006782766990400982,0.0004859863737765089,0.00048511372474058635,
504305.50000000006,133715.81916130226,619047.9,619047.9,0.0,530222.65,9.685062448953598,-3.29096612481336,521731.6912209074,65120.38164062501,504305.49999999994,749.7999999999884,-555715.9,505.6092779372176,-22.52580419101876,-131.80000000004657,24588.469363407017,2172.638072770855,1472.1598825831704,61443.72842658506,128014.00375482632,493193.685949947,504305.5,11111.814050053013,28284.126064947934,8.025746676207099,3.1603320842346863,1426391.35535869,378191.72234264924,1749950.5137308978,1749950.5137308978,0.0,1475676.5490752032,184145.46169250808,1426391.35535869,0.9685162717128419,0.9370504619572058,0.905604017224924,0.8741789453049743,0.8427739979922143,0.8113920803596147,0.7800326597069313,0.7486970158764302,0.717387310048164,587571.3349609375,152852.19628718693,676750.1,676750.1,0.0,620786.4,10.658676674482027,-3.5218154813377045,607127.5546189575,73446.41687011725,587571.3349609383,788.7999999999302,-649864.6,505.8295589136939,-22.533149833645663,-47.09999999997672,28750.79414542157,2538.3203786750237,1555.5843444227003,71105.52467643902,149289.85128554225,575008.0984681678,587571.3349609375,12563.236492769696,32183.138359884273,8.025805348473034,3.16034516993571,1661902.7015268453,432324.4122720783,1913706.6154694436,1913706.6154694436,0.0,1717214.31009313,207737.8376908557,1661902.7015268453,0.9675841753758944,0.935186996458927,0.9028096516581737,0.8704533987140917,0.8381191507387478,0.8058072222742584,0.7735201116378526,0.7412577092553272,0.7090206553467513,0.63939639560625,0.043401641842788996,0.17327967199999994,0.7094048159999999,0.536125144,0.65743288825,-0.7570393339352757,-0.6686318258423722,0.6408677345825062,0.03748210798005212,0.6393963956062497,0.022513181999999854,-0.015567625000000085,4.878626589361478,0.815800887290704,-0.0002394999999999481,0.004523505703269088,0.0030960537973074727,0.003094485656903768,3.5961464246875,0.07948823439690257,0.29865894000000104,3.693479515000001,3.394820575,3.6127673675,-0.3927401339922061,-0.7293786595491045,3.597024810478826,0.0667075371328125,3.596146424687502,0.023111935000000194,-0.02790198499999974,1.5336294449000256,-0.18759999502938235,-0.00011975499999961059,0.007819299292897363,0.005656499581765056,0.005639319100418414,9.158257145312499,0.036259180401703305,0.1337617249999994,9.240584474999999,9.10682275,9.1510106125,-0.8260626793643597,0.46870595176526114,9.158328923326074,0.031469663085937266,9.158257145312502,0.034129000000000076,-0.030416750000000548,2.8628603117338844,0.2522758203223158,1.7763568394002505e-15,0.00838321506844791,0.005789300785175371,0.005772595083682041,-0.017442010991712498,0.026886233821341875,0.10500769636500001,0.028766618540000004,-0.076241077825,-0.007671479903500001,-0.6675850744354266,-0.6573772622850134,0.032048296624483615,0.02263910260892812,0.022760293451054174,0.009590581091500003,-0.011423175300000001,1.7033601878090572,0.10621875556532256,-0.0001832594999999996,0.0031315447387489856,0.0021620157480964444,0.002155663377177825,-0.0097477606044375,0.021069791462245437,0.10494661034,0.029822039789999998,-0.07512457054999999,-0.00741018389,2.0595121321141274,-1.204911528860564,0.023215403271619785,0.013851432180759377,0.015732515193062506,0.007269294050000003,-0.00726929405,2.2538912031177,0.14686754479895858,-8.673617379884035e-19,0.0018589110158464296,0.0012602356832312105,0.0012570017487447704,0.0029168467576312497,0.007797036197106726,0.0390953607515,0.026860719041499996,-0.01223464171,0.0019374264509999998,0.8228974320142788,0.7054434747005476,0.008324768373143868,0.005815672495054896,0.006243444086064583,0.0037262765000000003,-0.003726276500000002,3.1012884978657818,0.32506904286655747,-0.00012217298999999998,0.0009950048041922923,0.0006412708442746968,0.0006507373730794978,
473465.2171875,118194.16128382557,558164.7,558164.7,0.0,479401.25,11.123424447880438,-3.445540824479658,487995.05289295036,54416.79437255856,473465.2171874998,1258.2000000000116,-558164.7,249.9433576256707,-15.871757563959198,373.10000000009313,34957.30992871274,4363.207397154943,2567.6439215686273,90337.06577986569,156421.71535648158,449942.99667006213,473465.2171875,23522.220517437858,27207.616109722137,2.165437703070408,2.040676619755926,1339161.8629169713,311696.0659708984,1572845.4380450775,1572845.4380450775,0.0,1374957.793036931,150130.14881702303,1339161.8629169713,0.925092245872204,0.8502262084809389,0.7754020795717185,0.7006163197585442,0.6258713718565443,0.5511703964973137,0.47650948553173644,0.401887664827555,0.327307019269494,557892.219921875,135990.729463476,633086.6,633086.6,0.0,581012.8,12.504895426805003,-3.7425780695889217,574227.4876295684,61019.46155395507,557892.219921875,884.1000000000931,-633086.6,249.98470539524405,-15.873719542349123,288.0,39646.98410449351,4947.899564782775,2751.0541176470597,105644.10473494556,184636.25060146014,530585.1920170104,557892.219921875,27307.02790486466,31524.81791995255,2.165986854519936,2.040928562146331,1577957.4875118984,359398.35498676816,1784601.8219235367,1784601.8219235367,0.0,1618368.6261053316,169274.78994702356,1577957.4875118982,0.9247848798689691,0.849616849598272,0.7744961929973058,0.6994191663776984,0.6243865251632937,0.5493980632214313,0.4744587515871536,0.39956205883257195,0.32470952530499697,0.49020905856611574,0.01895175496098857,0.061192758500000055,0.523311796,0.46211903749999994,0.4824767099999999,-1.2040812239724727,0.3969580050189203,0.49057526447669464,0.016755078415340477,0.4902090585661158,0.006945558500000004,-0.009819581500000008,1.0400756244651417,-0.49978155267345953,-0.00017962725000000845,0.0028939341771830633,0.0021574305729166643,0.0021605075499999985,3.5584647549586776,0.03438824674095348,0.12705577000000057,3.62522146,3.4981656899999996,3.55660417,-0.832575906453886,0.34704293729787716,3.5586309114316745,0.02805704722969745,3.5584647549586785,0.006706059999999958,-0.015567625000000529,0.7389693963664525,-0.8104143374094078,0.0,0.004147172304997534,0.0032286201041667093,0.0031913642083333843,9.173489262809918,0.020099568294098168,0.0850231749999999,9.22705255,9.142029375,9.172206575,-0.10156709015161036,0.6550494322408513,9.173511282357177,0.015596328840243298,9.173489262809916,0.018082350000000247,-0.018202100000001664,0.7370145016041936,-0.103276828592705,0.0004191249999996316,0.0065430918018468355,0.004775765999999995,0.004797021666666682,-0.015252516437024794,0.015815203901207216,0.0558941479965,0.005003969446500001,-0.05089017855,-0.008862666708500002,-0.5018287733259355,-0.7888311948358112,0.0219717985631234,0.012962304299155111,0.016375622022123965,0.003909536099999996,-0.0028099790500000082,0.114705255862114,0.25271829884041447,6.108649924999954e-05,0.0013950387711749777,0.001028730609103958,0.001029307537154167,-0.005589957593595042,0.0071037149639881,0.02840522289,0.01174043419,-0.016664788700000002,-0.007318553905,-0.037000416396582914,0.6829123165339589,0.009039380077625864,0.005521842515592514,0.007948864894917359,0.0022602004000000005,-0.00207694095,0.4093969390690275,-0.20327565561288813,-4.336808689942018e-19,0.0008401522366550387,0.0006402034993833332,0.0006398810983333333,-0.0029772601861115704,0.00633796888840902,0.0276721851915,0.0078628171915,-0.019809368,-0.00130015812,0.7690646685577822,-1.1038520342523208,0.007002422998237523,0.004667632884711358,0.004584047940706616,0.0013439030850000006,-0.00238237365,0.5679513766083999,-0.9704054129581606,0.00018325950499999946,0.0008022086598829752,0.0006206897603947223,0.0006174827192749996,
464442.68437500007,120916.8454590609,539118.2,539118.2,0.0,489915.9,10.617492036368889,-3.511199523285698,479924.8801481604,58055.33554687494,464442.6843750001,860.1999999999534,-525623.6,505.7457159602868,-22.53035322420353,-18.699999999953434,23255.155492740654,2053.105965433658,1294.4947162426613,56171.25896299782,118015.98130866757,454452.7779021924,464442.68437499995,9989.90647280755,23970.077150553523,8.025471796600609,3.16028499477053,1313642.2863761836,341996.1554624439,1522655.7058232375,1522655.7058232375,0.0,1357430.4501176996,164205.2857970231,1313642.2863761836,0.9667619190144863,0.9335316074473662,0.900310159411886,0.8670963372525792,0.8338907590216529,0.8006934277706845,0.7675048685429133,0.7343269766735271,0.7011576819184676,559614.8986328124,144911.15529169724,624619.0,624619.0,0.0,591760.0,10.90753331908461,-3.578531649106419,578072.7269987641,69951.8623291016,559614.8986328128,725.9000000000233,-621739.3,505.90796221373,-22.535764244370533,0.0,27505.399734631723,2428.7237265482263,1412.7025440313112,67564.4878204553,142251.43392463162,548041.8355898603,559614.8986328125,11573.063042952197,30904.320598209844,8.020011485988059,3.1588449011465114,1582829.958705137,409867.11864389287,1766003.6054307853,1766003.6054307853,0.0,1635035.6978121158,197853.74483814192,1582829.958705137,0.9673231800988614,0.934649921536079,0.901982224982568,0.8693181623835636,0.8366590878001977,0.8040047588908754,0.77135303845918,0.7387026847749097,0.7060533430400066,0.14420463095383335,0.029884773313002922,0.09160949945,0.1769919505,0.08538245104999999,0.15872992588999998,-1.0773728485912255,-0.6964961619855041,0.14726871787484555,0.02637815553163055,0.14420463095383326,0.01652563600000001,-0.009580078599999986,4.3023950831020406,0.8048552026944737,-0.00035925275000003865,0.0032126864632114316,0.0022902980686430544,0.0023013232686610883,3.2917823379791664,0.08405257358502545,0.4124223449999995,3.5212776049999994,3.10885526,3.321712615,0.06704705250176346,-0.3603231748104898,3.2928552649270597,0.06727809848611124,3.291782337979165,0.04047583500000096,-0.03867956499999936,3.8100365617703105,0.11214721305284218,-0.0011975149999998713,0.009385847253812321,0.006144850143204786,0.006289682552301252,9.283806628020834,0.03579222443062849,0.21638992500000143,9.354946600000002,9.138556675,9.28573065,2.6794899149004445,-1.0196389261639658,9.283875623348974,0.026727686045139178,9.283806628020832,0.024429250000000735,-0.020597150000000397,1.1864196213484357,0.29791377965879495,0.0009580000000006805,0.00696427718096601,0.00515980130249825,0.005222947384937348,-0.023137818330247917,0.030906504740540755,0.14947866934999998,0.03212637659999999,-0.11735229275,-0.012588943297499999,0.9188716039699503,-1.1107680542160367,0.038607909453383056,0.023889053468453495,0.02703253925090624,0.019181160750000006,-0.015577057095,4.808667449828903,0.7196440060789852,-0.0003054324500000004,0.00405356494699823,0.0025823524253029,0.002539562679479079,-0.0061230404094375,0.011186598423720988,0.04569270334499999,0.017482565599999996,-0.028210137744999995,-0.008509740750000001,-0.590362738693754,0.1758230199019009,0.01275270983552913,0.00909704849087812,0.010771199329062505,0.0023823735500000023,-0.0025045465500000003,-0.43562538043432086,0.01031933591716998,6.108645000000093e-05,0.0010395449631109912,0.0008449039236223102,0.0008449873385774056,0.004183882598020833,0.005088041496640221,0.024801119424999997,0.01684253288,-0.007958586544999998,0.0047168622575,0.4378719493996188,-0.17528356960643082,0.0065873393616508345,0.0036728004437545144,0.0056676609032333325,0.0020769411700000007,-0.003604103650000001,2.4145490291102627,-0.5847294147808032,8.673617379884035e-19,0.0008367179904426712,0.0005930591276742171,0.0005929735738326367,
444143.2390625,108885.48264392577,501921.2,501921.2,0.0,460770.2,12.157450256254716,-3.6716131324469736,457295.59929604584,49101.919030761695,444143.2390625003,1151.2999999999884,-501921.2,249.91175217483976,-15.870256846479203,107.79999999998836,31434.720859043744,3922.34644213764,2299.7431372549017,84161.15412668862,146967.00478926935,422230.1058346527,444143.2390625,21913.13322784727,24675.628488900515,2.1660404600486443,2.0409533747229145,1256226.784637007,288157.63784708164,1417139.287390933,1417139.287390933,0.0,1288852.4192819917,136323.9179167822,1256226.784637007,0.9259247858721749,0.8518620581642198,0.7778129177998525,0.7037798306577967,0.6297565983687528,0.5557488512657806,0.4817516898259439,0.4077659483054053,0.3337910889427003,533791.884765625,129137.52068856296,586710.5,586710.5,0.0,559595.8999999999,12.972210345963228,-3.8410150695420318,549190.563913135,58383.48739624023,533791.8847656249,800.3000000000466,-586710.5,249.96571883516555,-15.872818640060364,18.900000000023283,36742.74437893347,4584.355407920043,2552.3705882352942,100795.66497231807,176774.75907362418,507667.7849317485,533791.884765625,26124.09983387646,29488.516044168173,2.1661611693430878,2.041008692304505,1509791.4458404866,342458.0307204832,1656433.1670452426,1656433.1670452426,0.0,1548143.3114340734,162799.44495898773,1509791.4458404866,0.9262147928467687,0.8524557725571449,0.7787192584956306,0.7050073109590792,0.6313204510012486,0.5576563414570987,0.4840137919982914,0.41039413129622665,0.33679609866275034,0.07386359324793389,0.013264885531873037,0.058438478114999984,0.10609936894999998,0.047660890835,0.07328760097,-0.797451422746267,0.16139629061408076,0.07504523699522787,0.010960114451105804,0.07386359324793389,0.007903564979999986,-0.007544311499999998,0.05499900010503067,-0.06898691335320839,-0.0003592528750000004,0.0029219607515840263,0.0023098966501666667,0.0023261628239999986,3.2334249595041324,0.026998038047311518,0.11460169500000017,3.297702545,3.1831008499999998,3.23112099,0.6218795621959945,0.9682344771151985,3.2335376699217067,0.01955407999658496,3.233424959504132,0.01317261500000022,-0.013891115000000287,0.6858442070917756,-0.08206919051608258,-0.00047900000000034026,0.004823676295947346,0.003473975827777776,0.0035047120833333317,9.297678079545454,0.021699796351350602,0.1335222999999992,9.36596395,9.23244165,9.296148899999999,1.9302787156410686,0.2112264737310861,9.297703402024705,0.014427608903080369,9.29767807954546,0.02311194999999877,-0.03197349999999943,2.15843979586705,-0.39526456467003607,0.00011971250000009093,0.00871184016496047,0.005976522010416616,0.005974576041666616,-0.016691330630975207,0.01647354248339108,0.06786710414,0.01819865504,-0.0496684491,-0.0132608948685,-0.5694747733917547,-0.13117716014896494,0.02345161231524651,0.013251318984993236,0.019426077897173558,0.005436698899999998,-0.004764747149999999,0.9531476643450554,0.2520876908402005,6.108647500000126e-05,0.0019644163050997095,0.0013663014357750004,0.0013663014357750008,-0.0056379180944628095,0.003272899137200856,0.01527162579,0.00343267036,-0.011838955429999999,-0.006157910635,0.41939853567955687,0.7109204287327279,0.0065190481822242465,0.0025241271677467385,0.005925225363305787,0.00280997915,-0.0014660761150000002,1.5586255791735075,0.39564452442702536,0.00012217299000000063,0.0007145858865462194,0.0005165287945381945,0.0005227986453750002,-3.7535426814049644e-05,0.002055333866803015,0.009224061618,0.005297183991500001,-0.0039268776265,-1.7341535499999963e-05,-0.3610714006183411,0.28453266811928696,0.0020556765826105876,0.0016651526877050754,0.0016657023881198347,0.0012217299665000002,-0.0010995569750000002,-0.07685579370204954,0.12589546566022497,-2.710505431213761e-19,0.00043399368675884156,0.00033858890029250013,0.00033852102635416667,
429898.86875,168653.07640003666,522131.2,522131.2,0.0,489484.6,2.6320229435855724,-2.1420816038912536,461797.4637562729,114191.88701171856,429898.86874999997,683.9000000000233,-522131.2,249.96825897717798,-15.872939518776425,52.5,32698.535019596286,4080.111956939644,2275.0454901960784,97970.23994705942,136369.4666635151,413770.1894416639,429898.86875,16128.679308336104,49819.31512867634,2.0511410234661502,1.987016538719703,1215937.6212702026,463463.10616374284,1470228.475613689,1470228.475613689,0.0,1301269.514587652,310836.55176510627,1215937.6212702028,0.9683498819395577,0.9367146742240661,0.905094556862474,0.8734883395618942,0.8418948881831901,0.8103168564424118,0.7787533900579574,0.7472044222328302,0.7156696039331779,517699.773046875,202729.18428495957,615865.6,615865.6,0.0,593348.4,2.6694127027531938,-2.1582792381876406,555978.57618224,137514.002215576,517699.7730468752,304.80000000004657,-615865.6,249.99618366723558,-15.87426416838424,114.20000000006985,38567.44817016435,4812.228752018464,2571.497647058823,117864.79032865193,164294.49289006108,498561.9913258447,517699.773046875,19137.78172103031,60038.777365420574,2.048180050862487,1.9856965283407162,1464276.0805607282,557717.7768179383,1735085.1846467082,1735085.1846467082,0.0,1566892.9633772154,376017.8089130102,1464276.0805607282,0.9690024251987719,0.9380180532930276,0.9070484034474966,0.8760927222918418,0.8451507955333196,0.8142217298463893,0.7833066061089752,0.7524049333082704,0.7215175917129505,0.08661232511531533,0.027457064121723,0.09029224034999997,0.13639636819999998,0.04610412785,0.09651929175,-1.3551587620682841,-0.19300953688983138,0.09086025111161365,0.02461079504304844,0.08661232511531532,0.008023316199999991,-0.0082628176,0.29650830090107094,0.3076885206965934,-0.0007185056499999787,0.00315363081848911,0.0024028578539669406,0.002436388129636363,3.0640802409909904,0.053921179593301755,0.1917212699999995,3.1719639749999997,2.980242705,3.046465005,-0.8309003888866271,0.5598835124665599,3.0645546522847553,0.04469307153721273,3.064080240990991,0.01927989999999946,-0.023351429999999507,1.9051693512461805,-0.562118619925646,-0.00035925749999976553,0.0066051682712181085,0.004708567335537148,0.0046757298636363135,9.360125090090088,0.026664732152499628,0.10921279999999811,9.424162599999999,9.3149498,9.359377399999998,-0.4638214014158999,0.4206470880946978,9.360163070698865,0.021775482436490284,9.360125090090088,0.022153950000001643,-0.024069899999998867,0.6391847218663051,-0.36555114802400407,0.0008382500000001514,0.007974290538738195,0.0061487896570247315,0.006183508409090812,-0.02133201718963964,0.026858924346347242,0.094745161465,0.013800425215,-0.08094473625000001,-0.013688500399999998,-0.17896897591164818,-0.9796861917477491,0.034299515658706994,0.02138876288400455,0.0243212043426126,0.007574726150000002,-0.005009092750000006,0.5072483835422457,0.6985172095444224,-0.00036651901249999674,0.0026943799008357057,0.0019415208239008264,0.0019453273716818187,-0.0031872354327027014,0.010412369181099898,0.035979949465,0.014306067665000002,-0.0216738818,-0.0031035855749999997,-1.0284468535344744,0.06873267528766239,0.010889256249487132,0.008668432915339665,0.009267661125135131,0.0023212870999999983,-0.0015882490500000006,-0.12968423229757953,0.5646055974314499,-6.108652250000129e-05,0.0008949272023450968,0.0007114103699900825,0.0007058267607272731,0.00382670556659009,0.008005835626735512,0.034269527923000004,0.0247226922765,-0.009546835646500001,0.0029758970205,0.7895150992022839,0.9102513695956802,0.008873391661347941,0.005585084280591996,0.006508476190130633,0.0031154116500000002,-0.0034208441999999985,0.5376583415141778,-0.12497390647670016,6.108649499999945e-05,0.0012752044342237213,0.0009009905700452065,0.00090074824345,
470196.332421875,95389.97551377746,505569.2,505569.2,0.0,489969.65,20.064886412491482,-4.663500227277072,479774.77888223913,36734.08847045899,470196.332421875,676.7000000000116,-505569.2,249.96670290802314,-15.872865404282217,98.89999999996508,31661.16075294653,3950.0325659361724,2207.672941176471,82732.70241464596,158183.38170876482,453730.6773041393,470196.332421875,16465.655117735652,18523.610718684587,2.1664288567783094,2.041131994522208,1329916.060578208,246626.17558784934,1426649.2725571278,1426649.2725571278,0.0,1352590.5510053472,99251.52789540801,1329916.0605782075,0.8975479662147301,0.7951182805381147,0.6927100095465102,0.5903264628673565,0.48796295519139243,0.3856241525545463,0.2833058672604265,0.181012294613196,0.07874158400333625,556322.897265625,112302.55346006143,591245.5,591245.5,0.0,578294.35,20.526108982053703,-4.739316384879235,567544.7379155841,43462.72634887699,556322.8972656248,372.9000000000233,-591245.5,249.99632346206582,-15.87427072511304,62.79999999993015,37025.54016790805,4619.422788158401,2445.357254901962,97964.74859550432,187124.721492627,535549.7961403502,556322.8972656251,20773.101125274858,21582.757625008944,2.1665877357474796,2.04120524095926,1573518.772743482,290745.47423560504,1667345.132826496,1667345.132826496,0.0,1600154.4484719723,118361.14030891526,1573518.7727434821,0.8978563734744076,0.7957477888445927,0.6936691808697981,0.5916229528246346,0.4896118644997105,0.3876322211506626,0.2856878578239087,0.18377935951376495,0.08190699665955842,0.12805566343495933,0.030160711128532632,0.09651928890000003,0.17938696850000002,0.0828676796,0.12801379829999998,-1.3974146751571712,0.1830397226024648,0.13155957370539922,0.026537352792967143,0.12805566343495944,0.0053887939999999745,-0.006346801750000006,-0.22848800706590122,0.06857893910954607,-0.0007783816499999929,0.0023782744682655068,0.001848496913907553,0.0019474258122950837,2.975964754796748,0.05416844968609414,0.18908676500000032,3.09735912,2.908272355,2.95521474,-0.31290055840818054,0.8874392068788618,2.9764577004778454,0.04363783716042043,2.9759647547967467,0.017244134999999883,-0.02215392500000002,2.0367857202880417,-0.66096067242542,-0.00023950750000012455,0.005644312546138767,0.004067961457941424,0.004014602868852463,9.38086153800813,0.020048309487531703,0.10514140000000083,9.433862525,9.328721125,9.375903074999998,0.42490339346678674,0.18820710840603228,9.380882961107318,0.015860162545442227,9.380861538008132,0.015567599999997128,-0.010897350000000472,0.04626770626416743,0.293119460402903,0.00023952499999779775,0.005183501727901282,0.004112892737167625,0.004113746311475563,-0.022049901096829267,0.023930048987185832,0.08546001304,0.013494992840000001,-0.07196502020000001,-0.0197360641,-0.7762358706839994,-0.4371323820252469,0.032539904469882294,0.019467442640531823,0.025385143716601617,0.006047563599999998,-0.003970622050000004,0.31097962197571594,0.7391180918139593,-6.10864674999963e-05,0.0020054645441381666,0.001573638145124965,0.001569222057213115,-0.0030847132488211375,0.009756871860892429,0.03726276547,0.01430606722,-0.022956698249999997,-0.004814007535,-0.855832526698185,0.0938971644317387,0.010232888367285512,0.008078632252054335,0.00868612152727642,0.0025656330499999997,-0.002687806000000001,-0.05489679713930995,0.17452545674601377,6.108651000000112e-05,0.0011031950492664823,0.0008597584366138134,0.0008602181066803281,-0.000657508173764228,0.004539430255493546,0.01881464234,0.010184104295,-0.008630538045,-0.0005671200614999997,0.10084226408596875,0.48787438989178106,0.004586801068616012,0.0035228931162501146,0.0035436419670975623,0.0020158546350000006,-0.002565633199999998,0.8869864767417903,-0.2567016917116604,3.054323250000035e-05,0.0007316806736707847,0.0005522820533278687,0.000552282053327869,
455282.68671875005,118623.21361349338,530650.1,530650.1,0.0,477184.95,10.578373413684545,-3.5002856190564153,470482.50938141806,56910.33583984379,455282.68671874993,772.8999999999651,-530650.1,505.8699439182659,-22.53449654876223,33.0,23476.235323744557,2073.157731473151,1240.4260273972604,55084.73810281057,115694.66959216718,445636.66846442607,455282.68671875,9646.018254323913,24189.21907207933,8.020846108849854,3.1590789173414517,1287733.9005426345,335512.26684285153,1499246.0165932416,1499246.0165932416,0.0,1330724.2688884793,160966.7375678295,1287733.9005426348,0.9659872749399789,0.931983704760213,0.8979888924784268,0.8640033388398766,0.8300287179557982,0.7960655351343526,0.7621143187412694,0.7281771699757954,0.6942548244142216,522942.83515625005,135919.64723956425,601632.4,601632.4,0.0,551029.35,10.707586889434168,-3.5312702903008053,540317.8317869811,65367.85439453129,522942.83515624935,443.0999999999767,-601546.6,505.93004246183693,-22.536501095921928,71.19999999995343,26611.921570024937,2350.1054024762434,1364.9236790606649,63233.01700129357,132899.62056530343,511951.60041597247,522942.83515625,10991.23474027753,28537.033189146474,8.020711099854328,3.1590313435325252,1479105.6996476133,384435.73929422314,1701520.3813787014,1701520.3813787014,0.0,1528248.8371913624,184888.21245595167,1479105.699647613,0.9663442363860947,0.9326845290061455,0.899021254354794,0.8653572126791156,0.8316928697894187,0.7980298519808425,0.7643684220739007,0.7307097840241389,0.69705632836434,0.09431138283181249,0.040268021714852276,0.157352790665,0.155077522,-0.002275268665000001,0.109212896125,-0.20967647944124845,-0.9970363627373087,0.10254828377148258,0.03294985695534896,0.0943403226530208,0.008502320000000022,-0.007903565200000004,1.637807906118013,0.5207246288041809,-0.0004790041999999939,0.0025451158278073254,0.0018508330954302265,0.0018859527255439307,2.9984792542500003,0.07849393890300985,0.3132685599999996,3.14561879,2.8323502300000003,3.0392798924999997,-1.3333744012600852,-0.4533792574902212,2.9995064821753834,0.07136804025833324,2.9984792542500016,0.03796106999999971,-0.049576899999999924,7.5599075455166656,-0.3829721822741073,-0.00023950500000013974,0.009403592177518459,0.005630285353897833,0.005626792489539725,9.379188309479167,0.019737635386429104,0.10322509999999774,9.432545225,9.329320125000002,9.373927375000001,-0.33087005973269834,0.2850693035137777,9.379209077471364,0.016457697201388802,9.37918830947917,0.035805499999996826,-0.02287240000000068,5.70125906758634,0.5720717526037882,0.00047900000000034026,0.006345413108483293,0.004264073488734451,0.004279472175732289,-0.0174033229696875,0.020125408072803504,0.11862998529649998,0.019603643696499997,-0.09902634159999998,-0.012222424371,2.655168738273203,-1.5447761245199727,0.026606534920656556,0.014087056082324998,0.018960765979675,0.015577058090000002,-0.01392772249999999,7.76430628455342,0.8502262806237056,-0.00018325950000000046,0.00335823761840055,0.0018173386551193246,0.0018262052401213395,-0.005578097914833333,0.009438358725039543,0.048136163545000006,0.015588884045000001,-0.032547279500000005,-0.0059135647975,0.5894409436872516,-0.3441197756670626,0.010963475350909404,0.007055473971380558,0.008463664515958334,0.0030543248000000044,-0.0014660759600000003,1.1175755908655303,1.0365314295493533,-1.0842021724855044e-19,0.0007979883182134432,0.0005882894987846848,0.0005804495601882849,0.0012372225655854165,0.010860839440433905,0.05754348486,0.037734117175,-0.019809367685000003,-0.0017583068162500002,3.084158162859465,1.4985778188553485,0.010931081969671547,0.007164002256024151,0.006908320258989585,0.0033597575499999914,-0.0037873629499999995,2.626657202031595,-0.30199852077031847,-2.168404344971009e-19,0.001013983267937176,0.0006389737256988851,0.0006374465898430968,
468849.352734375,105247.72658267964,521267.8,521267.8,0.0,482940.80000000005,15.471240493399424,-4.116339740346652,480517.2208259189,43954.62681884768,468849.352734375,682.9000000000233,-521267.8,249.97058985689708,-15.873050046586162,158.5,32644.537054030356,4073.6211641676323,2301.107843137255,85810.57994127976,156380.155773755,448388.4846436979,468849.352734375,20460.86809067709,22241.168357129984,2.1660417745466587,2.0409549272642105,1326106.2266936009,267671.007957361,1470387.539284117,1470387.539284117,0.0,1352850.8761044024,119713.18786046481,1326106.226693601,0.9133060602609051,0.8266362988807138,0.7399915884207925,0.6533685213608339,0.5667753807352811,0.4802096896193907,0.39367109053271376,0.3071574027284741,0.2206684990155763,556561.36171875,123838.71627035116,600572.2,600572.2,0.0,581190.8999999999,16.127949915206514,-4.240260516942564,570172.4098952156,52177.62766113282,556561.3617187501,396.0,-600572.2,249.98799744859878,-15.873875874588784,119.39999999990687,37609.97610165863,4692.562746635907,2546.475686274509,101650.83261231797,185721.43936857014,532398.8869021,556561.36171875,24162.474816649967,26088.222763453785,2.166164559358805,2.0410110931596197,1574193.2520709885,316481.22920212965,1695257.0769983241,1695257.0769983241,0.0,1605691.366142051,143710.85281372612,1574193.2520709885,0.9145493323983002,0.8291168477324203,0.7437045365279804,0.6583121891786238,0.5729413845721051,0.4875922578656651,0.40226754295918565,0.31696532768274455,0.2316787251246908,0.0033981795522950815,0.022138318125983908,0.07448510996499999,0.03484753598,-0.039637573984999994,0.0058079223499999996,-1.0373020435554303,-0.42827686038600254,0.022397605981821,0.019178050436533194,0.0196902022952459,0.0067060551,-0.0080233158,0.36473352331696995,-0.049012989062521925,-0.00047900391500000153,0.002753239675000525,0.002097609260611298,0.0021228583060330557,2.8993803392622954,0.05458788535787198,0.1892065950000008,3.0089829500000005,2.8197763549999997,2.8827653775,-0.5350034643551633,0.7418029004596465,2.8998941685738435,0.04369769004031185,2.8993803392622954,0.009340569999999992,-0.015088629999999714,0.16425444181278692,-0.6152921391500109,0.00011975500000005468,0.0050698973017428385,0.003891068764428652,0.003817186694214866,9.407154207786885,0.01813050355427914,0.08155044999999994,9.45960915,9.3780587,9.408774737500002,0.009875356313000516,0.35125220176025207,9.4071716793222,0.014556697003493605,9.407154207786895,0.02059714999999862,-0.025027899999999548,1.9066457148444416,-0.32180141198872364,0.00023949999999928195,0.006493846607005297,0.004739981828426969,0.004747481198347003,-0.020165171210577867,0.023026438056863902,0.0730594539415,0.008180467191499998,-0.06487898675,-0.0091375557935,-0.9493160051150809,-0.7377305816239229,0.030608021490101393,0.020188530182379524,0.02171360238212704,0.005925390400000001,-0.004581487549999996,1.2512292800350266,0.44245364448945773,-0.0001832594999999996,0.001904974307315044,0.0013923349519377774,0.001391358636012397,-0.004113515633442623,0.0043634596416394535,0.020219632215,0.007403292855,-0.012816339360000002,-0.004172599385,0.13794034977200464,0.39479247033134646,0.005996731685742924,0.00337521392742811,0.005104985143934427,0.00213802755,-0.001588249,0.215338819534173,0.2531761980167421,3.2526065174565133e-19,0.0007022697464692674,0.0005505170099460423,0.0005502833617768595,5.676334715573776e-05,0.0037776289826166026,0.014599673777,0.009389979540000001,-0.005209694236999999,-0.00050603361625,-0.19815951932955933,0.748177340388439,0.003778055426788399,0.0030867152044871,0.003076479191065574,0.0015271625350000003,-0.0017715085750000012,0.3672336242371448,-0.24057533446899,0.0,0.0005912915020282364,0.00045737479875432,0.00045688664073553726,
451153.6970703125,116858.96660299446,509195.2,509195.2,0.0,481057.5,10.891307893054439,-3.575466212536151,466042.569360065,56394.21213378903,451153.69707031257,650.8999999999651,-499058.5,505.7847947046041,-22.531658880035845,0.0,22079.407836762162,1949.3621600713825,1217.6152641878668,54494.701626300666,114663.58125749872,441602.39495240385,451153.69707031245,9551.302117908604,24826.49291308359,8.02386644823894,3.1598469745534494,1276055.354223198,330520.45478318736,1432683.7571831131,1432683.7571831131,0.0,1318165.7855033926,159506.9192778996,1276055.3542231978,0.9673892414789018,0.9347883245429687,0.9021961777702582,0.8696119570866244,0.8370368494684097,0.8044694101651402,0.7719095913580929,0.7393583243545758,0.7068155416780332,532347.8431640625,137742.86540707646,604808.6,604808.6,0.0,564808.1,10.950370455408967,-3.5881575290945165,549879.3714006566,66543.48039550791,532347.8431640621,475.60000000009313,-577696.1,505.8905888016191,-22.53518630317171,-9.5,25557.221192631256,2256.4090862090843,1324.1964774951077,64272.60941501039,135311.6921048082,521183.35913382145,532347.8431640625,11164.48403024103,29252.496824897695,8.022731580693668,3.159548489446616,1505707.0794053655,389591.6596524719,1703553.3840852906,1703553.3840852906,0.0,1555292.7281519072,188213.3849256705,1505707.0794053657,0.967963712469341,0.9359354247009818,0.9039158212092242,0.8719034630589891,0.8398983994918799,0.8079018709571678,0.7759112579005826,0.7439269606791982,0.7119480912288632,0.012675142512916664,0.026197600764867605,0.13675561997999996,0.08370593572999999,-0.053049684249999986,0.013651612189999999,0.2873637213632496,-0.07772092455311728,0.029102809547501406,0.0200464305996111,0.023308031690708324,0.012693603999999997,-0.009580078400000004,1.6461568788316363,0.5811965216676916,-0.00011975101500000078,0.0035408586688707062,0.0026497711249953613,0.0026500541449372386,2.8971220241249998,0.06485901305212798,0.1995051349999999,2.9754526450000003,2.7759475100000004,2.925875735,-1.1919338426331874,-0.617210661145787,2.8978479453284356,0.05751926338541666,2.897122024125003,0.02311194499999969,-0.025746464999999663,2.0487516360979656,0.1235676888459798,-0.00035925999999975033,0.00689725812024985,0.004923922451812788,0.004942859937238467,9.409897919166667,0.028741327351460164,0.1868116750000013,9.484038400000001,9.297226725,9.409912362499998,1.3533203001227658,-0.26034395697936086,9.409941812414946,0.022479767500000105,9.409897919166667,0.04370909999999917,-0.03532649999999826,3.4884391826297474,0.3110620195364557,0.0003592500000006993,0.009676357180156784,0.006420233980497581,0.006421963598326402,-0.015851471178797916,0.016709519734869886,0.06597342041649998,0.007264169616499998,-0.05870925079999999,-0.01179481811925,-0.027099553781653185,-0.9759877473071746,0.0230320904023553,0.013356202883855636,0.01647857326303958,0.006047563000000006,-0.00653625525,1.4520479899910095,0.3521254294282431,-0.00018325948999999963,0.0019118526681496382,0.00136060098546608,0.0013347017031882838,-0.009169984238812498,0.01282292653340887,0.06053672300000001,0.006059389600000001,-0.05447733340000001,-0.0059746511975,4.035570971252842,-2.191378168750173,0.015764392021935733,0.008094572286183332,0.009759797951312495,0.00433714155,-0.00390953585,3.7191301946347233,1.1127273413421852,0.0,0.001132282788672562,0.0007163443296852299,0.0007074788147071132,0.0023986295768041667,0.0045790221745392115,0.022052227368500002,0.01781991721,-0.0042323101585,0.0023955751685,1.1803897379566761,0.9889806471517969,0.0051692231448875895,0.0034768400758208302,0.003900481246200001,0.00250454665,-0.002199113975,2.7103673541446422,-0.1695113638124637,0.0,0.0006402418323741417,0.0004477309818043274,0.00044370781306066935,
471929.53886718745,122361.96584953052,536963.3,536963.3,0.0,499943.44999999995,10.838304433466481,-3.5621617358160567,487534.552972359,58991.1923583984,471929.53886718786,513.7999999999884,-536963.3,505.9579011961441,-22.537429589043057,65.0,23754.530978313334,2097.8456156341244,1177.909197651664,57002.44167322825,119963.18597227168,462209.89936245716,471929.53886718745,9719.6395047303,24861.234917781298,8.017119657094305,3.1580954537703065,1334818.308700915,346090.0015539196,1516991.9572826289,1516991.9572826289,0.0,1378955.4765904383,166852.2885876142,1334818.3087009145,0.9666388921931567,0.9332877365851857,0.8999466131897689,0.866616747355899,0.8332973071538778,0.7999894947839175,0.7666952713009774,0.7334139343495473,0.7001473298175214,564280.9828125,146297.659174403,633939.2,633939.2,0.0,597823.25,10.840852925439947,-3.5636556756197484,582937.4174332529,70535.12285156264,564280.9828124994,314.30000000004657,-633939.2,505.9678011050243,-22.537760071091466,115.29999999993015,28044.399011569098,2476.6228553046303,1397.7923679060661,68157.31102846187,143440.2207509233,552702.8758293136,564280.9828125001,11578.106983186422,29657.0376988561,8.016641732927162,3.1579733740814806,1596027.637765314,413790.6377553217,1792362.4249130762,1792362.4249130762,0.0,1648795.5944884995,199503.45472066433,1596027.6377653142,0.9670944329521065,0.9341898674926707,0.9012880450191939,0.8683888977659389,0.8354945014342715,0.8026043438353941,0.7697216494047598,0.7368476655998928,0.703982029414573,0.02753773613158333,0.04033167138515547,0.138432134885,0.1053808642,-0.033051270684999995,0.022992188495000003,-1.1565625214307766,0.19022744609136338,0.048836161069159355,0.03468932306008821,0.04053171558695831,0.006586304035000004,-0.01101709045,1.3614750733164147,-0.35093160133656376,-0.0003592528499999949,0.0026524188794591363,0.001972611294923933,0.0019866637552928847,2.946327201520833,0.0693393724452412,0.19531382500000039,3.0331725900000004,2.837858765,2.9776680275,-1.5469634187814931,-0.396882366898787,2.947143010950213,0.06345416757170147,2.9463272015208353,0.01963915000000016,-0.01604662999999995,3.066894445119053,0.43828862777378047,-0.00023950000000017013,0.004751686602999215,0.0033587128660212294,0.003362547447698721,9.397874917395832,0.025841272829322692,0.12957047499999952,9.476493925,9.34692345,9.38919555,0.1776505427811994,0.765772110503199,9.39791044511487,0.021346731046874783,9.397874917395837,0.018202150000000472,-0.029698199999998565,2.953996418832781,-0.8932819860882781,0.0003592500000006993,0.007078638357556725,0.004734754655030444,0.004720892991631751,-0.013007639994643749,0.019484040150462147,0.09071345379999998,0.026078813400000005,-0.06463464039999998,-0.00803799866925,0.6899296198899338,-0.8562377616537248,0.02342704673694652,0.014051114758256501,0.017020037806693745,0.004642573799999994,-0.004581487599999996,1.016830408664621,0.2188996884980719,-0.00012217300000000233,0.0016224303621227823,0.0011527158911618142,0.0011580876025355641,-0.0038636033699375,0.006496034589923704,0.030604337069999998,0.011312828615,-0.019291508455,-0.0043253155475,-0.3838355243073601,0.40918603112980484,0.007558167528817924,0.005167137488816666,0.006446660636937495,0.0022602004500000003,-0.0025045465500000007,0.6074556211378308,0.005521245094184741,-6.108645000000039e-05,0.0008890905114304424,0.0006629373508583535,0.0006601942812552311,0.002226569270420833,0.005238485023320386,0.02608393663,0.015254284149999997,-0.01082965248,0.00294535383575,0.059919806457485514,-0.3017126773806937,0.005692041466427872,0.0041336217586037515,0.004635561987129167,0.002015854450000001,-0.0025045465999999957,1.5917812382755772,-0.10744272249322535,-0.00012217299000000063,0.0005991618066429458,0.0004416181567093708,0.00044958642625941424,
448404.094921875,124515.30661312668,513773.8,513773.8,0.0,468549.15,8.841434424148154,-3.2478338211887086,465371.1356795421,63056.82584838873,448404.094921875,606.3999999999651,-513773.8,249.9800495979085,-15.873498766578495,125.5,32175.07177878978,4015.270483660139,2241.077647058824,89958.5675903388,146360.1503479274,423125.4848323444,448404.09492187505,25278.61008953062,31495.730934849515,2.1634350746178868,2.0397529280480344,1268278.3049242967,334157.3285392197,1451560.3616156173,1451560.3616156173,0.0,1311560.5128846003,169699.61217434035,1268278.3049242971,0.9413768609958489,0.8827542922788292,0.8241314003018017,0.765508311941288,0.706885129273646,0.6482637402873005,0.5896439090340749,0.5310239935129659,0.47240751342153875,528767.6875,145945.16325517313,591948.4,591948.4,0.0,560417.05,9.124325590451457,-3.318457496187539,548539.2037235595,74357.95605468753,528767.6875000001,349.9000000000233,-590601.1,249.9954866798559,-15.874231072980105,148.69999999995343,36985.4687654622,4615.137611687815,2492.942352941176,105944.43502024682,172647.3852220517,499214.41224057914,528767.6875,29553.275259420876,37623.05334904533,2.1633736113938395,2.039723292037968,1495580.8700143173,392467.3752192029,1673630.428227768,1673630.428227768,0.0,1546218.8652853232,202077.26981874747,1495580.8700143173,0.942320094734188,0.884627352806401,0.8269169763724415,0.7691912572121465,0.7114467223543909,0.6536861012345971,0.5959074876170722,0.5381118507831376,0.48030319818658024,0.0193322363007563,0.026227730945050026,0.08466394463,0.0620310092,-0.02263293543,0.017363892205000002,-1.322883206804251,-0.008467011335459247,0.03258265230017677,0.022890864038506455,0.02668836798638657,0.0065863039500000005,-0.0074245607999999935,0.1686923957970139,-0.11878483022878884,-0.0005987549,0.002618813955473875,0.0019826682528081016,0.002050989268220337,2.9221533802941178,0.027084797585299417,0.10023156500000008,2.985032715,2.88480115,2.9133018450000003,-0.24259448771885816,1.0332459868328323,2.9222788991170194,0.021609399070687214,2.9221533802941178,0.007304815000000353,-0.010538075000000369,-0.13483295072961887,-0.4596274052770579,0.00029937749999997543,0.0037151438776396152,0.002956036841424849,0.002931869830508455,9.40367021386555,0.01439928384927665,0.071970600000002,9.425599825,9.353629224999999,9.403206375,1.4733676372108047,-0.8560301988467746,9.403681238244813,0.01104814843584492,9.403670213865546,0.01377134999999896,-0.01317259999999898,0.9861872129660716,-0.03377552718412884,0.0002993750000008788,0.004634722128243798,0.003369640814421131,0.0033865146186440394,-0.01525313598867227,0.01500131719998875,0.05015201739149999,-0.0009214212585000001,-0.05107343864999999,-0.009473531779999999,0.04567529327245934,-1.1252477693613974,0.0213938700384855,0.01222409875843853,0.015253135988672267,0.004153882000000005,-0.0034208440499999965,0.48664764173340336,0.43646294652184875,9.162971249999756e-05,0.0014202792397580897,0.0010729183219456333,0.0010747082740805078,-0.002130308196806722,0.0037221106964400274,0.016920961035,0.005448524865,-0.01147243617,-0.0017596825449999998,-0.3370986493421011,-0.17036708493100747,0.0042886269422666235,0.0029315740701553548,0.0033828396624369767,0.0023823737150000003,-0.00146607605,0.017638728634305156,0.5048580902755273,-0.00018325950000000002,0.0007507488264965573,0.0006083380344915252,0.0006155241653389833,0.0006777098732394959,0.0036246175413467596,0.0136833761285,0.0067021733865,-0.006981202741999999,0.001509820995,-0.5990675149645441,-0.5618737640060906,0.0036874304052178287,0.002970569996335004,0.0030916092784327716,0.0014049896000000001,-0.0010995570649999994,0.15608692675551028,0.22083663944180476,-3.0543247500000375e-05,0.0004733410555501077,0.00036674713864406775,0.0003660013252754238,
459689.02656250005,118920.96198875362,503571.3,503571.3,0.0,490462.15,10.959701155579674,-3.5910347800392253,474822.2786920484,57461.1283203125,459689.0265625005,561.8999999999651,-503571.3,505.90972370811465,-22.535823126758636,0.0,22277.690229793086,1967.0761187342182,1139.5015655577301,55469.916184405614,116865.35968420701,450187.6242059858,459689.0265625,9501.40235651421,24314.04972495134,8.017823908848772,3.1582941190789016,1300196.911677547,336356.4645192521,1423156.2357687445,1423156.2357687445,0.0,1342999.5086967538,162524.61395969347,1300196.911677547,0.967769245611894,0.9355465698739494,0.9033319753494482,0.8711251200641889,0.8389273265603111,0.8067374522958197,0.7745555384520213,0.7423818817020013,0.7102150422119362,529271.0240234375,136761.0013310322,578231.5,578231.5,0.0,563080.55,11.02465035818169,-3.6053514964631765,546654.724991822,66158.87800292956,529271.0240234376,375.0,-575556.3,505.95390268017945,-22.537296745174896,0.0,25461.71206777521,2248.2376967000023,1253.3590998043048,63847.024960155446,134560.31073070414,518352.7039820408,529271.0240234374,10918.320041396593,27914.79838371684,8.017903902239297,3.1583081286865675,1497004.5206900835,386816.8735461081,1630373.1001780026,1630373.1001780026,0.0,1546172.638687715,187125.56508626023,1497004.5206900833,0.9679515993194464,0.9359111618615745,0.9038792770791642,0.8718556206845759,0.8398401422726041,0.8078336789225793,0.7758335139712378,0.7438425374335181,0.7118571360173185,0.005806425765208334,0.022537731797266942,0.09424402297000001,0.045385622455,-0.048858400515,0.0094004524025,-0.5549891206932167,-0.5519902602607326,0.023273674714844945,0.019042564147352434,0.020033840317041657,0.009699829600000005,-0.00969982975,1.2719607625448566,0.2668413241110092,-0.00023950180000001375,0.00309298213999278,0.0022543146907814983,0.002257230844602509,3.0498214927291665,0.0599458872460274,0.1745969500000002,3.127416625,2.9528196749999998,3.0837075325,-1.6745457321042034,-0.2737865383523712,3.0504105702200937,0.056692171054687567,3.04982149272917,0.026345220000000502,-0.02023790500000011,3.4877367150084195,0.2841865262162227,-0.00023950500000013974,0.005608619441182659,0.003917985789989645,0.003920216401673616,9.364637059062499,0.023005084161506314,0.12609792500000339,9.445119250000001,9.319021324999998,9.361113849999999,0.6150674389461392,0.7468452152761996,9.364665316062503,0.01783817277083326,9.364637059062497,0.03245255000000036,-0.023111950000000547,2.480388373018636,0.28206061757077966,0.00023952499999779775,0.00776464096797723,0.0053503517042768085,0.005357228033472737,-0.012301836414125,0.017986596005472956,0.08442154475,0.026995110299999996,-0.057426434449999994,-0.008099085325000002,0.5238205358627508,-0.8393338717422428,0.02179111780115897,0.01312020961948645,0.015220996061716667,0.007024947999999996,-0.004886920185000001,2.182842967273829,0.8569956816122175,-0.00012217295000000253,0.0017499695491887512,0.001195364471933701,0.0011856915424686176,-0.009162093853229166,0.013413642230267506,0.062552577245,0.004898745845000001,-0.0576538314,-0.0063717133,5.460900263177088,-2.4645783807574517,0.01624406850690416,0.007946568987282984,0.009629718247687496,0.004031709049999995,-0.00329867105,2.6905708732557203,0.8024041289937263,6.108649999999986e-05,0.0010904242675345878,0.0007204145492179763,0.0007128462429707123,0.0015933058735041667,0.0052315957561483335,0.025961763234999997,0.016842533049999997,-0.009119230185,0.001082215469,0.41401396710124816,0.41651185607936647,0.005468840623230131,0.004035425201004478,0.004160305846724999,0.0036041036499999996,-0.0032986711500000007,3.2822158668854344,0.2350081327183203,-0.00012217299999999973,0.0008632336726303552,0.0005744896688070584,0.0005794271940543936,
459999.650390625,119034.44315271177,512188.6,512188.6,0.0,488196.55,10.944952307194487,-3.587097518639665,475151.4253542477,57499.95629882814,459999.65039062523,690.0999999999767,-512188.6,505.8920032681669,-22.535232453525804,15.200000000011642,22659.122184779684,2000.8161273892274,1170.176125244618,55529.38161491134,116931.57713731167,450416.06762658054,459999.650390625,9583.582764044439,24563.265017215985,8.020191890634548,3.158895160162322,1301075.4885386084,336676.76251922094,1447400.523132575,1447400.523132575,0.0,1343930.3067110295,162634.43606732605,1301075.4885386084,0.9672187451154216,0.9344472957501292,0.9016853863321663,0.8689325754049309,0.8361880256933407,0.8034522605561694,0.7707249292482878,0.7380070663461482,0.7052972583825439,543462.0740234375,140583.0218977893,598751.3,598751.3,0.0,578404.45,10.963856984387952,-3.591637681955152,561350.7031685009,67932.7592529297,543462.0740234377,411.69999999995343,-596286.4,505.93722909030083,-22.536741008244213,50.300000000046566,26379.004797703798,2329.326089437474,1326.2377690802348,65579.86452027802,138166.5552504215,532285.9138187149,543462.0740234375,11176.160204722566,28925.351368502,8.016529761677047,3.1579504443918305,1537142.8714387128,397626.4893125798,1693010.4219777994,1693010.4219777994,0.0,1587738.9685391923,192142.8589298391,1537142.8714387123,0.967753347215384,0.935513816106594,0.9032822163078111,0.8710565731444079,0.838836403839391,0.8066214462105116,0.7744118363445118,0.7422064089179874,0.7100062782900166,0.0009480283527500008,0.014224347400644042,0.06981482191499999,0.039158570834999996,-0.030656251080000002,0.0016166378275000006,0.06642496484994043,0.34702106053814574,0.014255904626919566,0.011225906119389593,0.011271561161666664,0.011496094350000003,-0.010538086035000005,0.7025992242258332,0.09313307131948573,-0.0001197509500000006,0.003353680552694682,0.0025596198290366062,0.0025608672131799165,3.0684677223125,0.07238382118922973,0.22872442000000026,3.1563963999999998,2.9276719799999995,3.0941857324999997,-1.1604232446529412,-0.5570404709652375,3.0693213550300693,0.06347391173750003,3.0684677223125,0.01999841999999985,-0.021435424999999952,3.079947430622033,-0.5967666409851267,0.00023950499999969566,0.005299140295839825,0.0037841071397559226,0.0037844320920501755,9.366050122395832,0.026952870609312174,0.1714832000000026,9.496492225,9.325009024999998,9.36590385,4.975834181211091,1.5154444867291599,9.366088903724172,0.01977708383246517,9.366050122395828,0.02430942499999844,-0.03855984999999862,5.79957101020454,-0.8024548449519773,-0.00011969999999905667,0.00742052268312903,0.004877371672414761,0.004874715481171611,-0.01197629608281875,0.024748528605346803,0.11423175498999999,0.03304267338999999,-0.08118908159999999,-0.0037314003459999997,1.8088076450197779,-1.536585863754304,0.02749402364138448,0.017187473590559214,0.015730389833522915,0.009101888699999991,-0.005375612049999999,3.2619362209896314,0.9695250528596632,-0.00012217299999999973,0.0021740366150789295,0.0013790677777589854,0.0013715069577050192,-0.009892077524958333,0.01041297829290467,0.05345068851999999,0.006670254619999999,-0.046780433899999994,-0.00835702462,4.315812739084266,-1.951076216394832,0.014362566438080959,0.0061805688303621506,0.010650273328083331,0.003970622350000008,-0.0025045465700000006,1.8470039373619382,0.8007619300680974,6.108648500000209e-05,0.0009833403324336467,0.0006883083360939057,0.0006803860505648536,0.0014846228117895836,0.0055122659228090485,0.031459548631499995,0.019041647144999996,-0.012417901486500002,0.0010822155087500001,2.793245023563986,0.8616328476842433,0.005708693414175254,0.003451813699552761,0.0036238923497062484,0.0020769412000000015,-0.0027488926499999993,1.7652994606542851,-0.39951012145502723,-6.108650650000005e-05,0.0007732151090731185,0.0005341210960056899,0.0005357209525648537,
