371283.476171875,128794.70232769556,437717.6,437717.6,0.0,400330.0,4.3101813409364365,-2.470957418985045,392987.90697164065,78317.60825500483,371283.4761718752,1325.600000000035,-437327.7,249.92084261258108,-15.870685981295985,140.79999999998836,27389.341403490893,3417.9608642829685,1946.5925490196073,81745.8909473992,118457.78491974137,351262.097607302,371283.476171875,20021.378564573024,37658.14826937594,2.1268666302535975,2.022767495045829,1050148.2549745874,348545.4709003106,1237923.3565419149,1237923.3565419149,0.0,1106478.7854772857,214201.3456146996,1050148.2549745871,0.9611943463037991,0.9223698626541967,0.8835265017624058,0.8446658323336247,0.8057889469892411,0.7668993337915978,0.7279982017336291,0.689085640152714,0.650166503927284,330118.37187499995,113386.14333426509,372619.5,372619.5,0.0,368702.5,4.590958980222903,-2.5661012405191235,349048.07254820823,69634.34406738274,330118.37187500024,364.30000000004657,-371397.7,249.98712725935454,-15.873834479464255,28.099999999976717,23258.250244273644,2901.8340853517802,1550.5443137254902,72445.3871855222,105413.53439371058,312381.18095278495,330118.37187499995,17737.19092221499,33079.21595406035,2.128199746438102,2.023373741704181,933715.7573883,307841.9245162321,1053857.804544807,1053857.804544807,0.0,983153.9889992129,192390.65600773814,933715.7573882997,0.9623478928708241,0.9246912023479197,0.8870286733465633,0.8493584199561408,0.8116806975749614,0.7739955965266586,0.7363016558990673,0.6986002470001396,0.6608905833763304,
224262.721875,217473.631289663,446777.9,446777.9,0.0,422554.15,-1.9923391252733789,-0.05941884633115731,312391.65918618237,217254.51181640482,224262.72187500005,143.79999999998836,-425267.8,505.9717159375719,-22.537890682156743,0.0,18813.052458334325,1661.0567376809872,891.8798434442272,39904.574910516116,63529.01631213504,217862.0846141142,224262.721875,6400.637260885797,10794.362054193964,2.940608190127736,2.084599955971717,634310.765620661,615107.9214259069,1263485.2313264695,1263485.2313264695,0.0,883576.7665478584,614488.5541950153,634310.765620661,0.9942350748149336,0.988470407262628,0.9827060544345191,0.976941837270176,0.9711774675297948,0.9654133350655808,0.9596498667189012,0.9538862078888273,0.9481224731328715,192431.17890625002,186541.20566961577,379308.5,379308.5,0.0,365827.95,-1.9948461529914772,-0.06149217868498401,268006.30594805616,186417.7045654283,192431.17890625008,138.70000000001164,-366045.9,505.98578504061646,-22.53835959605152,0.0,16193.054929012369,1429.7935279046967,751.9291585127203,34086.95266827435,54604.38012888323,187399.75565064466,192431.17890625,5031.42325560533,9202.656453788175,2.931432960103292,2.083930840513652,544277.5660653245,527618.0324731868,1072620.21123215,1072620.21123215,0.0,758036.184566984,527268.892125784,544277.5660653246,0.9942660801759736,0.9885321234890895,0.9827982749455447,0.9770643731096528,0.9713301985126319,0.965595996425468,0.9598617281152312,0.9541272503433889,0.9483930763897269,
401835.19023437495,104192.99218154256,441008.6,441008.6,0.0,429517.44999999995,10.833692532915235,-3.56331959582243,415123.7161743945,50229.39877929684,401835.1902343748,298.0999999999767,-430898.5,505.9642403512547,-22.53764135910072,55.399999999965075,19062.232471827123,1683.3658227411765,940.3921722113502,48418.96339708311,102221.59721697564,394003.9333550174,401835.19023437495,7831.2568793575765,20624.785170557083,7.99920169920091,3.1535418426464656,1136561.5517364517,294701.1897591163,1247151.9485645366,1247151.9485645366,0.0,1174146.9039822102,142070.19396705666,1136561.551736452,0.9687685481449257,0.9375393330366071,0.9063120901890219,0.8750867087614737,0.8438652439431917,0.8126524275815081,0.7814422303298026,0.7502337788932054,0.7190279106054862,341679.79960937495,88336.5766028183,371454.3,371454.3,0.0,365270.19999999995,10.994343220625323,-3.5987690357366033,352914.2051930019,42709.97495117183,341679.79960937495,170.5,-366153.3,505.9859851220905,-22.538366215335493,29.099999999976717,16197.816095460163,1430.382526874515,770.1436399217217,41171.932679057354,86905.22627187372,334943.78262696887,341679.79960937495,6736.016982406081,17635.593220879062,8.005798149844349,3.1551969036134526,966416.4131929991,249853.17799356737,1050576.9705014578,1050576.9705014578,0.0,998192.012712137,120802.05164912491,966416.413192999,0.9685955748470382,0.9371925021765192,0.9057923000269095,0.8743950003452101,0.843000730500146,0.8116094381886244,0.7802213794095362,0.7488368044284629,0.7174550134296205,
230393.51875,217315.2192902033,443756.4,443756.4,0.0,425755.15,-1.9847710949622563,-0.11606462834045378,316712.9268235759,216893.8985107408,230393.51874999996,173.5,-428433.2,505.9741088569144,-22.53797031633884,0.0,18953.029261945656,1673.530549438743,901.6949119373777,41392.44700599745,64266.36498945312,223782.6445192197,230393.51875,6610.874230780296,12070.520113231292,3.1918606257815236,2.148650467559078,651651.2777982202,612617.979859938,1255048.8463861498,1255048.8463861498,0.0,894399.3387205317,610923.0729358314,651651.2777982203,0.9942629531293593,0.9885258338040976,0.9827890134104051,0.977052742463698,0.9713167082916584,0.9655806339014256,0.9598440659171669,0.9541068438836555,0.9483689567320893,195455.86875,184331.56736694337,372338.4,372338.4,0.0,364444.35,-1.985810448018262,-0.11701486787529376,268665.44875880715,184003.3764404309,195455.86875000014,128.5,-371768.9,505.99791196802335,-22.538763836206517,0.0,16446.12736705113,1452.2754025911454,748.8399217221142,35223.26046125532,54441.7313224585,189808.19547993946,195455.86875000002,5647.673270060569,10305.34534366861,3.2039182253603826,2.1500185503481615,552832.6808633313,519554.48728496453,1053023.6660303802,1053023.6660303802,0.0,758657.2600908004,518280.6383093734,552832.6808633313,0.994112182643136,0.9882251358384109,0.9823391775661008,0.9764542431539921,0.9705700466230427,0.964686589990675,0.9588034972492391,0.952921153417767,0.947039437744526,
258769.9361328125,237318.47918298285,1062298.7,1062298.7,0.0,170362.7,3.8064185740340255,2.1686505518363974,351115.28079521644,159465.57444915798,258769.93613281247,21053.900000000023,-182643.0,135.85090166167723,-8.606678315877911,0.0,11208.258542146186,4058.1984367400573,3864.7017612524473,51987.59465741688,67872.5500382925,256696.47720032843,258769.9361328125,2073.4589324840736,32045.13602212173,3.7517217898074326,2.080067210535666,731911.9064268862,669354.4677841222,2956885.410562059,2956885.410562059,0.0,991831.8619161235,450202.53356629296,731911.906426886,0.997530923924731,0.993994333233893,0.9893958986991763,0.9837448082711926,0.9770537593769941,0.9693387261675402,0.9606189451102586,0.9509165318115133,0.9402566413430818,211204.648046875,172745.1976146325,762554.1,762554.1,0.0,143610.09999999998,3.006123933971673,1.9635348246592594,272852.16996667406,117457.98085632315,211204.648046875,14173.799999999988,-178104.0,242.31099977819025,-13.029098183283692,-10.800000000017462,9460.752318946423,2898.2203951424854,2738.2538160469658,39345.20978230451,54996.780282231215,207768.86508634445,211204.648046875,3435.782960530535,22712.63207093763,4.425952968596226,2.263059358509683,597376.9554082538,487423.5700431521,2144552.5843429007,2144552.5843429007,0.0,770999.9763206522,331781.87998457486,597376.9554082538,0.996852468344284,0.9927883851855868,0.9878118541801801,0.9819294161318673,0.975150160379278,0.9674855540640367,0.9589492962198045,0.9495571765917863,0.9393269645692589,
224123.244140625,67550.5734926595,271031.0,271031.0,0.0,248226.25,6.282241017949598,-2.6960837670109985,234081.84154971404,39589.29102020264,224123.2441406251,442.29999999998836,-247927.1,505.6504751041975,-22.527179456991334,15.599999999976717,10969.735574570075,968.7716683070345,659.5133072407045,27687.932772454566,57074.79919780769,222408.38657929908,224123.244140625,1714.85756132591,12180.397424156507,7.805291966597817,3.104321169083667,633916.2630134565,188844.7656976564,766421.4435768876,766421.4435768876,0.0,661447.0304146421,111696.58718427949,633916.2630134562,0.976070220114112,0.9521260825993829,0.9281680809038209,0.9041965611529508,0.8802118148666455,0.8562135933033032,0.8322029741922301,0.8081788600586192,0.7841412851797563,219933.19687500002,63812.56171862061,250970.0,250970.0,0.0,238481.2,7.762858264929157,-3.0819600465210617,229003.6115888792,33732.185693359395,219933.19687499985,270.79999999998836,-238407.8,505.89718766958526,-22.535405852280395,37.80000000001746,10547.15464441985,931.4298995484854,555.4090019569471,26980.11734647515,55987.87033079264,218290.9310835819,219933.196875,1642.265791418087,11946.695132171239,7.862852412283219,3.1181710402938387,622065.0196733942,178321.95089612305,709797.2871336234,709797.2871336234,0.0,647119.4687788797,95197.61166037187,622065.0196733943,0.9747665425003945,0.9495278915087533,0.9242839148464572,0.8990362535705718,0.8737838758130736,0.8485272328441336,0.823266894632425,0.7980036195027077,0.7727365177838608,
252035.880078125,90041.40258321507,304158.7,304158.7,0.0,275110.69999999995,3.7531192791192636,-2.3256268416428525,267636.95377489936,55265.85267944342,252035.88007812496,1244.7000000000116,-292904.1,249.82303376630733,-15.866040680071013,171.40000000002328,18346.45527815905,2289.6338485198025,1409.7741176470588,55930.70097219373,80356.38658322365,239325.29050470932,252035.880078125,12710.589573415677,24829.11695406749,2.0979910656403913,2.0098401493461324,712865.1196222468,243896.46910921118,860214.9508159352,860214.9508159352,0.0,753433.5846098053,152674.21384740918,712865.1196222468,0.9640176181923312,0.9280030414425892,0.8919555938035635,0.855873395025304,0.819757954147115,0.7836058482297779,0.7474185646636604,0.7111946901468839,0.674935251014062,228287.161328125,80032.30450788213,259710.3,259710.3,0.0,256130.8,4.254718014455306,-2.4993313423134107,241909.48264194958,49937.81654052741,228287.16132812493,126.79999999998836,-252909.1,249.99284289235675,-15.874105710283873,27.599999999976717,15837.957265662171,1975.8860592079996,1053.3160784313725,50427.98691955176,72807.6216644317,216519.37394339006,228287.161328125,11767.787384734916,22947.40206753914,2.1165662728339862,2.0180419409469845,645693.5993317785,217352.43276452558,734507.3457342217,734507.3457342217,0.0,681294.5796398828,139065.38388948096,645693.5993317782,0.9644490634864501,0.9288924972172514,0.8933284642326618,0.8577567430365045,0.8221779066204092,0.7865894548256195,0.7509906318040841,0.7153783861071501,0.6797532187049096,
281746.873046875,97096.57804550201,325397.6,325397.6,0.0,310192.85,4.494645022741337,-2.533636484698301,298008.466221747,59430.981033325195,281746.87304687494,127.40000000002328,-302765.9,249.97775692816717,-15.873390683032008,-56.600000000034925,18960.57844992098,2364.7240692041546,1288.5568627450978,61903.213627064266,89941.60643945752,266586.26685326925,281746.873046875,15160.606193605747,28008.2258865093,2.127356402498748,2.023013947296847,796900.4980382026,264654.2455548048,920302.2334307383,920302.2334307383,0.0,839697.7274375097,165749.10070763057,796900.4980382026,0.9642237368230095,0.9284290125699448,0.8926152739067473,0.8567831347706445,0.8209329111464478,0.7850654007421052,0.7491828837023334,0.713285184433456,0.6773741441861357,234008.081640625,80478.08828472116,268603.8,268603.8,0.0,258533.55,4.554046635599479,-2.5535669897385196,247460.10782970415,49361.07972106938,234008.081640625,69.39999999996508,-255535.9,249.9970721105631,-15.874306291042583,-28.70000000001164,16002.461651420273,1995.960572087654,1056.7349019607843,51387.504180776574,74700.31598344921,221330.4463865631,234008.081640625,12677.63525406191,23511.40160394617,2.1305411918713233,2.0244424582750637,661874.8055221648,219049.24852739598,759613.136644911,759613.136644911,0.0,697180.6304433739,137217.71939451236,661874.8055221648,0.9634465021351539,0.9268775302276397,0.8902952634849183,0.8536973266432286,0.8170857552534934,0.7804635143274816,0.7438275383360714,0.7071797813230734,0.6705193274450908,
238935.09609375,71623.58952805579,277670.9,277670.9,0.0,257839.95,7.17079270970229,-3.0154504191354294,249439.20847014603,39200.289202880835,238935.09609374995,375.79999999998836,-277670.9,249.97256237502373,-15.87314318194274,32.5,17389.174426981863,2169.9407950788113,1192.755294117647,49588.092978935056,77327.29456449892,224793.68213180164,238935.09609374998,14141.413961948332,19442.091474178436,2.160246782418926,2.0382683157437262,675810.5068454001,191134.2602154638,779079.5741989423,779079.5741989423,0.0,702319.1201944806,108330.72565662106,675810.5068454,0.9487974904138774,0.8976639072931853,0.846600026272468,0.7956031197489797,0.7446740573502199,0.6938099993175043,0.6430139966013043,0.5922810479548494,0.5416152490068267,223576.507421875,66932.64301317092,251316.3,251316.3,0.0,241752.1,7.221437579546048,-3.0302497650649425,233380.44770651267,36680.5207489014,223576.507421875,260.6000000000058,-251316.3,249.99070365614406,-15.874004038424701,19.300000000017462,15738.282248162393,1963.6561722414522,1050.385882352941,46414.25594286108,72354.66311007009,210497.1232722072,223576.507421875,13079.384149667796,18183.87957728385,2.159349041010266,2.0378543072187756,632369.8580480493,179282.26061791196,708924.2931015706,708924.2931015706,0.0,657292.7554294044,101916.90413755317,632369.8580480494,0.9505184242780058,0.901061329892893,0.8516285424570852,0.8022183652396889,0.7528300262066503,0.7034607174046653,0.6541122508095628,0.6047841372569257,0.5554750862693036,
240891.58046874998,108066.47605223433,312456.5,312456.5,0.0,284734.85,1.1092253565187917,-1.7155913462680816,264021.0536814827,79042.5498413088,240891.58046875003,550.7000000000116,-292227.5,505.73515148913015,-22.530000900118665,0.0,12929.139887080148,1141.6690829155873,727.7772994129159,32816.70070302233,61732.38401025879,240041.6225170756,240891.58046874998,849.9579516743703,9856.53253115856,6.952535784438478,2.894650035353275,681344.2803207922,301253.9063667049,883621.3873547378,883621.3873547378,0.0,744972.4454146324,221291.45345055632,681344.2803207923,0.9879269276049968,0.9758470325947065,0.9637604674917085,0.9516673838107296,0.9395674395063563,0.9274608624091674,0.9153471089752572,0.9032264344386097,0.8910983685505356,211128.5689453125,93797.30941785869,262440.2,262440.2,0.0,252032.0,1.2494369396181266,-1.7918196563626325,231026.42246921692,69276.56168518042,211128.56894531244,195.20000000001164,-251344.2,505.9378330480852,-22.5367607562315,16.400000000023283,11119.199245479207,981.9214157421324,566.0896281800393,28611.583227451432,54127.74123463905,210493.1032629273,211128.5689453125,635.4656823851918,8472.240171575319,6.968577577040508,2.8980728822052186,597161.7712137682,261548.75481050738,742242.5635903167,742242.5635903167,0.0,651927.8580810085,194163.0729301148,597161.771213768,0.9879666733974825,0.9759298213159668,0.9638893014999479,0.9518452633633285,0.9397973074826795,0.9277451364734345,0.9156881572034263,0.9036267551125734,0.8915607502564701,
169634.7146484375,140019.91275491074,314589.6,314589.6,0.0,273074.15,-1.840047059347938,-0.37795133072967435,219957.97867263108,137165.5700477612,169634.71464843748,649.7999999999884,-314589.6,505.7611723179196,-22.53086534465181,0.0,13918.375322579,1229.074362460323,738.0463796477493,29362.45329751068,45573.07681570015,168210.9918062675,169634.7146484375,1423.722842170013,9713.31570433002,4.111263289540625,2.296502595302091,479799.4282102206,394321.57632010663,886879.4172043938,886879.4172043938,0.0,621045.0844040458,386361.27855438634,479799.42821022065,0.9929529695131635,0.9859099908165124,0.9788715387923523,0.971837245135199,0.9648080804337008,0.9577834211217137,0.9507640966955805,0.943749949933499,0.9367412103073255,150163.692578125,123787.73005203533,265290.7,265290.7,0.0,247120.75,-1.8454552119698764,-0.38607300697736124,194608.67575761664,121421.4232955922,150163.69257812502,198.39999999999418,-265290.7,505.9739487015965,-22.537964771486564,0.0,11735.985088302437,1036.4273742824269,563.7821917808219,25612.982996346855,40585.616483142825,149005.43915153123,150163.692578125,1158.2534265937518,8254.815736469745,4.049133568786571,2.2924994853271747,424727.06124001695,348747.4603064693,749601.6006388203,749601.6006388203,0.0,549561.5230525092,342159.6614300807,424727.061240017,0.9934790051865046,0.9869596678037189,0.9804416997217105,0.9739251869232777,0.9674103743927931,0.960897180180621,0.9543856753844554,0.9478761016424971,0.9413684879694741,
286979.0673828125,74993.2370961949,322297.0,322297.0,0.0,307345.69999999995,10.415923401684234,-3.469727070959455,296615.8639150559,35920.35917739868,286979.0673828125,358.0,-305911.0,505.8449512888722,-22.53366341219788,0.0,13533.754795677745,1195.014227886688,727.1598825831707,34637.786490157974,72996.06592569312,281260.88177403604,286979.0673828125,5718.18560877647,14734.596245659648,7.993676882735521,3.1522114693010117,811699.3784199117,212110.11933064245,911533.8265013129,911533.8265013129,0.0,838955.6505857328,101593.06974062846,811699.3784199116,0.9694225536601675,0.938840337477757,0.9082534182301393,0.8776610470389185,0.8470637750010165,0.8164626137158316,0.7858559587236934,0.7552442044982076,0.7246256751415175,240554.598828125,62448.94763138995,264703.0,264703.0,0.0,258392.5,10.768143747813797,-3.5490775005933566,248528.44118456187,30069.324853515674,240554.5988281252,149.39999999999418,-256984.5,505.9639209375232,-22.537630508461103,9.400000000023283,11368.572153032605,1003.9523814630035,562.4500978473584,28984.034478995603,61198.92036821628,235867.43853753697,240554.59882812502,4687.160290588051,12325.261349535418,7.995977446611157,3.1527320169079087,680391.1523079069,176631.6383010914,748594.5745163935,748594.5745163935,0.0,702944.4187045011,85048.89403848845,680391.152307907,0.9689707238805864,0.9379397689173911,0.9069068930227275,0.8758711132593626,0.8448335668850924,0.8137940240210902,0.7827515213652739,0.7517060590132109,0.7206575191289897,
151969.2962890625,132059.88213570692,283941.3,283941.3,0.0,254547.95,-1.9138945485710892,-0.27716927789872176,201331.76471756675,130598.61399841373,151969.2962890625,360.29999999998836,-283941.3,505.8546504291403,-22.533987146960282,0.0,12561.759296106069,1109.2457680538907,655.3056751467709,26881.374337042816,41231.58421622638,151400.19351750377,151969.2962890625,569.1027715587351,10754.56992285125,3.790399436941227,2.2418610305588564,429834.079752575,370138.8779113769,799399.8431912563,799399.8431912563,0.0,567239.0369661066,363568.0297899545,429834.0797525749,0.9934071942573113,0.9868185755511606,0.9802336527114396,0.9736527853368953,0.9670759123791443,0.9605033610027272,0.9539338120145571,0.9473679274742961,0.9408059065386801,136198.8212890625,118340.57964496886,251344.5,251344.5,0.0,231649.65,-1.91426214659682,-0.27786359326078813,180428.96583208925,117045.86204528809,136198.8212890626,230.10000000000582,-251344.5,505.95779559946067,-22.53742608207933,0.0,11119.11906309734,981.9439194855921,542.06457925636,23895.771035608937,37089.98043851897,135680.32147528438,136198.8212890625,518.4998137781226,9459.845750096398,3.7538410871042958,2.240365661968653,385228.4404924433,331756.70740509516,709938.8499112169,709938.8499112169,0.0,508393.0214632277,325969.82425565325,385228.4404924434,0.9936346545196794,0.9872704769710616,0.9809066529248586,0.9745436657747364,0.9681816142502045,0.9618209645130558,0.955461159329258,0.9491022967964614,0.9427441721322631,
253135.4625,113874.79898399554,318851.8,318851.8,0.0,300329.44999999995,1.1383188777054363,-1.7664295595934936,277569.8690757595,85037.6944335937,253135.46249999994,91.29999999998836,-298062.8,249.98856205841892,-15.87390262314311,-60.29999999998836,18665.877630056275,2327.9403983083425,1269.161568627451,58216.51574038033,81118.78901247935,252531.83655421788,253135.46249999997,603.6259457820763,32445.443376997846,1.8252923471482,1.8804513506151583,715975.2083701722,313890.26055562776,900026.7950083516,900026.7950083516,0.0,781759.294586506,235538.85096466195,715975.208370172,0.976316634897719,0.952627218725884,0.9289320027254961,0.9052306677303468,0.8815248430989779,0.8578144664118295,0.8341001677918254,0.8103833953579436,0.786664930260899,210894.95937500003,94765.3748954939,256125.5,256125.5,0.0,253003.4,1.1540890828839006,-1.7756137254082989,231208.04520791752,70847.52541503902,210894.95937500006,65.39999999999418,-251006.4,250.00065598414096,-15.874476246254734,-14.199999999982538,15718.694115078762,1960.7998923490982,1016.8050980392154,48416.62961366687,67648.84713730126,210578.40234295957,210894.959375,316.5570320404298,26636.020857091342,1.817030442745688,1.8771350295810865,596501.023568496,261056.15438532052,723596.5820344961,723596.5820344961,0.0,651125.0163069422,195948.71899863207,596501.0235684959,0.9761794004429156,0.9523574059666616,0.9285330332942253,0.9047066493633208,0.8808797277773436,0.8570513837119359,0.8332225683075992,0.8093928944045294,0.7855637137108944,
211703.7431640625,130662.55558214354,312157.8,312157.8,0.0,287675.6,-0.9902152236624739,-0.9772347096100097,248779.37675967443,115775.4845428467,211703.74316406256,507.29999999998836,-286973.3,505.7383611854833,-22.530108559111326,0.0,12696.707448097839,1121.1960133424777,714.1444227005869,31468.14035297278,55587.949067633555,211285.89700061246,211703.7431640625,417.8461634500553,9627.65036793421,5.561643368805152,2.596436438109125,598788.6095755353,366066.4975001919,882844.3123575528,882844.3123575528,0.0,701820.8315157515,324132.2818492451,598788.6095755352,0.9925940529634287,0.9851840254286339,0.9777691347819807,0.9703497059695898,0.9629248193401178,0.9554947874960283,0.9480589263339975,0.9406172792114633,0.933170081198131,181973.2138671875,111880.26613436067,261132.9,261132.9,0.0,247712.5,-0.9752389886472939,-1.0022506976528773,213615.1785698959,99516.60133361816,181973.21386718753,368.5,-245476.8,505.84766058959633,-22.533752624966095,0.0,10860.149147423608,959.0458331578071,581.4682974559687,27142.629794405984,47688.817794189694,181627.68031915082,181973.2138671875,345.53354803668833,8251.925145979769,5.602823593182425,2.6023944814968667,514697.97407919273,313453.91033390234,738463.4313982652,738463.4313982652,0.0,602633.6851063335,278668.1396194972,514697.97407919285,0.9925690865583034,0.9851346378478518,0.9776959654232305,0.9702528800069371,0.9628051857288673,0.9553521273044548,0.9478939807692259,0.940430743407479,0.9329617978702048,
307658.65742187505,112700.98184189702,361363.1,361363.1,0.0,339330.7,3.53170704119948,-2.33037597835834,327651.2792509107,72107.49783325201,307658.6574218751,1061.899999999965,-361363.1,249.93854109053564,-15.871525445647663,30.599999999976717,22631.184801202875,2824.005490196082,1534.705098039215,68926.39643243438,97823.72559155864,292858.99639923556,307658.657421875,14799.661022639431,32969.170232099495,2.0983829016226743,2.0095135951839027,870190.0918150272,309011.4104202086,1021788.4967636706,1021788.4967636706,0.0,923427.7706799444,201577.69749677132,870190.0918150271,0.965269988661606,0.9305348257532365,0.8957954331745527,0.8610531321565693,0.8263071985338852,0.7915575870661694,0.7568040489256724,0.7220448094667691,0.6872821646370776,234257.453515625,85352.13707162433,266703.8,266703.8,0.0,265095.35,3.665235579505672,-2.380039142820422,249322.1647393559,54904.09066772457,234257.45351562506,39.29999999998836,-264071.8,250.0029373887948,-15.874584456667488,0.0,16536.83398382852,2063.012484429065,1054.5623529411766,52394.8077946283,74508.53347673359,222979.2222987992,234257.453515625,11278.231216825792,25087.980606950394,2.1014072577404974,2.010864046041852,662580.1356975636,234544.15384031762,754307.9265977028,754307.9265977028,0.0,702867.9792974442,153974.3491960502,662580.1356975635,0.9663444673547587,0.9326869171576415,0.8990284687375124,0.8653681442847956,0.831706973139598,0.7980445404436287,0.7643802887547951,0.7307179357998627,0.6970543049035752,
258312.5146484375,67125.25801630464,291887.8,291887.8,0.0,271917.55,10.716720424556213,-3.535071139993529,266891.65496087493,32289.064331054673,258312.51464843727,279.3999999999651,-273413.1,505.7015418229443,-22.52888768855986,41.20000000001164,12096.898586407337,1067.9652896549937,688.2160469667318,31211.376046465833,65664.39660476388,252988.09381611354,258312.5146484375,5324.420832323955,14191.789634113771,8.013682059587389,3.1572279445509133,730618.1230930382,189854.08299025652,825418.7564438309,825418.7564438309,0.0,754882.3846269466,91327.26538662988,730618.1230930384,0.9691407214606093,0.9382818784109178,0.9074222846975659,0.876562068336775,0.8457008080745371,0.8148392289785715,0.7839774964785374,0.7531164314596483,0.7222565215286556,226405.362109375,60587.29418385174,260868.4,260868.4,0.0,244960.40000000002,9.212415263012234,-3.211944595649639,234371.94415799392,33589.82791748042,226405.36210937513,500.1000000000058,-244260.0,505.76201474286063,-22.530896423184316,64.70000000001164,10806.913020150927,954.4033570643463,611.6256360078276,27353.49329064982,57643.67364039797,222109.27281476016,226405.362109375,4296.089294614845,11157.966436118853,7.946419738547277,3.1405034859706156,640371.0673781396,171362.81312676976,737603.9431057328,737603.9431057328,0.0,662902.9473895392,95006.38039735865,640371.0673781397,0.9704103281183716,0.9408125265276592,0.9112071145989824,0.8815933326494725,0.8519719966732799,0.8223410127284885,0.7927032147307238,0.7630573511558634,0.7334038957015627,
279790.912109375,98302.497997101,323445.0,323445.0,0.0,314716.94999999995,4.19471195866146,-2.4786388797652186,296557.4743813853,61204.26202392578,279790.912109375,203.10000000003492,-323161.8,249.99812461465206,-15.874356169941883,82.39999999996508,20237.469009286786,2525.3238877354866,1354.614509803921,61873.43658211437,89190.4572213599,265134.46934998437,279790.912109375,14656.44275939063,28426.55721541766,2.119742772943722,2.0194809064258123,791368.2050676337,266038.20787504094,914755.8999711454,914755.8999711454,0.0,834889.1926724957,169271.4680643267,791368.2050676338,0.9629727243734357,0.9259366987266676,0.888893393039802,0.8518439318358568,0.8147893226217179,0.7777277952568423,0.7406604969409314,0.7035914254608079,0.6665181649571574,248495.27812499998,88118.13698744496,295885.3,295885.3,0.0,270115.55000000005,3.9469792837041586,-2.3920393379033267,263656.42286232894,54358.34208984369,248495.27812500007,1195.7000000000116,-289921.0,249.86630472110787,-15.86809174833777,99.90000000002328,18158.491300795307,2265.9971241830117,1314.3023529411764,55090.58802785913,79195.18154477474,235680.31996418186,248495.278125,12814.958160818138,24901.0002103893,2.110902919876697,2.015540673898278,702850.7850200987,238447.97955013186,836651.2537289963,836651.2537289963,0.0,742197.187380085,150079.12084285775,702850.7850200987,0.963301631221324,0.9265787682517859,0.8898341606194577,0.853067550260353,0.8162808995188221,0.7794754801985075,0.7426501724539946,0.7058070699392286,0.6689487474996203,
132982.7076171875,132663.3949983281,286634.3,286634.3,0.0,254985.09999999998,-1.9873094670538944,0.0013688368299742467,187840.2962563699,132463.24391555722,132982.70761718747,379.5999999999767,-286634.3,505.924165203887,-22.53630438871883,0.0,12680.574442765308,1119.8903627054237,637.5499021526418,23149.852291518277,38436.71444975517,132292.18574367007,132982.70761718752,690.5218735174549,7832.680311063753,2.6553629546793713,2.0011536772265366,376131.89734664495,373728.0927182744,808660.8914151348,808660.8914151348,0.0,530233.8083227306,372965.00582710374,376131.89734664484,0.9936104048837381,0.9872258291801675,0.9808463751999564,0.974471904246124,0.9681028272831654,0.9617390541579675,0.9553804789624301,0.9490281126505372,0.9426812184065211,126451.976171875,126379.42185966426,274652.1,274652.1,0.0,230502.45,-1.9736775702479683,0.012072249089464348,178778.80340620765,125958.02313995286,126451.97617187489,500.4000000000233,-274652.1,505.9022391141974,-22.53557228127879,24.0,12150.796020666763,1073.1939683135402,623.9181996086105,22098.48557332835,36540.20831979473,125656.58244531085,126451.976171875,795.3937265641448,7283.642309027994,2.6624013341648913,2.01041249979981,357660.19938229024,356008.18845401425,775147.2119674076,775147.2119674076,0.0,504641.1085796405,354625.6937201477,357660.19938229024,0.9937476718267297,0.9874979568431206,0.9812507139180408,0.9750061003624113,0.9687642037270547,0.9625250576930697,0.9562885743964732,0.9500549662158823,0.9438243355209255,
304817.258203125,65179.74113503315,328895.2,328895.2,0.0,322736.0,17.558587477119094,-4.375545844760944,311708.13199674565,26344.257647705086,304817.258203125,119.09999999997672,-303484.7,249.97338857259493,-15.873183335448159,-76.20000000001164,19005.667803449025,2370.3516770472897,1314.7090196078434,55072.314404152385,101968.94498950044,292819.859438311,304817.258203125,11997.398764813968,13014.582856234783,2.1646454344927086,2.0403219206527208,862153.4011924821,169078.47617859862,929964.5293976011,929964.5293976011,0.0,878576.1311887786,74508.79087972298,862153.4011924821,0.9147943792970483,0.8295736037345374,0.744338921701688,0.6590872721203951,0.5738224652179358,0.48854020570656875,0.4032376389634092,0.31791351374107296,0.23256734902497805,263577.453515625,56022.81672140996,280598.6,280598.6,0.0,275615.1,18.057134064437943,-4.46202691207871,269465.45232215227,22651.187411499057,263577.45351562486,40.5,-269549.6,249.99752334921254,-15.87432769945747,-20.900000000023283,16880.001089804584,2105.5227220299926,1105.7839215686276,47431.778436091394,88242.97177368951,253036.38448996883,263577.453515625,10541.06902565614,11547.450858157792,2.166271017331895,2.0410599624645283,745509.6189951219,144400.69034686178,793617.2300007299,793617.2300007299,0.0,759365.6243120978,63409.38642063088,745509.6189951219,0.911396959577649,0.822795521153585,0.7341950710177932,0.6455939329843758,0.5569949644819986,0.46839608947104483,0.3797933740823731,0.2911834042806036,0.20256992755172348,
251454.762109375,77902.5142522311,309002.6,309002.6,0.0,265090.69999999995,5.958280842955794,-2.67256048143098,263245.7010366959,42290.31306152341,251454.7621093749,555.3999999999651,-309002.6,249.97172052865878,-15.873103638797925,226.0,19352.60971387499,2415.9328135332576,1452.4745098039216,52809.39856990606,81151.9418934519,236625.39731243934,251454.762109375,14829.364796935653,20443.058406259832,2.1539620068249254,2.035401340448946,711221.469796757,207264.6792500007,870516.5420236685,870516.5420236685,0.0,740806.74022613,115800.84842086179,711221.4697967572,0.9489102299421952,0.8978412369088687,0.8467945887737068,0.7957719805424334,0.7447742116389632,0.69380167841562,0.6428562971138363,0.5919362740881947,0.541039562042207,230440.26914062502,70093.32548229021,269203.1,269203.1,0.0,253309.0,6.606543939100192,-2.864423380848852,240864.67553124088,38312.89912414552,230440.26914062508,377.1000000000058,-269203.1,249.98804897390139,-15.873878180672838,137.10000000000582,16859.245955296352,2104.4263191080413,1222.6525490196077,48124.21288193157,74489.66003648362,217240.58482244305,230440.26914062502,13199.684318181959,18450.912005936927,2.151760521619255,2.034426837540304,651783.5078711563,187242.00520548792,759678.4026008146,759678.4026008146,0.0,678145.4929778725,105767.86380830652,651783.5078711562,0.9500706619695641,0.9001530915849895,0.850247407929743,0.8003574580521525,0.7504803370941077,0.7006159630388766,0.6507642682807253,0.6009261118171001,0.5511024951301166,
278585.21015625,102120.70497565449,335260.4,335260.4,0.0,318973.5,3.417191663887654,-2.2697176989925367,296712.58433461614,64205.18515319832,278585.21015625,489.20000000001164,-325728.2,505.843822778044,-22.533624543773367,0.0,14410.610947029749,1272.606619919501,776.9812133072403,36006.47833223651,71013.18590872959,277164.9410548439,278585.21015625,1420.2691014060945,13656.554233001167,7.491874610109122,3.0242001005857935,787957.9649590554,283404.007956571,948047.9014429705,948047.9014429705,0.0,837374.2211629541,178991.29241589698,787957.9649590554,0.9827702874530635,0.9655355643218833,0.9482952612173882,0.9310496869031171,0.9137976024506713,0.8965380888392096,0.8792712936369187,0.8619966028722964,0.8447149066017519,243589.00703125,88296.52611972611,284753.3,284753.3,0.0,277215.1,3.6954557634374936,-2.369756014052302,259098.20700128714,56139.65396423347,243589.00703125002,236.90000000002328,-276052.4,505.94844358161134,-22.5371142649377,10.700000000011642,12212.200988859839,1078.449776923339,610.3990215264187,31334.013763332365,62118.12072777733,242438.43464093466,243589.00703125002,1150.57239031536,11730.874612309206,7.503827992129562,3.0271628952773755,688973.7547771782,245227.03855044537,805331.9741106646,805331.9741106646,0.0,731314.6622405328,156990.2096124699,688973.7547771782,0.982988554353757,0.9659740385617713,0.9489567845323719,0.9319362946057791,0.9149125233937618,0.897884542412407,0.8808518790373245,0.8638146795008679,0.8467741647570952,
276964.339453125,73407.95552530159,314504.4,314504.4,0.0,295230.55,9.685110955679207,-3.313086677219575,286527.4389358032,38832.670837402315,276964.3394531251,507.5,-295522.0,505.71443839829936,-22.529312094278588,50.0,13075.131575789494,1156.6675962484817,742.1133072407048,33375.75342913493,70527.58162843953,271800.9891095424,276964.339453125,5163.350343582635,13784.93388776103,7.954677999074386,3.1425897766473034,783373.4502966303,207623.79022001932,889460.7105091154,889460.7105091154,0.0,810420.6320763148,109835.37952284915,783373.4502966305,0.9702267796648912,0.9404482691464875,0.9106654491216912,0.8808806937669098,0.8510930810547276,0.8213028326749798,0.79151231160992,0.7617220238817303,0.7319294835290443,243478.2845703125,63293.41483109434,269380.1,269380.1,0.0,261424.25,10.694952050579051,-3.5329578992305715,251570.52970942986,30651.60660018919,243478.28457031227,259.5,-254531.2,505.89597562505736,-22.535364702732107,-2.7000000000116415,11260.419474421959,994.371417848433,585.8260273972602,29303.1981336119,61967.577892370435,238844.1641352994,243478.2845703125,4634.120435013101,12066.601631382544,7.985323166332725,3.150042708697041,688660.5843653437,179019.17991649732,761890.3740337222,761890.3740337222,0.0,711548.4995672411,86684.5841997957,688660.5843653437,0.969750781706138,0.9394963577827857,0.9092383613890977,0.8789746729211168,0.8487062588117861,0.8184331847573731,0.7881549280180778,0.757872466191965,0.7275834881545283,
287175.46640624997,77027.53011339394,317898.7,317898.7,0.0,303924.05,9.839174116129628,-3.4148210150251104,297326.4012848793,38140.491632080135,287175.4664062501,185.79999999998836,-300015.8,249.97028042038832,-15.873036287943558,0.0,18788.42520811005,2343.3954540561344,1278.76431372549,56833.28406655211,94053.69693205858,271695.46006249054,287175.46640625,15480.006343759453,19005.886826727536,2.163315268077893,2.0397014377816616,812254.878745076,212158.79474355988,899073.0847372263,899073.0847372263,0.0,839505.415248894,105964.24227697565,812254.8787450759,0.9429767476304611,0.8859791417879939,0.8290132104983194,0.7720715307097429,0.7151517136337918,0.6582530896620082,0.6013772924145188,0.5445216791979463,0.48768897266498634,259400.119140625,69226.14399342902,281293.1,281293.1,0.0,277405.1,10.097344054107365,-3.4752022967418346,268478.4550431736,34451.57832336427,259400.11914062512,45.90000000002328,-274937.4,250.0013030711754,-15.874506940264384,-13.799999999988358,17217.304371122744,2147.756951941561,1112.3917647058815,51246.26873551943,84990.51621048855,245439.24064397247,259400.119140625,13960.878496652536,17311.73439677474,2.1640215912328795,2.040022675528811,733694.3331397374,190448.94379491007,795553.3590782968,795553.3590782968,0.0,758009.3499911204,95037.76899857685,733694.3331397373,0.9415938264011334,0.8831855813024538,0.8247739930367657,0.766360231297629,0.7079454160809429,0.6495296297702041,0.5911122690657667,0.5326941031000522,0.4742772209888396,
177170.291015625,157090.0276835038,332518.5,332518.5,0.0,302556.85,-1.9330228921005468,-0.2354855172621454,236783.84407760014,155716.07608795166,177170.29101562515,285.0,-315774.9,505.87766533637307,-22.53475611957101,0.0,13969.94779301237,1233.3643138621715,706.9765166340511,31551.251472182605,48326.05517622387,175517.02136601924,177170.291015625,1653.2696496057479,12923.726984344497,3.6508032395874537,2.2210858023466997,501113.2568077701,442783.0282342608,940429.0380077198,940429.0380077198,0.0,668708.685632834,438474.09970679897,501113.2568077701,0.9938588152737655,0.9877195149344361,0.9815818366538434,0.9754458462024956,0.9693110060279533,0.9631782006671723,0.9570474457671437,0.9509189331419557,0.9447922161949412,157412.4673828125,139405.6229880217,287720.5,287720.5,0.0,276156.19999999995,-1.93938010315354,-0.24271581190949046,210267.9543064598,138350.8014106747,157412.46738281252,88.60000000003492,-279223.3,505.98114716109455,-22.538205028322416,0.0,12352.248790311403,1090.6467561015754,577.2506849315071,27787.808960586965,43084.61418763299,155966.6386778908,157412.4673828125,1445.8287049217047,11246.001117339169,3.6252691273009825,2.2218148338425516,445229.69251877186,392944.7857278668,812878.3944561828,812878.3944561828,0.0,593830.8544788484,389575.98095392523,445229.69251877186,0.9939837088238346,0.9879685620393387,0.9819547238382448,0.9759424009479034,0.9699315551901649,0.9639222728926184,0.9579145754590624,0.9519084440355106,0.9459034751051876,
273618.50351562497,73164.53518359634,317261.3,317261.3,0.0,291704.55,9.256323848635347,-3.2105276717908935,283231.59194334556,38811.82383880613,273618.50351562497,568.7999999999884,-284985.5,505.47994600599543,-22.521495340466913,32.89999999999418,12610.245623752531,1116.766587137756,785.8448140900194,33165.05989378783,69602.55015292892,268348.7421942596,273618.503515625,5269.761321365442,14160.339895084026,7.965475814103431,3.145193635397828,773909.9971760546,206932.32724979593,897237.2234012316,897237.2234012316,0.0,801097.7916522163,109767.43840383468,773909.9971760547,0.971504170645897,0.9429769963360963,0.9144183759036567,0.8858267001102633,0.8572041012375398,0.8285504487586067,0.7998629747635019,0.7711390411182718,0.7423830243188603,243687.6224609375,63859.97607661074,273048.7,273048.7,0.0,262514.1,10.265675736756101,-3.4392669587591236,251916.16439833655,31713.93704299923,243687.62246093765,280.5,-258245.7,505.8785128437562,-22.534782975770465,41.40000000002328,11424.857216215012,1008.8984830787282,610.2804305283757,29389.9442632384,62009.60499706022,239023.5094956976,243687.6224609375,4664.112965239898,12110.367102795553,7.980710558639663,3.1489384618146037,689252.6813334246,180621.3471674057,772208.0519207276,772208.0519207276,0.0,712526.0204216292,89691.10367694053,689252.6813334249,0.9698060580637844,0.9396032743057271,0.9093910459635367,0.8791696191508929,0.8489391579048758,0.8186998107566027,0.7884516759101502,0.7581941110090772,0.7279268781118576,
269784.145703125,91788.07492994297,323300.3,323300.3,0.0,292071.65,4.607439125162955,-2.522199263252784,284971.1142767103,54799.90459594729,269784.14570312493,10.600000000034925,-282611.2,249.9616494763529,-15.872627290765486,-125.19999999995343,17699.257833857682,2206.614554402149,1268.0278431372556,58980.21432858527,86205.11034960145,254613.52831208726,269784.145703125,15170.617391037737,26205.912938030404,2.135518330868285,2.0268093346675817,763064.7955331972,252298.3671834513,911995.2136760369,911995.2136760369,0.0,803692.9440187687,153297.2579928706,763064.7955331973,0.9639445524108533,0.927888844924998,0.8918346687686173,0.8557798779144642,0.819725876419989,0.7836715850798309,0.7476170444380669,0.711561443829822,0.6755053574514223,238197.8125,80191.37584285434,271008.4,271008.4,0.0,262627.85,4.919492875911095,-2.62509477538706,251334.14936962916,48383.930664062485,238197.81249999988,44.100000000034925,-260181.5,249.99306115233668,-15.874116174081149,-9.799999999988358,16293.4274442831,2032.3037016532123,1067.3780392156866,51895.062096711285,76179.39638730983,224923.95765362348,238197.8125,13273.854846376522,23033.833040431604,2.1370648024806504,2.027511512660718,673725.1539302072,219708.93364116407,765532.7871296315,765532.7871296315,0.0,708644.9030085653,133937.12593319674,673725.1539302072,0.9618796663849448,0.9237595730517919,0.8856426686733074,0.847527104553954,0.8094132181484801,0.7713007539255059,0.7331898818360906,0.6950793274673931,0.6569701964913606,
155758.37539062498,146675.46812973628,309610.8,309610.8,0.0,273718.5,-1.9685758619220206,-0.11042833830320294,213949.44369033576,146023.47692871094,155758.37539062498,111.90000000002328,-275279.2,505.877632359404,-22.53475600994147,0.0,12178.52178762768,1075.0729117918559,620.4518590998042,28092.25920602714,43347.21318897631,151783.64276227576,155758.375390625,3974.7326283492403,9133.624852047227,3.220060840039177,2.154945036842211,440551.2138612433,414859.79271803866,875577.8355867064,875577.8355867064,0.0,605139.66953809,413016.7629949153,440551.2138612432,0.9944390818693613,0.9888790528651834,0.9833195693214938,0.9777607137562755,0.9722020860729956,0.966643896234151,0.9610857667188016,0.9555275322247133,0.9499698254592612,141299.4408203125,132843.0284442273,275480.5,275480.5,0.0,254912.8,-1.9787689081995956,-0.12006300626352916,193940.20259442538,132468.22576904355,141299.44082031245,54.699999999953434,-255039.5,505.9574323758858,-22.53741482811482,0.0,11282.591847832437,996.0975049880994,542.3690802348336,25485.742459710862,39292.44869750432,137671.28765661945,141299.44082031248,3628.153163693018,8089.282483620755,3.2321429330246616,2.1562704084753763,399655.171127641,375736.43935867463,779037.713477496,779037.713477496,0.0,548545.465454778,374676.72293216316,399655.171127641,0.9943181398172176,0.9886360326874144,0.9829535316348308,0.977270731072655,0.9715876582015152,0.9659046324650377,0.9602210267602773,0.9545370503003439,0.9488527111250326,
234343.86484375,145958.96343250744,332044.8,332044.8,0.0,321795.3,-1.0337225126929386,-0.9804379377066962,276081.6292262087,130903.01825256308,234343.86484375005,153.59999999997672,-316096.1,505.9609336731756,-22.537531105938548,0.0,13983.54995352958,1234.760419116036,685.6536203522505,35410.77476005927,61308.893127057854,232414.07406233705,234343.86484375,1929.7907814129426,11141.87523664492,5.5821692264481015,2.596332319603125,662824.5438419178,411176.08549563715,939080.585375997,939080.585375997,0.0,780001.3776928612,369346.4044139438,662824.5438419181,0.9926102405283053,0.9852154597560631,0.9778157462005713,0.9704110725283144,0.9630013882166106,0.9555871978913927,0.9481682058399771,0.9407455476071577,0.9333178925399888,201505.73242187497,125464.13453531393,284291.9,284291.9,0.0,277078.80000000005,-1.0326136635253085,-0.9826531027124478,237372.72221881693,112559.84272003168,201505.7324218752,68.09999999997672,-276917.3,505.9872355287958,-22.53840794440475,0.0,12250.188846920093,1081.714513195031,574.279060665362,30575.384777972922,52631.95096982885,199775.44844031823,201505.732421875,1730.2839815567831,9784.172030062431,5.611138506277939,2.6014720095189947,569944.2793738791,353385.7666393487,804019.7960568168,804019.7960568168,0.0,670610.156241531,317534.1243250279,569944.2793738792,0.9923834292887748,0.9847663257531667,0.9771484854557692,0.9695307359820727,0.9619125387796466,0.9542945051715908,0.9466763643945836,0.939058177705708,0.9314397204083351,
303718.31796875,79148.6858314236,339189.1,339189.1,0.0,323734.15,10.56176177477737,-3.5038120045496806,313861.96191735007,38732.65714721676,303718.31796874944,419.1000000000349,-321388.5,505.8650456557039,-22.534333621152918,32.79999999998836,14218.429784116504,1255.6111718322213,762.2726027397259,36560.40085880471,77302.67846040407,297909.4755144431,303718.31796875,5808.842454306875,14919.170257232312,7.982219753142571,3.149296487341469,859045.1288251008,223863.5302783689,959219.1279255461,959219.1279255461,0.0,887734.9906063343,109543.57046851292,859045.128825101,0.969507453025319,0.9390179567051311,0.9085308034172185,0.8780467814788664,0.8475666038611035,0.8170890015226653,0.7866145578642985,0.7561445836450924,0.7256799687333458,268254.28945312503,69597.21984756656,296063.8,296063.8,0.0,287457.15,10.801748396863776,-3.5562366260836153,277135.592843127,33593.61823272702,268254.28945312503,362.8999999999651,-279130.0,505.89313257549935,-22.53526957004569,0.0,12348.673749304071,1090.454844305895,641.887866927593,32281.54573858644,68269.9929741889,263161.6737656853,268254.28945312503,5092.61568743973,13481.081150241791,7.988085879319762,3.15071343310963,758737.7086187347,196848.84881460413,837285.5992223988,837285.5992223988,0.0,783857.3720771164,95013.3092842269,758737.7086187347,0.9697798672882929,0.9395583057161644,0.9093347794822434,0.8791099360835657,0.8488832770678596,0.8186554403706189,0.7884261726629288,0.7581959711135835,0.7279644778080056,
272710.1009765625,72315.01697429111,310807.9,310807.9,0.0,294751.3,9.66226989481173,-3.3059039259491367,282135.1818803159,37310.32937164309,272710.10097656294,507.5999999999767,-269526.3,505.53856643763766,-22.52345137108808,55.59999999997672,11925.88931749703,1060.0330038564427,721.7322896281802,32753.762629415847,69510.44573107512,267824.88065614237,272710.1009765625,4885.220320420101,12802.527052393647,7.9332835852882315,3.1372068447509847,771340.646794382,204531.05020868513,879032.2289894982,879032.2289894982,0.0,797997.0826366744,105520.57066483254,771340.646794382,0.9724765811776768,0.9449308656132348,0.9173607857280534,0.8897681767642562,0.8621531518909448,0.8345146931340944,0.8068522628681747,0.7791663953080307,0.7514567778532742,240305.6712890625,62438.23892303478,264132.8,264132.8,0.0,258937.8,10.721158698384212,-3.5388706203672182,248284.8149474649,30190.083845519996,240305.67128906268,260.5,-247753.2,505.8806815422097,-22.534855105403047,12.39999999999418,10960.630522310954,967.8689236024712,579.1655577299413,28904.555558174066,61168.86657307712,235818.5561494311,240305.6712890625,4487.115139631396,11887.040821344452,7.982589818167263,3.149339457997651,679687.0789043263,176600.2568610222,747020.1659127426,747020.1659127426,0.0,702255.0647399242,85382.71317676769,679687.0789043264,0.9701532911674783,0.9402987011168025,0.910437157133745,0.8805689804623865,0.8506937412561226,0.8208099904559236,0.790921154817463,0.7610256069543447,0.7311247754926399,
