268753.2984375,84894.9069099568,305061.3,305061.3,0.0,298386.95,6.03721278241437,-2.813897634788505,281843.0070806906,48291.60831298829,268753.2984375001,365.4000000000233,-296900.9,249.9552588580153,-15.872322605521317,0.0,18593.808681615228,2320.2746328335274,1326.7533333333333,57079.08829736883,86533.25420006794,253829.84575065467,268753.2984375,14923.45268684536,23057.02368715949,2.141283146093122,2.0296541756806543,760149.1191656331,235042.55999230407,862401.46640472,862401.46640472,0.0,795658.0222532941,135967.31485198144,760149.1191656329,0.9565322050560805,0.9130490608319003,0.8695452172390117,0.8260249414216015,0.7824887696485722,0.7389353945130358,0.6953655579084425,0.6517755525436405,0.6081677393248835,454249.566015625,142806.25153863427,505725.2,505725.2,0.0,497043.19999999995,6.207193275919099,-2.86224269081725,476168.34597009845,81622.9688934326,454249.566015625,361.5,-501606.0,249.99528210886373,-15.874221303816666,41.79999999998836,31412.123408813193,3919.254071510947,2076.2533333333336,96366.07028084811,146238.8429677858,428359.4303796957,454249.566015625,25890.13563592931,39584.599565074735,2.149694883688645,2.0333960214815305,1284811.7939227792,395307.7293894091,1430320.3234776747,1430320.3234776747,0.0,1344250.552061661,229818.17998290047,1284811.7939227794,0.9560515934886487,0.9120938505089011,0.8681270430253942,0.8241499103029881,0.7801610776913124,0.736161465444674,0.6921498167078972,0.6481266620621093,0.6040936759119309,0.9396157522068964,0.031111129548094488,0.15423925699999996,1.003872471,0.849633214,0.93968595425,0.46278559486708337,-0.48998365326985016,0.9401306633532863,0.021975512608501786,0.9396157522068967,0.03556604200000013,-0.034967286499999806,0.9465483115552851,0.01993929279524174,-0.00011974999999986302,0.012369483019086636,0.008924829991833643,0.008925092582608693,1.2831266121008622,0.18042315328537403,0.7004235115649999,1.6597486149999998,0.9593251034349999,1.1951746774999998,-1.096493586616885,0.40565141057193776,1.2957493650096357,0.1630618419035821,1.2831266121008624,0.060593997064999794,-0.058558227065000024,0.9968672205038112,-0.597804465436906,0.0009580099999999536,0.02134377235612887,0.01543702056710395,0.015317713279391292,9.69703187435345,0.08125177926814749,0.5143304249999989,9.9456783,9.431347875000002,9.7021646,2.392002434155681,-0.18151890302853202,9.697372274171029,0.055304661058264086,9.697031874353444,0.12669655000000013,-0.0834664500000013,3.48580431725036,0.6093617179331147,-0.002155500000000643,0.029607540399762045,0.01999958307750473,0.020016118260869575,-0.020850535415887935,0.08004602288036816,0.290710656062,0.080087534662,-0.2106231214,0.004798422036000001,0.2115951433742107,-1.155629443787869,0.08271705148331644,0.061347806631893306,0.05388752894016379,0.022968524499999976,-0.036774073,2.625825957306912,-0.8532828509904461,0.0006108650200000013,0.010320965472565164,0.006658193010396827,0.006661615700930436,-0.0009472710469396553,0.018881084000036644,0.08521566851,0.04366588596,-0.04154978255,0.0004777292600000002,0.22187437178272562,0.19286652759748016,0.018904831537276647,0.013502531756656513,0.013432521862887934,0.007941245000000001,-0.0075136395,0.0046151383708976645,-0.08126750840556425,0.0002443459899999999,0.003169144837554633,0.0023812788179584116,0.0023850294598260864,-0.017924689068965518,0.03165880586340722,0.11844672648,0.026696366864999998,-0.091750359615,-0.012368450209999998,0.09497935941423563,-0.9921342115423706,0.03638096297400606,0.023793682774399506,0.0252294678287931,0.00769689954999999,-0.010079272800000011,1.1779339674762568,-0.6480242707621192,0.0003665189999999992,0.003584133258815319,0.0023992653056173915,0.002394059673260869,
299799.6015625,66652.2006067961,321522.7,321522.7,0.0,315542.2,16.190554233031108,-4.252413612504755,307119.38548838365,28106.212646484375,299799.6015625001,230.40000000002328,-313609.4,249.98333704522048,-15.873654729727212,0.0,19639.437699445272,2450.4059146482196,1339.6498039215692,55027.48435947534,99937.26141651817,287153.5706595536,299799.6015625,12646.030902946424,14300.373492886933,2.1648942363460737,2.0404329659164846,847961.3250474755,171441.53421129982,909119.5518183075,909119.5518183075,0.0,865118.8406392469,78275.17885311146,847961.3250474753,0.9172421494665663,0.8344757701085059,0.7517094265835003,0.6689360332667724,0.5861567122211624,0.5033690957249213,0.42057420810972523,0.33776829076089576,0.25495538472654566,504451.118359375,111879.53774203424,532327.6,532327.6,0.0,529034.05,16.376161245476165,-4.286311230404836,516708.7785004193,47292.29234619141,504451.1183593749,243.0,-528450.8,250.00000696583,-15.874445445521491,1.8000000000465661,33093.0029869096,4128.552950403682,2144.256470588235,92275.28186032055,168273.93226230313,482834.6712995525,504451.118359375,21616.447059822527,24352.47985846446,2.1662395787342223,2.0410451276556536,1426803.2262762072,287541.56874669495,1505484.3601042426,1505484.3601042426,0.0,1455488.7839724165,131638.87186691674,1426803.2262762077,0.9166493078323377,0.8332956470618514,0.7499352518030992,0.6665673726451947,0.5831924785891159,0.4998127844595247,0.41642699443946085,0.33303315257048693,0.24963245208152426,1.363703561934426,0.09745958945983912,0.311711807,1.46467425,1.152962443,1.415755975,-0.8134765141301616,-0.8606339512465601,1.3671816910748629,0.0864424312837948,1.3637035619344262,0.03281176799999996,-0.03975732799999987,1.8475903764685642,-0.23408775466386222,-0.0013172649999999564,0.011023655618334124,0.00786476283054437,0.007956017586776859,1.0288847254918032,0.08180196814693332,0.3326682109999999,1.260139567,0.9274713560000001,1.0078841450000002,0.9029796502494563,1.3005944048930833,1.0321314549722123,0.06260276126766995,1.0288847254918034,0.04299060500000018,-0.048020143000000126,0.5702877191563624,-0.19964864481516165,0.0016765150000001006,0.01602990876754657,0.01201790747332832,0.012036457780991733,9.677515570491803,0.07534684649748456,0.33590124999999915,9.852032874999999,9.516131625,9.679950900000001,-0.6562487042603151,0.20435301828150929,9.677808882406616,0.06366986300053756,9.677515570491801,0.06789880000000004,-0.061911225000001124,1.3301733416109638,0.09445470381065434,1.7763568394002505e-15,0.021089315986892464,0.015142244122669308,0.015133157024793514,0.0032927904899508202,0.0576786612765178,0.25027139384999997,0.1381807968,-0.11209059704999999,0.004431904056000002,-0.3011495962261499,0.15283777098130216,0.05777257511883975,0.04539457549267373,0.04557379056601636,0.014782932999999998,-0.019853112499999964,-0.83471605867522,-0.46686021222253754,0.002748892600000011,0.008579955783249714,0.007406933288414729,0.007478300316760331,0.01678081544280738,0.03050647052901112,0.125960364735,0.087525993615,-0.03843437112,0.011351126638749999,-0.2940642583591866,0.5653941896191426,0.0348172444495969,0.023766851631572165,0.02495877943206967,0.0069638611499999985,-0.007880158500000001,-0.6449848541145484,-0.07551080852017741,-6.108648999999947e-05,0.003488536009899696,0.002818073280558021,0.00281805659142562,-0.0243529209825,0.027804680821884305,0.097860575415,0.005377178389999999,-0.092483397025,-0.011299437165000002,0.4394764587988087,-1.32744138302121,0.03696166982140755,0.021685609500942622,0.024964119745942634,0.009101889050000003,-0.010384705099999999,0.8691576284532196,-0.3491849468365299,-6.108647499999953e-05,0.0035869966126757594,0.002575045771674066,0.002573710639173554,
301516.633984375,99358.64960103488,341689.0,341689.0,0.0,335288.05000000005,5.294273235903729,-2.6939492843961523,317465.6230520224,58889.9675750733,301516.63398437493,222.89999999996508,-334965.5,249.98993055352923,-15.873967549558836,112.60000000003492,20976.71922435189,2617.321608612072,1422.9188235294116,65155.100870530696,96644.61228306245,284746.4711991017,301516.63398437505,16770.162785273315,27602.025215902435,2.1377265644280623,2.027903735030592,852817.8261235753,275507.67185758165,966377.2052268367,966377.2052268367,0.0,896215.7785971668,161358.41064305467,852817.8261235754,0.9597431460420565,0.9194743081263664,0.8791935261982468,0.838898013880065,0.7985902188867876,0.7582701158004698,0.7179384717417904,0.6775942677377519,0.6372384222532342,490883.93281249993,161499.06171752064,547260.2,547260.2,0.0,543294.25,5.3462178137464935,-2.7101284419353466,516767.8225558424,95875.76812744151,490883.9328125,181.69999999995343,-546034.3,250.00111745769877,-15.87449813260626,17.79999999993015,34194.09320965349,4265.9578439061925,2209.725098039216,106041.99892189949,157309.79727582962,463047.4401859006,490883.93281250005,27836.49262659944,45872.27051797787,2.1432305799731983,2.0303701019199396,1388429.4306689617,447775.659973248,1547814.3529658206,1547814.3529658206,0.0,1458848.630123158,262648.9459903135,1388429.4306689617,0.9594342061687549,0.9188652294196947,0.8782958372351263,0.8377257409028694,0.7971547488963171,0.7565837977882132,0.7160146309539825,0.6754454353119478,0.6348780866803709,1.6014809079565218,0.1324943361271566,0.4360133049999999,1.73638922,1.300375915,1.66358065,0.006618711395975474,-1.2391610601517922,1.606952347661567,0.10714289021852558,1.601480907956522,0.04047582500000013,-0.029099489999999673,0.2297203578523277,0.16912609188355032,0.001377139999999888,0.012757431349207348,0.009701451184980005,0.00977966350877194,0.5586122966304349,0.15824499858135804,0.5495372495000002,0.8881930310000001,0.33865578150000003,0.5261858105,-1.0082808633241858,0.5110306366269493,0.5805938145749944,0.13309970672627597,0.558612296630435,0.06849756350000002,-0.05185217149999993,1.382129920547225,0.4668087617143264,-0.0022752692499999616,0.019292359356195186,0.013985580384056643,0.01421885337543859,9.660986444347825,0.11811825598962022,0.4603226249999981,9.89310745,9.432784825000002,9.685938375000003,-0.5590924871658847,-0.30692164823109797,9.66170849282209,0.09268105944801527,9.660986444347825,0.048020125000000746,-0.04418809999999773,-0.4901717982770175,0.16664509676541306,-0.0034727749999996504,0.02133642193035578,0.017372957502308342,0.017374394956140297,-0.03192226646247826,0.03347470890541459,0.1361618114,0.0373269847,-0.0988348267,-0.039519834485,-0.7481079905235473,0.28809637281259554,0.046255672434888526,0.027486052327027607,0.0401115620582174,0.018203777000000008,-0.016310095999999996,0.021576761747741813,0.05057056257710647,-0.0007941247749999984,0.006970182692732917,0.005429459994342875,0.005423302461359651,-0.03442975274152174,0.051600549262164216,0.17464630462999997,0.03413639163,-0.140509913,-0.0227351408225,-0.7176297231182791,-0.7045346652794832,0.0620324476221869,0.0433117376933724,0.04525420037843478,0.009224061400000011,-0.010629050900000006,-0.5768704132878018,0.06155545742444326,9.162974999999893e-05,0.004589461122662505,0.0037315033786326558,0.003716631286491226,-0.009787147194869564,0.037198128902524906,0.1331685723,0.05901112635,-0.07415744595,-0.007634246380000001,-0.7158241786599429,-0.021576147262959807,0.03846412671649913,0.028360663241758795,0.030153808649130424,0.005253439299999996,-0.008979715500000002,-0.07993961382588388,-0.710646280565219,0.0006719515224999995,0.0032715289061922056,0.0026094596486380436,0.0026063573793859655,
283940.53007812495,83021.60457310143,315443.9,315443.9,0.0,312228.8,7.698894328320263,-3.0963581163280045,295829.02401038853,44365.70782470704,283940.5300781248,378.6000000000349,-312888.8,249.97709926371212,-15.87335869169873,25.900000000023283,19594.605565921433,2445.150803537103,1349.7713725490198,58400.979031280054,92133.79669322651,268041.9805088817,283940.530078125,15898.549569243309,21526.77034325944,2.1549678631020237,2.0358988223441212,803105.0970877804,221409.28416900637,892057.560163023,892057.560163023,0.0,833066.5448117605,122929.45152277465,803105.0970877802,0.9494045530626295,0.8988088043942385,0.8482113563419087,0.7976146522312484,0.7470194070609258,0.696426259327163,0.6458339910481905,0.5952416692881553,0.5446497695452887,471708.525390625,137378.36930063475,517586.5,517586.5,0.0,512656.75,7.866550190905992,-3.1392595651366992,491306.16653762816,73704.45709228517,471708.52539062535,271.6000000000349,-517586.5,249.99933659616008,-15.874413657003293,71.20000000001164,32412.74408185949,4044.1221806997296,2123.350980392157,96865.84816398488,153088.72011487978,444764.4831851062,471708.525390625,26944.042205518785,36386.51271351118,2.159387216766315,2.0378848426312017,1334193.1881888711,366392.9507731229,1462950.225514936,1462950.225514936,0.0,1383587.820770991,204419.91037256122,1334193.1881888711,0.9491651917307212,0.8983350934074814,0.8475094138625612,0.7966867786294927,0.7458658456577227,0.6950499164819767,0.6442376140535301,0.5934268644460688,0.5426207114149469,0.8494667808601696,0.05046017691857728,0.2732717469999999,0.9702224574999999,0.6969507105,0.8540639975,1.4663283226753006,-0.854311477000541,0.8509641832883411,0.03507183268658431,0.8494667808601694,0.051852177,-0.053289189000000015,1.098513356332223,-0.2776517480975982,-0.0008382600000000906,0.01703040963284849,0.012798334799035705,0.012816425598290592,0.4422241392364407,0.10660989555354969,0.45708949830000006,0.720302156,0.26321265769999996,0.41409889587500004,-0.023014681343112464,0.7305052734456108,0.4548932392917591,0.08785793466414249,0.44222413923644066,0.059516238000000055,-0.06933582000000005,-0.39121005734435865,-0.034872787592455184,-0.000239501799999986,0.026481995565919753,0.02148403855398423,0.021457943349743602,9.781663084322036,0.0912973648337049,0.4380489400000016,9.991542915,9.553493974999999,9.792576612500003,-0.09064639358931448,-0.19366647883413574,9.782089138012086,0.07284445658287812,9.781663084322034,0.088615729999999,-0.08741819999999656,0.26365196523141154,0.25064490487450664,-0.002394999999999925,0.03411685923473203,0.026219560821827862,0.026216254017094136,-0.022182139369279666,0.09721157471980203,0.40390394525,0.12315351525,-0.28075043,-0.013283179474999997,1.5088685787515308,-1.2861236233775757,0.09971026810966764,0.06655832351452098,0.06705116914016099,0.03744602650000006,-0.017165306500000005,0.9917777615146552,1.0553786921494595,-0.00024434599999998904,0.011593277522198233,0.008755374794923517,0.008589179698547004,-0.001038561455,0.029583322101883105,0.1442252289,0.07304849336500001,-0.07117673553500001,-0.0074635155,0.6633596875042822,0.3264517570087305,0.02960154652175418,0.021618883095254234,0.0218125131970339,0.012828165040000002,-0.014721846649999995,0.2917235306952053,-0.27562560064347424,0.0004886919999999954,0.005130600958885038,0.0039214775760680115,0.003922066619850428,-0.006288272904491523,0.037662063930551735,0.14911214914999998,0.07232798243500001,-0.07678416671499999,-0.0011285338599999997,-0.33749912880082267,0.03693385054467226,0.038183418333490385,0.029220703968295028,0.028589411489915246,0.021441361500000006,-0.017592911500000006,0.7869546151872209,0.057645124057111474,0.0003054327999999981,0.006606067079053859,0.00499623228814815,0.0050049162222649555,
296336.239453125,83915.39840859745,321867.0,321867.0,0.0,320288.15,8.548198129311292,-3.2472410501942597,307988.5726829706,43987.410543823265,296336.23945312505,87.89999999996508,-320636.7,250.00266589160987,-15.874571577146634,11.5,20079.078706621625,2505.0417039600165,1284.314901960785,60105.48586462999,96467.83764132501,279626.7686377378,296336.23945312505,16709.470815387245,21805.462451794305,2.1614454702609693,2.0388347797924826,838165.4577145011,224302.22928963945,910273.9743492727,910273.9743492727,0.0,867659.3943305524,121733.53121501571,838165.457714501,0.9470077319274217,0.894016949392902,0.8410280563276809,0.7880401804465684,0.735054112292993,0.6820696971401234,0.6290856999540504,0.5761029435472378,0.523119381233591,485353.60078125,137428.35635725176,527343.9,527343.9,0.0,524078.9,8.552241971478171,-3.248261162902199,504435.0016824572,72044.67511596686,485353.60078125005,77.5,-522894.3,250.00324906095537,-15.874599239145265,-13.400000000023283,32744.93802928875,4084.912667435596,2082.519215686276,98407.11442440956,158009.62508853612,457850.501951113,485353.60078125005,27503.09883013707,35762.05763761051,2.16202533742298,2.0390996082968127,1372787.2895429214,367523.111692746,1491496.656601523,1491496.656601523,0.0,1421132.710185407,199628.10645953723,1372787.2895429214,0.94718170039979,0.8943646171663039,0.8415487125838622,0.7887349099921287,0.7359206173231484,0.6831057883974718,0.6302920586009246,0.5774800412216059,0.5246690821275972,0.8785723607372882,0.05348576512436043,0.19722987049999996,0.9587263635,0.761496493,0.8640033364999999,-1.1445091146943485,-0.0024277328117057392,0.8801989094076578,0.04714995945949442,0.8785723607372883,0.026105712500000045,-0.02694397000000015,1.354408372539127,-0.23682801463103867,0.0011975100000000127,0.008879459096831622,0.006461356769669084,0.006526940311965814,0.26138797759703386,0.09161504802892922,0.270637214565,0.40188429249999996,0.13124707793499998,0.29506641749999996,-1.6754352233152796,-0.03337232079145314,0.2769783238046084,0.08652206224713442,0.26138797759703386,0.025387208500000036,-0.03855981650000001,0.07059974864426088,-0.22975277242165618,-0.000958008499999996,0.012527372888254104,0.009962609924721309,0.00997924858145299,9.777880776906782,0.036730980813903476,0.19842725000000172,9.8992149,9.700787649999999,9.7759911375,1.7662594976172574,0.7329895830734655,9.77794976732621,0.02605184323470307,9.777880776906782,0.03257225000000119,-0.04825965000000032,0.01844041495722104,-0.26601724261739057,0.0013172499999996035,0.015661782217784526,0.012244098345386825,0.012245305555555605,-0.013891976356440678,0.03923117523714512,0.180021920715,0.079293412265,-0.10072850845,-0.013894047685,0.29321002399394747,0.23925895762868915,0.04161817052172639,0.028119980518898302,0.031207968692627118,0.01673770049999999,-0.016126835449999995,1.9168545606315233,0.013753887063221991,-0.00036651905000000245,0.005443417293320227,0.003803044128712104,0.0037920620329914534,-0.010232597747987286,0.019795593714286467,0.07599160649500002,0.019964323114999998,-0.056027283380000015,-0.006394502052500001,-0.17226277684243563,-0.7014125060075143,0.02228388626728319,0.015135097358417117,0.01655904705341101,0.005375612000000005,-0.006719514949999998,1.4050601737170574,-1.0170691755836212,0.0004886918999999837,0.0022562601059587213,0.001587606411400395,0.0016002574610256423,-0.006472049779406779,0.026072399572308072,0.10488552260000002,0.04722143175,-0.057664090850000016,-0.0014339664225000003,-0.19836081873140632,-0.023928379867734564,0.0268636826925351,0.01943802832534761,0.018551593472627127,0.006230823100000005,-0.004886920040000006,0.19652260802317567,0.36818889711000563,-0.00024434600999999974,0.0022516613714852057,0.0016529099553166786,0.0016775293006837612,
183741.94042968753,156590.13667754395,328430.4,328430.4,0.0,300442.7,-1.8880415569425306,-0.3146259234450846,241415.76497312417,154314.52028274536,183741.94042968756,398.0999999999767,-328430.4,505.93930704060506,-22.536809018555793,0.0,14529.442781793558,1283.127266669489,707.5407045009786,31530.60557192725,50136.643729186966,182662.11503637358,183741.9404296875,1079.8253933139124,11256.901648228948,3.8171200569403956,2.257838633835971,519700.68826482684,441235.0568416734,928782.2468594571,928782.2468594571,0.0,681745.6862855896,434868.77817676356,519700.68826482684,0.993800333825109,0.9876010212128891,0.9814028315580254,0.9752054770128407,0.969008934482373,0.9628129928329551,0.9566180925239134,0.9504236379197952,0.9442302903973229,304980.3240234375,259512.72278697326,530164.9,530164.9,0.0,517775.35,-1.8942604585809695,-0.32386339803630976,400449.5615302249,256135.81900406,304980.3240234375,392.69999999995343,-529276.3,505.988555232062,-22.538451752197957,0.0,23413.96901915105,2067.5627437088638,1077.5340508806269,52356.99321919362,83156.92220687956,303237.3273990449,304980.32402343745,1742.9966243925714,18804.983566368872,3.8297650273961725,2.2587951932634964,862614.6209817729,731399.042398044,1499472.220052543,1499472.220052543,0.0,1130950.2834131585,721983.3542525691,862614.6209817731,0.9939301306958395,0.9878612865778446,0.9817933474415482,0.9757261628012158,0.9696597049613167,0.9635941785224935,0.9575294476650377,0.9514650927403311,0.9454014806228188,0.8090906740201342,0.06119603636262403,0.2130369904999999,0.9104667054999999,0.697429715,0.8013735695000002,-1.0619169162312248,0.10937135293725851,0.8114016722023998,0.051521130356650575,0.8090906740201347,0.03580554499999988,-0.028021728999999995,2.4586311457452013,0.270078759592963,-0.00047900325000005406,0.009263662493918069,0.006550527487034333,0.006562030229729723,0.34988022223154364,0.12124775913658604,0.44271938549999995,0.653481115,0.2107617295,0.3120710575,0.15554281679072934,1.157918554059978,0.37029338233951453,0.09693412948363136,0.34988022223154364,0.05975574379999993,-0.050534918500000026,2.09528201579724,-0.12295033338777087,0.0018561399999999645,0.015976586108425127,0.011165401512591305,0.011230700338513509,9.786314597315437,0.08286426561290776,0.38859182500000244,9.961605100000002,9.573013275,9.78593035,0.5409061616188762,-0.4791445609546663,9.786665411882883,0.05941581836628982,9.786314597315439,0.09364524999999801,-0.07364685000000115,2.4749977688930214,0.2584092874421313,-0.00023950000000017013,0.024515531559324136,0.01738897601351347,0.017388976013513475,0.006487320933691278,0.06167919391014419,0.27867661695,0.1233978647,-0.15527875225,0.004401359475,0.3479003329331172,-0.4493665554133736,0.062019418687229544,0.042698415991550824,0.043106276457046976,0.014660759999999981,-0.022418746000000017,1.0927921178521327,-0.8349527750958686,0.00012217287499999112,0.007365027429567038,0.005185882501376916,0.0051840976518243214,0.007480948505553692,0.02452871594751593,0.107695501265,0.062297268465,-0.045398232799999994,0.0036542273625000004,-0.37305563643357287,0.0786771534232803,0.02564415131324623,0.01966667269381222,0.019986387236157706,0.00879645665,-0.011301002499999999,0.6616713452520875,-0.30658581942244784,-4.336808689942018e-19,0.003927337182536669,0.002805745613091444,0.0028054388419425677,-0.003377460144697987,0.0184618836403488,0.080206575385,0.027673751085000003,-0.0525328243,0.0009789503750000004,1.183756317906247,-1.275632996766315,0.018768281343234446,0.01294573213351786,0.012025567809395971,0.005864304050000008,-0.006658428649999999,1.3199622949228598,-0.5428822190979182,0.00012217301250000044,0.002119307108681767,0.0015009977285851894,0.0014970320144932442,
189056.95937499998,166961.00397279908,350702.4,350702.4,0.0,321224.45,-1.92969986421716,-0.24375454246947534,252227.10150918644,165424.83945312427,189056.9593750001,409.5999999999767,-343735.6,505.9382782376262,-22.53677489055269,0.0,15206.504392940687,1342.881634184924,745.5115459882584,33097.371446174075,51878.652934004385,186734.90627558445,189056.95937499998,2322.0530994155406,13244.797898704875,3.6138159322772134,2.2235946116983683,534733.8320182886,472236.3081197539,991810.8815519621,991810.8815519621,0.0,713405.4960620491,467892.103016003,534733.8320182887,0.993992954887633,0.9879846343086433,0.9819750980915283,0.9759643301678814,0.9699517337370621,0.9639375836622152,0.9579219707592145,0.9519049902139852,0.9458863353305376,296423.6279296875,261489.30385173633,536983.8,536983.8,0.0,515428.75,-1.9351999568601532,-0.25040364893639416,395276.6413840611,259370.6744384767,296423.6279296875,287.5999999999767,-531853.9,505.99112771157627,-22.538537620658694,0.0,23527.979611232982,2077.6758621482077,1094.0780821917808,51949.7729807044,81266.21202580606,292777.2391993109,296423.6279296875,3646.3887303765973,20816.80203436216,3.626705991530639,2.2251026430373484,838412.6296520006,739603.2440965641,1518721.1162053423,1518721.1162053423,0.0,1118011.0447746678,733611.0509455006,838412.6296520007,0.9940230818305995,0.9880450163373691,0.9820659480870024,0.9760858766916627,0.9701049455477172,0.9641229142113074,0.9581399076326602,0.9521557138192268,0.9461702059726071,0.6479401295729166,0.048752518064797946,0.21782704100000017,0.7194639010000001,0.50163686,0.6570137612500001,0.4701401573293218,-1.0424989669371882,0.6497716672252078,0.0380294258473669,0.6479401295729168,0.04754113999999998,-0.045864625500000034,4.447305687082069,0.25185354389211495,0.00023950250000004392,0.010847966967624178,0.007267313392830943,0.007252889895104897,0.15868003007934026,0.15303659807880285,0.497685077615,0.4103866117,-0.08729846591499998,0.20004401704999997,-1.4397022215157194,-0.2818156261590575,0.22045306143828752,0.13710503344180222,0.1854460376106598,0.05400769349999998,-0.054606448699999977,0.8277203998374296,-0.11461262877063913,0.002155518000000023,0.019913962146077466,0.014537320595163586,0.014622181056538466,9.803662739756945,0.07301226915242778,0.3993695749999997,10.04746665,9.648097075,9.79922275,1.2877090936532865,0.5246411327869702,9.803934613528668,0.05242425279224524,9.803662739756948,0.10490189999999977,-0.13507909999999868,4.884082819598971,-0.45159871464897994,-0.00011980000000200164,0.029571908158669127,0.02017618974521989,0.020176787762237865,0.025639099686909722,0.0764514283360022,0.32039869349999994,0.19651840119999997,-0.1238802923,0.0146028054275,-0.05274047527058867,0.27453545999550155,0.08063612296837051,0.05605676248687833,0.05920202084177084,0.030237818499999985,-0.028099787249999984,1.2026891044635137,0.19538091480645767,-0.00012217299999999973,0.010610070128695762,0.0071130688112998166,0.007115509402832164,0.0018237535393402782,0.022391298953283748,0.09095779905500001,0.042810674225000005,-0.04814712483,0.0014856568037499996,-0.5411613096511139,-0.27090989951234856,0.022465447820766492,0.01747122232584973,0.01765823023715277,0.009896013499999991,-0.009590580449999999,0.6120620022394001,-0.2631954368627878,6.10865500000001e-05,0.0034495694254358007,0.0025197546755831575,0.00250881831291958,-0.009292066201006945,0.02284150277336852,0.08686500493000002,0.022053793130000002,-0.06481121180000002,0.0004597150150000002,0.2680943819049828,-1.1910199710244973,0.024659212137245947,0.018077621544912714,0.015079098426354168,0.007941245000000006,-0.006169736500000002,1.302857486235518,-0.11080838890894242,2.168404344971009e-19,0.002280939005000201,0.0016149670938706048,0.0016138797308391604,
288890.212890625,58493.939650227716,311740.1,311740.1,0.0,300537.5,20.244554527832328,-4.692627652979964,294752.6014809624,22569.54788208008,288890.21289062506,141.29999999998836,-296674.0,249.9950752625282,-15.874211452529325,-89.59999999997672,18578.702840370323,2317.266586697424,1251.8607843137254,50918.45575927458,97151.84354542679,278033.7534376192,288890.212890625,10856.459453005791,11295.67886068922,2.16661276588503,2.041216699575769,817104.9142135454,152491.45513381687,880572.6257569739,880572.6257569739,0.0,831212.4185313609,62839.77544819168,817104.9142135454,0.9018182909116754,0.8036727220914247,0.7055626849985224,0.6074915699247487,0.5094543789818372,0.41145751936224595,0.3134961012484604,0.2155724203581368,0.11768893197701094,472783.9734375,95385.29656453297,498256.1,498256.1,0.0,492829.35,20.578715178649443,-4.748043585171407,482310.10806332325,36936.24792480469,472783.9734375002,132.70000000001164,-488420.4,249.99912756685174,-15.87440374710846,-48.100000000034925,30586.241061347548,3815.4231726259077,2000.4780392156858,83370.32318872745,158978.59396061976,455185.2390747925,472783.9734375,17598.73436270755,18413.043544138964,2.166533097482106,2.041180184843313,1337235.0146159073,248214.07785573584,1408519.090042844,1408519.090042844,0.0,1360076.362841653,102415.90048514852,1337235.0146159078,0.9006665707049644,0.8013421328524954,0.7020304728207027,0.6027278722226026,0.5034377364289648,0.40416093057141506,0.3048967329634783,0.20564843346337225,0.10641474493747752,0.975124456707317,0.1287460835240813,0.3681145360000001,1.128413515,0.760298979,1.0151290675000002,-1.342725440876281,-0.46832520764418656,0.9835869357060055,0.11508274843069602,0.9751244567073171,0.02395019999999981,-0.024069945000000148,0.010482987840628066,-0.3133940306287381,0.0024548950000000125,0.009168693622860834,0.007035635866165012,0.007414745372950819,-0.3244355913813009,0.524623119680911,1.5948435835,0.5694159160000001,-1.0254276675,-0.4670288281,-1.057933069364527,0.4334248239009687,0.616836988724465,0.44266165337717645,0.5513938828882926,0.030895753350000027,-0.06370752199999996,-0.6234884293740661,-0.09497369580898293,-0.011555970200000015,0.023014600479379206,0.01596765606730717,0.018734157922950814,9.749411303861788,0.0659667054978605,0.2711161749999995,9.889754525,9.618638350000001,9.762100100000001,-0.8940464685339085,-0.04315937443628093,9.749634474076563,0.056361222496530285,9.749411303861788,0.04334984999999847,-0.053887950000001794,0.4292924232910784,-0.4343511205662733,-0.0006586000000012859,0.018853419898833174,0.014878412234614398,0.014876610040983654,-0.1226451541524065,0.08514632195178118,0.33194405950199996,0.019978418212000002,-0.31196564128999993,-0.11734403524999999,-0.13857026331427225,-0.6006910402200066,0.14930415258452773,0.06485693235034169,0.12440559654304065,0.02712240899999996,-0.034941481250000045,1.4979954830867577,-0.7554764900638724,0.0010995570000000114,0.010599539339860258,0.007731472884239988,0.007794537593721311,-0.01900737412300814,0.046796473747570316,0.15118909135000003,0.06358008605000001,-0.08760900530000001,-0.012655868300000001,-1.144821553625092,0.21468333627754646,0.05050930831301333,0.03957252103009818,0.04224028976528454,0.007757985650000007,-0.011117743450000009,1.0601351269960126,-0.374358097069673,0.00036651912500000367,0.003369893029812921,0.0025640406292589376,0.0025856614152868856,0.024889597266016257,0.01686355192216865,0.05962042499499999,0.06072154824999999,0.0011011232550000004,0.023092263869999997,-0.6210825348318232,0.6154656613493528,0.030064454684829434,0.013645074527775134,0.024889597266016243,0.004703660250000005,-0.004398227999999997,-0.49615981102817486,-0.058358899873291584,0.00018325952500000166,0.001866406438512095,0.001523887393778554,0.0015286646503278694,
279318.794921875,85841.1281978185,311576.5,311576.5,0.0,306769.8,6.644153118092149,-2.9306583653460523,292211.71859951614,48007.91787719728,279318.7949218752,208.0,-309165.4,249.9927647225837,-15.87410192586915,63.79999999998836,19361.02617931695,2415.861754709733,1301.08431372549,58696.38564398064,90141.25429541855,263398.56380714086,279318.794921875,15920.231114734112,23166.574088415546,2.1516770788702893,2.0343442894599555,790032.8560084498,233381.78630163567,881033.9068656808,881033.9068656808,0.0,823783.3281574775,134465.515411482,790032.8560084498,0.9539454891905694,0.9078712668453769,0.8617794188495993,0.8156733080384716,0.769549688332709,0.7234104417955598,0.6772570124587987,0.6310909580650053,0.5849129922142787,457775.64921875,140392.01495140843,505101.0,505101.0,0.0,501001.55000000005,6.722862348787748,-2.9526044730223178,478819.86475058086,78680.1897094726,457775.6492187502,276.9000000000233,-497739.0,249.99674120058862,-15.87429050102124,-16.099999999976717,31169.855356354776,3888.714814302194,2038.0101960784318,96134.41969083564,147745.2458858133,431518.56917565374,457775.64921875,26257.080043096244,38033.530586490066,2.153337069896077,2.0350906259355526,1294785.06329861,382180.0240960537,1428508.1855741893,1428508.1855741893,0.0,1350011.0854949472,220771.08010486877,1294785.0632986098,0.9545705083479746,0.9091215427313282,0.863655439315375,0.8181719709156918,0.7726705199732326,0.7271524723201023,0.6816175969563288,0.636070662295712,0.5905091759008988,0.9170571157094016,0.04619928324546452,0.14657518999999986,0.9854308265,0.8388556365000002,0.9248368405,-1.4360345234823555,-0.1552751704457223,0.918220086496501,0.041333150429030616,0.9170571157094014,0.0393980749999997,-0.022034180000000014,4.104312997846184,0.6752237611387226,0.00011974999999997404,0.008010956786254412,0.00580309912477705,0.005798631504310348,-0.3305014513034188,0.15480773859572072,0.5213957708000001,-0.13950989319999998,-0.6609056640000001,-0.270876723,0.1555394113571702,-1.2662741389968521,0.3649611557998839,0.12086566388560156,0.3305014513034188,0.04754114100000001,-0.030895754000000025,0.673706701296263,0.741148872727285,0.0007783814999999666,0.016123659966091403,0.011949645640457782,0.011790309918103445,9.774378066666666,0.04349204007676327,0.21555187499999917,9.882569575,9.6670177,9.776111,0.05471047987379318,-0.11727312494545876,9.774474827206035,0.033918665242165386,9.774378066666664,0.052091700000000074,-0.03975729999999977,-0.49558562051029353,0.15936297099521052,-0.0013172500000004916,0.01951401839997894,0.015856221566587506,0.01586184612068976,0.028836482795940168,0.06447733074154538,0.24581208195999996,0.19651840796999995,-0.04929367399000001,0.001224861375,0.5371818353223206,1.3473733601410498,0.07063192563986338,0.050324522862770844,0.043785473485170937,0.021746794040000003,-0.021013756000000022,0.5591094341579637,-0.03127811067176922,-0.00015271625000000053,0.007831295982214126,0.005859700852615194,0.005859564660818967,-0.0020210740082692315,0.023673735870617097,0.08949172413999999,0.039450916989999994,-0.05004080715,-0.0033707202299999997,-0.4927694061517047,-0.40828733076876766,0.02375985080379597,0.01831040317893163,0.018568569191474347,0.008613196999999996,-0.010629051500000004,3.109984623047027,-0.5617145037640399,0.0001221730012499996,0.002641313816651857,0.0018445072641468487,0.0018231160917241375,-0.010825885419529913,0.010184625577260907,0.03506365140499999,0.007209773455000001,-0.027853877949999994,-0.010871830795,-1.17255566815165,0.0796614489861505,0.014863592878768829,0.00887934170679889,0.012273647545341883,0.003604103550000002,-0.003848449324999996,1.3390393792859134,0.12076286523422723,0.00012217299500000018,0.0011834923404251383,0.0008592150491973839,0.0008631101306034477,
200936.040234375,163569.14549326655,340859.1,340859.1,0.0,328670.65,-1.8270824026292876,-0.4134362164335303,259094.88150572908,160120.90706176648,200936.040234375,164.29999999998836,-327108.0,505.97020701782384,-22.537840171608313,0.0,14470.631634214558,1277.774103959485,697.3700587084148,33574.5333079626,54540.732726499555,200517.79404491468,200936.040234375,418.24618946029796,11133.58349825347,4.0517443362434,2.2977598369048384,568332.9465379982,459012.8746125225,964003.5538284107,964003.5538284107,0.0,730544.4251930298,447309.72576745064,568332.946537998,0.9940555453593315,0.988108303622001,0.9821584272556729,0.9762058564423357,0.9702509607834857,0.9642932407730358,0.9583328118384812,0.9523704918967718,0.9464050118074748,311811.1720703125,253871.2197120987,530638.6,530638.6,0.0,505810.55000000005,-1.8265463162401987,-0.41234926047453546,402090.54107995465,248474.52774352915,311811.1720703125,154.0,-498873.0,505.98436836104963,-22.538312316282276,0.0,22069.09775538794,1948.5053427338169,1047.4078277886497,52446.911976877556,84415.02942602168,310892.6940677581,311811.17207031255,918.4780025544599,17436.585753264564,4.078606503319646,2.3000589057661,881935.1768825738,712615.8302000908,1500723.056593123,1500723.056593123,0.0,1133856.6830400836,694517.0310012163,881935.1768825741,0.9940588677449912,0.9881147280426412,0.9821678877430341,0.9762181597311876,0.9702654183857824,0.9643094008303221,0.9583503180809428,0.9523881843538177,0.9464231231463589,0.987869397801948,0.03962753878565455,0.16429834100000018,1.074405808,0.9101074669999999,0.9817185525000001,-0.8289410474107592,0.22823788938698983,0.9886638907858383,0.03346679401378812,0.9878693978019483,0.021435425000000174,-0.020477422000000134,0.3345311413481653,0.1915409426660323,-0.00023950199999989152,0.007393314281997077,0.005779078575077947,0.005779354816993449,-0.3170103971928571,0.1267110986495325,0.511336683465,-0.143581428535,-0.654918112,-0.27087671937499996,0.14652251964750418,-1.0537314960492965,0.3413960961249331,0.10197213055681811,0.3170103971928573,0.05843847899999999,-0.051732423499999985,0.9915841958208027,0.3697418640329591,-0.000598754500000076,0.017301489136362754,0.013318412633854068,0.013242266971437908,9.770676242532469,0.04312574932792642,0.2623744249999991,9.8950238,9.632649375000002,9.773895525000002,1.4258773330249062,-0.2345107086454101,9.770771416149469,0.03162735925113824,9.770676242532465,0.047301650000001416,-0.05544474999999949,0.8680197255420805,-0.16466535285683281,-0.00011974999999964098,0.018164276836524062,0.013536606734589295,0.013529516503268004,0.015564323067142857,0.06769276249784319,0.24660620744,0.16511994705,-0.08148626039,-0.0176203236,-0.8193139336980511,0.6188845394299135,0.06945904006771042,0.05935712148420965,0.056964738864727256,0.02974912403499999,-0.030726508049999997,2.136254662698682,0.141050693649897,0.0001832595000000048,0.008751386602177795,0.006179885048330469,0.006179318780431375,-0.0008507036158441559,0.018640937418931493,0.06664537242000002,0.013977846090000001,-0.05266752633000001,0.006830725465,2.0263105042292553,-1.8462853151678775,0.01866033880985366,0.01331456990947546,0.012866500205974032,0.011850781000000001,-0.010629050959999997,7.129877555778892,0.35871885025811306,-6.108646999999912e-05,0.002645312098500445,0.0016361182620929992,0.0016361600145588242,-0.008492630815454547,0.009313218938966226,0.04697551988,0.01264647182,-0.03432904806,-0.008336741387499999,0.37039034195523524,-0.24749962423490154,0.012604000363881592,0.007128204350667063,0.01029011575779221,0.004886919999999999,-0.0046425743000000005,0.4942433600278324,0.1898794756668923,-6.108645000000093e-05,0.0016351973990429488,0.0012244543786804213,0.001224524836013072,
173960.7806640625,154289.34597562227,324713.3,324713.3,0.0,290750.3,-1.9323697649493967,-0.23397297013678517,232524.31161243198,152895.21738052336,173960.78066406242,378.5999999999767,-313931.6,505.9078818270981,-22.535761463611873,0.0,13888.256919340616,1226.4964977921932,709.1487279843444,30251.979226256597,47959.1866015853,172397.37719567007,173960.7806640625,1563.403468392453,11886.861358766746,3.5523281374379847,2.215765799038706,492035.39067225705,434845.00106564735,918249.8913536835,918249.8913536835,0.0,656649.8310559315,430530.9668382243,492035.390672257,0.9941904994732432,0.9883767342356303,0.9825580632182467,0.976735009480908,0.9709071063231536,0.9650745052635247,0.9592371307214366,0.9533948580924767,0.947548193073652,282907.9162109375,250514.08457864932,509241.4,509241.4,0.0,497452.4,-1.9400498413008305,-0.2434759298895318,377881.19247601304,248649.53573226806,282907.9162109375,241.29999999998836,-501907.0,505.9873766642331,-22.538412533236357,0.0,22203.224938126732,1960.6390914556966,1035.0980430528375,49532.41066543439,77717.1143940535,280421.86525827367,282907.9162109375,2486.0509526638484,19675.785139182684,3.590506482587611,2.2189911939117772,800184.4240164382,706121.8860669894,1440270.2351277852,1440270.2351277852,0.0,1067194.0921975353,700161.3710143835,800184.4240164381,0.9941512338209058,0.9882998698172077,0.9824456837319736,0.9765883086080818,0.9707282516183121,0.9648649981083998,0.9589985491661688,0.9531288118413409,0.9472556156113049,0.8434776820173612,0.03835086739043462,0.17375867150000002,0.9007668765,0.727008205,0.85142948225,0.8009489145575777,-1.0967947550472859,0.8443490919584027,0.028678789581983,0.8434776820173613,0.03173400999999998,-0.027782228000000075,2.646659632691872,0.0795968804760913,-0.00011975000000008507,0.008457357804750217,0.005900481121277338,0.005901295062937074,-0.202002442265625,0.1268236387798648,0.45780800484999995,0.038799320349999986,-0.41900868449999995,-0.19088306367500002,-1.2012061169420267,-0.011273450789964199,0.23851461597697274,0.11312036001861979,0.2040814524517361,0.044188115000000035,-0.06442602700000002,1.5626388725545945,-0.7613376694512966,0.005269042999999973,0.01927809790047874,0.014352526192851487,0.014665726917482524,9.787704230555555,0.06572596326539161,0.36164790000000124,9.955737375,9.594089474999999,9.7909599,0.8613255396592825,-0.3608896916659566,9.787924908124412,0.04753126539351868,9.787704230555548,0.06382729999999981,-0.07951465000000013,0.9820572381769104,0.1260234065916047,-0.0011974500000011545,0.023118851806520235,0.017505394637879788,0.017501230944056128,0.018925100224305557,0.05142564737856142,0.21062625651999997,0.14331206493499998,-0.06731419158499999,0.0179014765025,0.06361520649385488,0.6809536000904335,0.05479741441714337,0.038540503464425176,0.04181254594555553,0.020952671,-0.035857775499999994,4.820143303738675,-1.328068275289349,0.00018325974999999078,0.008099189415790922,0.005401326434343001,0.005403805861083916,0.0025589126319618036,0.020693086159954084,0.10256423505,0.05508906155,-0.047475173499999995,-0.0001025923424999994,0.7280872818112663,0.15426809015520807,0.020850703793428578,0.015370336914736929,0.015285352227795139,0.008124505149999996,-0.00928514815,0.6574795088332723,-0.43643414400852176,0.00018325944999999968,0.0030963690620236495,0.0023041282159203392,0.002302491196975524,-0.008749499179340278,0.011001019266638767,0.042394031124999995,0.009714319765,-0.032679711359999995,-0.005710021504999999,-0.5484179328602421,-0.6175938777788006,0.014056178740832571,0.00894590826504147,0.010438384249965273,0.005497785050000002,-0.005497784999999999,2.044871339710501,-0.08550124224386585,-0.0001221729999999993,0.001650387305372676,0.0012167711635165531,0.0012174582335664327,
305270.287109375,91337.00169121134,338924.2,338924.2,0.0,332063.80000000005,7.244260497192791,-3.036572644360916,318641.48516754765,50083.406478881836,305270.287109375,222.90000000002328,-328362.3,249.989245375488,-15.873934967086745,0.0,20563.146502446994,2565.3945743944614,1383.7372549019608,63426.57023834325,98797.25337785603,287954.3191274002,305270.287109375,17315.967981974813,24262.39790187649,2.1543985794407625,2.035612951530929,863434.7604392136,245804.49760228602,958487.1309856619,958487.1309856619,0.0,897741.2971319937,140123.82613521552,863434.7604392138,0.9528475122453561,0.9056877320503651,0.8585181026095196,0.8113401623018042,0.7641553346063901,0.7169620329908101,0.66975894091058,0.6225514587523556,0.575335943162895,471863.41132812505,141074.65364157208,517666.7,517666.7,0.0,513814.0,7.27458679216328,-3.044847896179078,492500.9003548162,77415.09092102056,471863.4113281252,185.19999999995343,-510080.1,250.00081728129453,-15.874483891408858,0.0,31942.553657273613,3984.888279892342,2062.156470588235,97996.68673411808,152710.49391116138,444791.81129616505,471863.41132812505,27071.600031959977,37687.422102972756,2.1569076234111746,2.0367410165978304,1334631.2717757376,379429.6639751042,1464103.5166750513,1464103.5166750513,0.0,1387518.4688882465,216424.72653316765,1334631.2717757374,0.952459674291105,0.9049126760925035,0.857358610108433,0.8097957305873984,0.7622222965784449,0.7146409092683177,0.6670506245467801,0.6194529838815909,0.5718471474483758,0.8423213032245763,0.05160579105950097,0.21243822849999994,0.902323641,0.6898854125,0.8585546657499998,1.2370449663478098,-1.5074752558587254,0.8439006668659681,0.038011648658646924,0.8423213032245758,0.02598596650000007,-0.03376977700000017,2.481515827436702,-0.49693508522694213,-0.001077759000000178,0.009240523900088171,0.006465450875593552,0.006478835222222229,0.08321678410580508,0.12031131892354559,0.484871719765,0.352786389465,-0.1320853303,0.040535707915,-0.7757566955698554,0.39645943548220186,0.14628686413357583,0.10298412370831442,0.10844567681902542,0.05125342014999995,-0.05831872700000001,1.5301434920420345,-0.4775284155514895,0.00023950149999998893,0.018164499349174947,0.013025466955715536,0.01294845856551283,9.790601803389832,0.05829129231724744,0.24536970000000125,9.951186925,9.705817224999999,9.781799,0.501046205132111,1.0039522461740058,9.790775329221901,0.04484690221200816,9.790601803389828,0.08011340000000011,-0.07101235000000017,1.5563285832789786,0.08505996812602908,0.0010777499999985451,0.02388149746371972,0.017529601618087528,0.01753890982905987,-0.019139720802101703,0.03154864676914485,0.121073443615,0.041297606114999996,-0.0797758375,-0.009312560092499998,-0.7573236073225078,-0.3395316469476114,0.03690048814510017,0.026079109902503873,0.027464395639254232,0.016432269900000004,-0.016187922499999993,-0.10061934000559081,0.14381019672777695,-0.0004886919999999989,0.006731001162081658,0.005272529463529986,0.005287898146128204,0.0003798875508898307,0.02495636157098896,0.09859361205,0.0516682173,-0.046925394749999995,-0.00321800392625,-0.17098680736929506,0.3164598947500565,0.024959252741483577,0.018770823522187587,0.01869296005398304,0.007941245,-0.013072511000000004,4.122701788525419,-1.496691887892106,0.0005497785299999995,0.003270726308813255,0.0021310527168551378,0.0021166211480982905,-0.0109023742475,0.02973835559408232,0.11728608181,0.051986178309999985,-0.0652999035,-0.013009858459999999,-0.230155641263881,0.30765031022376704,0.03167383080198286,0.022168187738389838,0.02595944005182202,0.008429936999999998,-0.004581487449999998,0.7854606753725335,1.0599272413179195,-0.00024434599999999945,0.0031497529904702423,0.002335093867701803,0.0023374723544871794,
177363.04335937498,158991.90765713932,328923.2,328923.2,0.0,309392.85,-1.949114756175915,-0.21726943126959902,238193.35811511593,157963.96049194288,177363.04335937495,229.19999999995343,-319406.5,505.95464198198954,-22.53732105070377,0.0,14130.072720251266,1247.7966597860893,692.9802348336597,31004.303557638745,49000.89940356972,176922.60293926767,177363.04335937498,440.4404201073104,13096.916530318136,3.4862965344655867,2.2009565031862426,501658.44276519096,446137.2892246477,930138.9726405197,930138.9726405197,0.0,671341.6969281092,440511.25193557015,501658.442765191,0.9942259850194112,0.98844920521043,0.9826703303189025,0.9768889166069747,0.971104715263015,0.9653177048765763,0.9595279770321413,0.9537354658095069,0.9479393983092712,269385.86367187503,241380.59788979724,490996.6,490996.6,0.0,481732.75,-1.9513276344728376,-0.21980212775502997,361708.91139682755,239921.78483276127,269385.8636718751,145.10000000003492,-479328.2,505.98826459798585,-22.538442217398874,0.0,21204.378644388955,1872.3109922220171,988.2397260273971,47424.66810017961,74179.81465287448,268858.8234264729,269385.863671875,527.0402454021042,19919.64815520302,3.5180822137583387,2.2038843860120525,761938.2838327107,677446.6075517449,1388595.755442149,1388595.755442149,0.0,1019550.8101381236,669319.0408930813,761938.2838327107,0.9941401063094681,0.9882790725761709,0.9824167518131859,0.9765535501567952,0.9706889799136825,0.964823324215805,0.9589565448859468,0.9530883298292692,0.9472190404283743,0.8354705525352113,0.05614450848341279,0.23507117500000008,0.9578880975,0.7228169225,0.8183782057499999,-0.39260404792246195,0.5735290216128046,0.8373549127976353,0.04584120144048804,0.8354705525352114,0.026225466999999947,-0.024908202999999962,1.115369599738277,-0.028494076359188433,-0.00011975150000009815,0.008752994879931001,0.006349422031839442,0.006348500453900712,-0.19328314400070423,0.13823929744866933,0.6255791311350001,0.05412744538499999,-0.57145168575,-0.119331852185,-0.5065676649009387,-0.7003507025728846,0.23763096833935313,0.11976554351923328,0.19528517812028168,0.07436535849999998,-0.09472302650000002,6.896488780545413,-0.8597420088755524,0.002874023499999989,0.02037310571145948,0.01315833254567477,0.013435040965602836,9.780175669542254,0.05375674227626273,0.2954258999999997,9.93023045,9.63480455,9.7897625375,1.2044176797089854,-0.6893706258817193,9.780323405411828,0.0374469926353896,9.780175669542253,0.04945719999999909,-0.061432299999999884,2.0713571484974604,-0.22635390347934473,-0.00011969999999905667,0.01686538861202856,0.012000289608168556,0.012000578723404204,0.034501089369521135,0.047345636447330114,0.18814642281,0.13439343705999998,-0.05375298575,0.01426682985,-0.7630608525132074,0.611095009255789,0.05858271467153462,0.040481035368252156,0.041059891025253495,0.027061320040000003,-0.042760551,5.70361672506216,-0.7962322556280245,-0.000794124499999993,0.008880252643552869,0.005550449641301146,0.005633821764411345,0.0046539813678345065,0.023842135460706557,0.09456190409000001,0.06712310273000001,-0.027438801360000004,-0.0011716063225,0.18414119403648765,1.0909452079654902,0.024292117361375317,0.018255157546682457,0.016521173802165497,0.009468407949999997,-0.016371181999999998,7.8938215221648615,-1.5065046020332133,0.00012217301500000053,0.0032396846885277093,0.0020339614140083505,0.00203318404430851,-0.005091413208908451,0.025945065133196565,0.09896013225,0.0369588996,-0.062001232649999995,0.0009178638900000002,-0.27168511143301455,-0.5935361090812405,0.02643991099133391,0.02011819280952291,0.019353776652570407,0.005253439000000002,-0.006230823,0.6198119309664887,-0.6216682028499771,0.00012217301000000034,0.002238498882943373,0.0016237376459483919,0.0016168427148226957,
331614.2890625,30318.134825648634,342339.0,342339.0,0.0,335942.6,108.82436292065566,-10.211946000672372,332997.3363402979,9658.21229248047,331614.28906249965,220.60000000003492,-339968.1,249.99606631889242,-15.874258535098214,63.79999999998836,21289.896465246184,2656.47888658208,1418.8639215686278,50172.86668856082,114903.58590309873,328998.89134287415,331614.2890625,2615.397719625847,2701.1957271894075,2.1657530052137686,2.0408250035487145,937946.8501377989,43976.722582793336,246986.7418142117,968258.1799754711,721271.4381612594,938977.2339160001,26185.659527694632,937946.850137799,0.5205909967410673,0.04114803930100532,0.0407676933475356,0.04035672653538264,0.03994438385149358,0.039540426644702316,0.039111160131641724,0.03865986570599331,0.038181380546441525,505490.770703125,44865.367989507744,510671.8,510671.8,0.0,509875.69999999995,122.89204771215473,-11.172864750806479,507477.90150002914,7898.293292236345,505490.77070312493,85.5,-509950.3,250.00344482258296,-15.874608524220955,0.0,31934.342026449132,3983.9387066512845,2025.1752941176462,75621.4267692562,175493.44727683603,501671.91294190165,505490.770703125,3818.857761223339,4004.91968572664,2.1666642741678883,2.041240353484275,1429743.807165576,62570.62384617609,362563.06235644035,1444254.6050630761,1081691.5427066358,1431112.3076463337,21753.266528683656,1429743.8071655757,0.49972444274460304,-0.000551114096225892,-0.0005555976862349479,-0.0005449249029826145,-0.0005486612493477488,-0.000553133188828425,-0.0005802180904965256,-0.0006325958702250055,-0.0006513816896112478,1.0869570302795275,0.06668728140071775,0.22153930099999974,1.173439857,0.9519005560000002,1.1045830515,-1.1820094793891658,-0.43184093842578725,1.0890008168843164,0.059141866130944194,1.0869570302795275,0.04933740249999996,-0.05771997749999991,6.461908727734276,-0.7696197420784917,0.0010178825000000113,0.01239117990704713,0.00796194666943813,0.007979597035714272,-0.3137503998015749,0.11374690151748053,0.500559103285,-0.07975415621500001,-0.5803132595,-0.280935804,-0.2675850794653716,-0.5022744584067244,0.3337329336168,0.09189881411011906,0.3137503998015747,0.04706213650000002,-0.04083508400000002,0.06182476760601219,0.41732940064475194,-0.0004191284999999767,0.017381364440022178,0.013808021357962965,0.013744751553730165,9.75658483523622,0.10409095880213898,0.5552852999999995,10.033336,9.4780507,9.748089125,1.134590454567955,0.08791394236305919,9.757140081748634,0.07783642798065583,9.75658483523622,0.15783179999999852,-0.15998729999999917,10.644380992969898,0.07037654491812302,-0.00041914999999903557,0.030784310079955652,0.018566411372511922,0.018574709325396788,0.010554742694921257,0.04106174657119878,0.15369363613799997,0.09841348499999998,-0.055280151138,0.0010416020999999987,-0.5950081327738328,0.5363922367439468,0.04239657562626194,0.033500338879670764,0.03229270743507876,0.01527162495,-0.01808160349999999,1.6218933212489635,0.006558678189787953,-0.0001527160500000008,0.005377975052009032,0.00394201088287352,0.00394250339186508,0.0008158699931496076,0.03324558953583855,0.13017533464,0.08117299851000001,-0.04900233613,-0.00465353667,0.3595984950519653,0.9637996372072754,0.03325559903882623,0.024411421949500276,0.024186060802362203,0.0116064356,-0.009651667049999993,2.035047597034322,0.21368047777492707,9.162976000000322e-05,0.0034925674891137944,0.0024645378905284693,0.0024662462809126985,-0.009988722203937008,0.018622762958126718,0.069272093255,0.016861440945,-0.05241065231000001,-0.010871830825,-0.5132523994395162,-0.4506902651508845,0.021132483797746085,0.015364113007246574,0.01702290747299212,0.00940732155,-0.008307764525,1.3019239427065878,0.44153316248704877,-0.00033597576250000375,0.0025872489724977576,0.0019606704668927934,0.00194458697154762,
284826.736328125,126270.26196798348,347550.6,347550.6,0.0,340600.55000000005,1.281153451320547,-1.8086373828322517,311561.3082280827,93458.77285766604,284826.73632812494,122.90000000002328,-331049.4,249.98802588592997,-15.87387729255722,0.0,20731.475698120594,2585.9919261822365,1390.8231372549017,65286.827308411106,91311.05007563067,283952.69110501895,284826.736328125,874.045223106064,35891.95804220781,1.834608863756027,1.8858546364829853,805611.6668834,349870.87560755643,982728.3424349944,982728.3424349944,0.0,878305.0651209113,258187.4379386408,805611.6668834001,0.9762566272593688,0.9525061669456842,0.9287497569793977,0.9049859397489701,0.8812142343784553,0.8574342356507496,0.8336462221303721,0.8098493425062965,0.7860448162780234,427678.334375,189485.69191063463,515175.2,515175.2,0.0,511730.1,1.2900856838121468,-1.8134779145735929,467775.1437738288,140331.9534667971,427678.334375,95.20000000001164,-506684.0,250.0022600084487,-15.874552328038492,-21.399999999965075,31729.847712613548,3958.1876509034932,2033.77725490196,98099.7491185612,137020.6159374794,426262.57827581035,427678.334375,1415.7560991896041,54045.68391489559,1.8424348199467406,1.8888328931410032,1209657.0016125212,524595.124076726,1456951.9801114867,1456951.9801114867,0.0,1318510.5633840295,386432.0737883888,1209657.0016125212,0.9756809879484154,0.9513597211612892,0.9270366830621514,0.9027124091060124,0.878386495466885,0.8540585781218556,0.8297277621434084,0.8053953518389247,0.7810607960784772,0.8070399209205609,0.050050391430523145,0.21615052649999988,0.8915460689999998,0.6753955424999999,0.8170609509999999,0.6355308411302087,-0.9737278729096411,0.8085904251484883,0.03760827218743994,0.8070399209205604,0.03365002699999997,-0.026464965999999923,1.7721422255024315,0.5631724381009166,-0.0010178837500000593,0.010480912410083242,0.007476720266642927,0.007466360905660367,-0.48002013092990653,0.1752492305891512,0.5625901131,-0.23267615440000006,-0.7952662675,-0.4396058525,-1.3584004273727073,-0.2190945981917074,0.5110103902271009,0.15457754770381696,0.4800201309299066,0.048259648500000085,-0.06610253975000013,0.8317744700034337,-0.5313317138996528,0.003472778749999933,0.021906405985322692,0.01622429701310074,0.016626181152830186,9.775293853738319,0.1136688924025235,0.6072571750000026,10.06243545,9.455178274999998,9.76257895,1.1420316455637947,-0.08716403297292098,9.775954712662806,0.08247666526770887,9.775293853738317,0.07568264999999919,-0.0969983249999995,0.12907368874405512,-0.28365947706502087,-0.0001795999999991693,0.03567506454007387,0.027557413679245128,0.02755741367924512,0.040198051228037386,0.06314163020836412,0.23567172465,0.1256580677,-0.11001365695000001,0.05119362206,-0.32313081315828107,-0.7480102979596059,0.0748515115939666,0.05054308600765829,0.06642057021364485,0.016982048,-0.023457217000000002,0.05691072010616827,-0.26127870899860356,-0.0008552109249999953,0.00915062096591612,0.007117197271438231,0.007087763104622642,2.957144630841178e-05,0.03629184882568727,0.14056004088,0.0542949374,-0.08626510347999998,0.006647465844999999,-0.31732911069769854,-0.6819012852092621,0.03629186087343793,0.02934764356964538,0.029355658260700926,0.014110982250000004,-0.011117743749999999,0.2897730783667196,0.04516895136013089,0.00039706226000000146,0.005147417965841119,0.003888811500155749,0.0039003155081367927,-0.01857044287691589,0.014908721828790711,0.062124971735,0.024985944955,-0.03713902678,-0.0223560931,1.522763691619602,1.458530962295807,0.02381451942015746,0.010608669466888807,0.022347939529999993,0.007880158650000002,-0.004886920000000006,1.3282794374116813,0.8846346909979573,-0.00021380277500000072,0.0024347931575822547,0.0017530999490690637,0.001754796192358491,
170188.94707031248,166351.39313684232,346022.5,346022.5,0.0,318875.2,-1.9930766102538344,-0.04308091063976313,237985.42750233662,166200.1436233535,170188.94707031245,259.70000000001164,-320703.3,505.88511578655596,-22.535003524438327,0.0,14187.892351798526,1252.7620214383462,731.691976516634,29452.47389221118,48912.54233220397,169001.98831466676,170188.9470703125,1186.95875564575,8531.23259983805,2.8041266620035774,2.0550823869727606,481367.0342256656,467937.4108733386,978315.8546990342,978315.8546990342,0.0,671326.7774594253,466324.31440611335,481367.0342256657,0.9945753030548523,0.9891452353418372,0.9837096994890796,0.9782688554576331,0.9728226555292113,0.967371085300401,0.9619140328552278,0.9564510709162193,0.9509821632948112,264256.21035156253,258211.67707663492,529529.2,529529.2,0.0,501164.75,-1.9955619173822938,-0.04507663268127605,369465.30945150665,258062.70542144487,264256.2103515625,343.70000000001164,-500347.8,505.9480110436214,-22.537100261698342,0.0,22134.670172259543,1954.4468916709188,1085.9021526418785,45951.78219632303,75790.08989499339,261406.97661478847,264256.2103515625,2849.2337367740247,13399.652029487524,2.8177578328078443,2.056503180250734,747429.4332409946,726298.1443286614,1497388.3763683862,1497388.3763683862,0.0,1042189.8829532991,724072.2634522134,747429.4332409945,0.9944671371627823,0.988930882961785,0.9833911819060532,0.9778483205924932,0.9723020271876036,0.9667520299517667,0.9611986807367565,0.9556415025360373,0.950080317655088,0.5837686647435114,0.06369605331894343,0.2560275987999999,0.7317982489999999,0.4757706502,0.579714498,0.036644184858729556,0.7647627682177977,0.5872333787727261,0.048022076154699625,0.5837686647435116,0.05520520250000005,-0.053648440500000116,3.92923699422773,0.05876819221782275,-0.00011974924999993974,0.012981066765331695,0.008983662151088758,0.008976717994615385,0.13009070072683204,0.25023202161522534,0.8975336015,0.5385201595,-0.359013442,0.10154883161499999,-1.2302460902768866,-0.02343154750304669,0.2820277558277568,0.2249057963035814,0.23126291199454194,0.06442602750000004,-0.103225345,1.2582421585947596,-0.40523959820526206,0.005388794225000001,0.028121641079586247,0.020664583552077512,0.02114525974342309,9.800941464885495,0.10402981843893978,0.5628293249999974,10.074769749999998,9.511940425,9.8189819,0.42416497610374027,-0.4347779254204403,9.801493549517657,0.07989832770234848,9.800941464885492,0.13268409999999875,-0.14130609999999955,3.745477768701142,-0.03791306929091299,0.0,0.03522915609570087,0.023874656923076807,0.023874656923076807,0.02272264866774809,0.12568477553044924,0.4413499727,0.2361024602,-0.2052475125,0.030179862999999994,-1.1214986617155154,-0.01956813532163333,0.1277222829525738,0.10621349628938759,0.10933414794980914,0.031642807999999994,-0.032009327000000004,-0.39024668179875466,-0.24799339589200337,0.0015577053500000076,0.013579306610772121,0.011016614392111837,0.010923676144346152,0.005311490630209923,0.03296338973177657,0.12003497426749998,0.06913895699999999,-0.050896017267499996,0.0012107671524999998,-1.1010313800165505,0.13347159027588523,0.033388575820537794,0.028120991557492276,0.02784596296696565,0.012644905500000005,-0.015821404000000008,0.932806757420078,-0.017816001108771514,-0.0009773840000000047,0.004866584127897851,0.003654028212093787,0.003699962368749999,-0.02099353792465649,0.027643388107395812,0.09046910972000001,0.01637274897,-0.07409636075,-0.011116176915000001,-1.0564381282370279,-0.6023086792067831,0.03471146122896733,0.024223145406140085,0.025014031599770996,0.006169736950000004,-0.0068416881,-0.8052040919387773,-0.20143705653851549,-3.054326249999923e-05,0.003307790996481396,0.00271114906449231,0.0027089513965384616,
179183.32050781252,166427.18467895218,345947.5,345947.5,0.0,323772.65,-1.9746523747247646,-0.1458074037261339,244549.93385476,165884.5584388719,179183.3205078125,228.59999999997672,-322427.7,505.9158168097652,-22.536027242477108,0.0,14263.966130979627,1259.4481669417735,715.344227005871,31840.069412304027,49897.965428906864,176501.08143206112,179183.3205078125,2682.2390757513595,10381.55570110013,3.2728871873652183,2.1671404600041133,506806.9640263872,467478.66302657826,978404.2430466823,978404.2430466823,0.0,689485.0246167504,464442.079553835,506806.9640263872,0.9944384929032569,0.9888747682796989,0.9833088487395447,0.9777407100573191,0.9721701867644623,0.9665974041516526,0.9610221918149533,0.9554446529715154,0.9498653016001547,266861.801953125,247763.82163613907,503849.0,503849.0,0.0,488438.80000000005,-1.9772215658620287,-0.14824496273359555,364145.75742882607,247055.65258941514,266861.8019531251,143.39999999996508,-487710.7,505.9884878773261,-22.538449697510583,0.0,21575.202704686624,1905.0351982414345,1002.2025440313113,47835.01166387278,74016.14881762062,262800.20290080906,266861.80195312505,4061.599052315961,16684.098611764333,3.307694544639773,2.1713470818955845,754799.1592028647,695791.1891717139,1424928.7756924839,1424928.7756924839,0.0,1026570.577048816,691457.5321872359,754799.1592028646,0.9942344781401408,0.9884690129888705,0.9827041757630207,0.9769395713038213,0.9711748948260736,0.9654103327333545,0.9596457106737905,0.9538810605590042,0.9481162406599528,0.5774471011058395,0.026753191289579745,0.11999048300000004,0.6358777115,0.5158872285,0.5779182415,-0.3672129917302587,-0.24355540267036233,0.5780665081283592,0.021174772300602062,0.5774471011058399,0.01939965999999993,-0.017244141000000046,0.6251661096319747,0.29376620332704195,-0.00017962750000000138,0.00642374681887686,0.004926274141598184,0.004919475996323532,0.1817225519868613,0.2351370937684168,0.8241262565,0.4224814645,-0.40164479200000003,0.27770252604499995,0.028897367969347165,-1.096421429748439,0.2971742565675478,0.19160713492515424,0.2733451648985401,0.06502478249999999,-0.06035449300000001,1.536864331029749,-0.4501484250184012,0.005867798750000014,0.022361596848433977,0.01552476694233997,0.016554692681176465,9.803753242883213,0.05080118700264012,0.2445314249999999,9.93298465,9.688453225,9.803054974999998,0.008072201527024259,0.2165296423329573,9.803884863050154,0.03920912896265136,9.803753242883207,0.03951782499999901,-0.0475411500000007,-0.19928084913749977,-0.11594711282424018,0.00047896249999901386,0.017135346924392624,0.013833720915333067,0.013834756801470609,0.054693831569197084,0.05999243331611266,0.264809971835,0.185583913885,-0.07922605795000001,0.03726589896,-1.0049771415549225,0.14694077101298494,0.08118193929013963,0.05398454433803775,0.061803028792934304,0.035979947,-0.040744694,2.594065223750844,-0.07845462156078357,-0.0003054325299999992,0.011928165465003705,0.007693953037659168,0.007696449865735291,-0.001020004418558394,0.01539801955456432,0.08625413963,0.042810675209999996,-0.04344346442,0.0016994595099999996,0.8885724818940228,-0.04045400627814032,0.015431766432156227,0.011642516108389359,0.011502074915821166,0.008857542949999998,-0.010445791950000005,1.983855751040128,-0.3231937799241525,-1.0842021724855044e-19,0.003263708737227919,0.0022090749480844496,0.0022080973521875005,-0.0024931708632846684,0.022097710706084257,0.07629703962500001,0.038180629125,-0.0381164105,0.00024591223499999986,-1.0057398647054059,-0.05318323441874653,0.02223791175905063,0.018622299093934147,0.018320210932262767,0.0035430171499999975,-0.002565633124999994,-0.7524087795629155,0.3487690150768153,-9.162976000000062e-05,0.0015415311076563052,0.0012686083644447453,0.0012706890573897067,
327795.951953125,46977.21161055359,346716.8,346716.8,0.0,334211.2,43.306680636434166,-6.621223787220596,331145.05058593006,15077.886193847662,327795.9519531252,249.90000000002328,-319204.7,249.9619701604772,-15.872641131333305,-112.60000000003492,19990.247498488447,2493.40465667051,1423.7411764705882,52966.59336781809,112212.40440366775,321692.62825219514,327795.951953125,6103.32370092985,6370.224143139471,2.164361668089259,2.0401954379905227,927146.9618862178,108071.48214708589,641883.5698879521,980557.701393447,338674.13150549494,933424.3055482924,42619.26009491216,927146.9618862178,0.8147134453198471,0.6293563559890483,0.4439223077955154,0.2584164458126855,0.0728348059638636,0.07237898587960491,0.07190272432708314,0.07141253113808294,0.07090354686238795,486924.99921875,68933.20498846544,506088.5,506088.5,0.0,494643.4,45.626813918367105,-6.878368069476868,491780.17610936845,19020.50778198243,486924.99921874976,343.70000000001164,-488433.7,249.99155242786355,-15.874044363526401,-53.40000000002328,30587.28011954399,3815.7324813533146,2043.217254901961,78145.0981032142,166889.4579169142,478129.8615554924,486924.99921875005,8795.137663257668,9547.264785337087,2.1660205747599752,2.040946471267053,1377231.87550733,155017.0473281853,912896.9515987452,1431042.2441459275,518145.2925471823,1385928.5421246607,53692.9114350094,1377231.87550733,0.8044768933253301,0.6089147346450094,0.4133221570055256,0.2177006009510612,0.02203937541493156,0.0218494221335594,0.0216584759530965,0.021456964705510763,0.021245374890005483,0.576638338232,0.0874644389842834,0.32368689685000007,0.790715727,0.46702883014999996,0.5260660635,-0.176136502293744,0.9695241310908935,0.5832339163712943,0.07465209238355197,0.5766383382319998,0.02430944749999986,-0.05017566335000023,3.695118895554266,-1.0363501877524386,0.0003592534999999897,0.01097418380981033,0.007728486698673263,0.007672754501612907,0.15288751559039998,0.26374792731672353,0.8950188243500001,0.5292993270000002,-0.36571949735000003,0.14885047606500007,-0.9446549375775861,-0.3794578518483811,0.304856624640621,0.21474182838609596,0.26361789541400005,0.07879614699999998,-0.039757326499999995,0.5006244797166461,0.6644380929658097,0.004849914367499986,0.025767254107323025,0.018262460807700318,0.018764206160241933,9.801499960400003,0.11837717384846384,0.5836663749999964,10.026270699999998,9.442604325000001,9.813592875000001,1.1258027281505782,-0.9822559029901131,9.802214781824029,0.0835628882527994,9.801499960399997,0.11076964999999994,-0.07532340000000204,2.1685950182090075,0.3949967489800096,-0.0022153749999995753,0.025871872301388696,0.019264378180280945,0.01932529798387094,0.06522934148576,0.09023801083612665,0.4094628004,0.29022508295,-0.11923771745,0.04520714155,0.03677492227152346,0.4984582063030921,0.11134525400899133,0.07056680325880064,0.082942346841136,0.033169968999999994,-0.0408057815,0.42192894157387295,-0.1676202640707581,-0.0002443460250000024,0.014779485965068017,0.011142438181286672,0.011139418817362908,0.00584601156992,0.03554111097987026,0.14428631575,0.09522289365,-0.049063422100000004,-0.0003774815100000003,0.09785973072354981,0.741916793187638,0.03601869543666307,0.026757881544533763,0.025545209392479996,0.0105068785,-0.013622289500000002,1.502262578177893,-0.01643411433689386,-0.00033597572500000065,0.004151316690956918,0.0028464338849343122,0.002831654893931451,-0.006366579493920002,0.030744402287361836,0.119485197055,0.029200913454999994,-0.09028428360000001,0.0031169780249999997,1.1766032022630455,-1.4885351667576223,0.03139668145615938,0.022698336609158393,0.02003905397096001,0.009773841000000005,-0.009957100099999998,1.1226173631645704,-0.4982883813550593,6.108645000000006e-05,0.0036303596584325425,0.002516417424071281,0.002516369749919356,
257693.84707031248,162403.3592024614,380933.2,380933.2,0.0,351964.19999999995,-1.0817871150904943,-0.9450472369859712,304599.68794820085,145959.40556716916,257693.84707031248,450.4000000000233,-349389.0,505.82898379787434,-22.533133055174435,30.5,15457.396910855528,1364.9073862309024,835.7694716242662,38834.672830285,67664.18096785744,257018.64971710497,257693.8470703125,675.1973532075333,11924.909154219245,5.481182509908223,2.5774326040953417,728868.2669338685,457518.7225949972,1077101.5358132585,1077101.5358132585,0.0,860565.1236647574,409988.40015030117,728868.2669338686,0.9928004828978323,0.9855946184889923,0.978382535843485,0.9711639563495579,0.963938724842731,0.9567072974574022,0.9494686452209706,0.9422238632725493,0.9349727388684301,380320.258984375,239575.61247981107,555253.9,555253.9,0.0,521586.55000000005,-1.0805360745011272,-0.9480822503363343,449488.5688079493,215415.7716903678,380320.25898437493,504.0,-525858.7,505.9100861696514,-22.535835821736104,14.300000000046566,23263.730576600257,2054.3398133432293,1198.327397260274,57596.76606254897,99678.68489560412,379046.8722965059,380320.25898437505,1273.3866878691579,17934.887705482728,5.512164108106731,2.5830625994888115,1075708.1366019023,674819.6303344254,1570223.4861004378,1570223.4861004378,0.0,1269854.1367559612,605085.8268385701,1075708.1366019023,0.9925973361687047,0.9851905865855782,0.9777794466607138,0.970363654223022,0.9629434575762387,0.9555186876949594,0.9480894960204578,0.9406558102940833,0.9332175450896333,0.6117436376448088,0.03703443638552624,0.17052539899999986,0.7067702979999999,0.536244899,0.6164780535000001,-0.8524503507748973,0.12404373463962474,0.6128636289398293,0.0317524006832691,0.6117436376448088,0.031374754999999865,-0.030177250000000044,1.1223513056879657,0.12245395591786595,-0.00017962575000002312,0.00957124540191775,0.00703569915659341,0.007038331041208797,0.5627517463196722,0.07251313296580067,0.30045522299999994,0.7490424004999999,0.4485871775,0.5524112889999999,-0.6812688711981147,0.41619592264034017,0.5674043376978682,0.062312750440741776,0.5627517463196723,0.053408937000000045,-0.040475831500000115,0.9037704423181956,-0.009162259920046701,0.0014968864999998777,0.014243605861699348,0.010774356384887093,0.010801933370879115,9.789707555054644,0.05838509474554301,0.2896776249999995,9.936098200000002,9.646420575000002,9.7953907,0.13286334649011566,-0.4913822572741225,9.789881655708738,0.044179261194720904,9.789707555054651,0.06250999999999962,-0.07268885000000047,0.3961685760335172,-0.3245051781987057,0.0016765249999997067,0.02221598057882479,0.017250142929597916,0.0172500634615385,0.005752273101639343,0.043381215192382416,0.18136582185,0.06640415925,-0.1149616626,0.013014556014999998,1.2275991803731685,-1.2877476550367843,0.04376092409220393,0.031210884525909897,0.03306847571953007,0.020097458500000012,-0.016798787899999994,0.860433190703088,-0.016072895662039895,3.054324999999863e-05,0.00639923498274836,0.00481878517575824,0.004818785175758243,0.0013883523736475413,0.018464598121155716,0.08087852708,0.04262741508,-0.038251112,0.001027507685,-0.3585740063790257,-0.011530732259009411,0.01851671963629627,0.014764418855359224,0.014792528069166666,0.008124504499999997,-0.005803217499999998,0.06796153453167975,0.34589148390337726,-6.108645999999916e-05,0.002584753215265132,0.002073754297632834,0.002074591552293955,0.0017623929037978141,0.01928819228168631,0.08051200948500001,0.030605903685,-0.0499061058,0.0031780643400000004,0.6268408532624687,-0.8116709117534767,0.019368541252315834,0.01437644876680671,0.014560481524344257,0.005803217699999991,-0.0056199585000000045,0.6356017774414706,0.6004071855234053,-0.00018325950749999978,0.0020543201002222837,0.0014978770025332083,0.0015016538759615391,
