136072.952734375,124336.12879233788,341853.7,341853.7,0.0,192427.1,-1.6365912717278173,0.017734371868491458,184323.95771824208,116850.79639129575,136072.95273437502,5576.099999999977,-276614.5,491.2470044614678,-22.04353165970657,0.0,12330.93828995368,1566.6735069182255,1444.0352250489236,24937.43159057323,37195.16442004516,134266.5908893979,136072.952734375,1806.3618449771016,7232.986423079042,3.3971231969062394,2.124376521523486,384872.43045821256,348318.61852829455,962747.9443170576,962747.9443170576,0.0,519088.2851117634,325907.4656549068,384872.43045821256,0.9939033043182293,0.9876468634318762,0.9812319102394959,0.9746608803507041,0.9679368875995407,0.961063720176536,0.9540470490407907,0.9468925761580608,0.9396064378534348,131759.7408203125,118592.68341446693,322447.8,322447.8,0.0,191379.34999999998,-1.6923519391709088,-0.054637244283604565,177270.5668194241,112716.34077987602,131759.74082031252,5313.700000000012,-259352.3,494.22197327923874,-22.143140658486224,0.0,11542.50797460822,1376.0331501487883,1224.4675146771035,23959.781899910762,35893.18630659359,130103.53632559054,131759.7408203125,1656.2044947219551,7355.883729478323,3.514343159727897,2.1514624733175713,372672.8248856998,332360.92437763215,901375.0708633789,901375.0708633789,0.0,499348.39387089404,314442.69599730923,372672.82488569967,0.9940506783070391,0.9879737223470455,0.9817677397688361,0.9754333578643446,0.9689714694500426,0.962383847367797,0.9556732492981118,0.9488434140807668,0.9418977131468782,
228784.81171875,140724.60417552415,507797.8,507797.8,0.0,153403.59999999998,-0.7613128740481585,0.6573980913324894,268599.8963021799,117517.21004638656,228784.81171875013,8289.299999999988,-412770.6,492.2750221627503,-22.076361589888066,23.39999999999418,18388.618991320818,2093.4392576621526,1926.4941291585126,37209.17179111234,58085.713788491994,222454.1489847563,228784.81171875,6330.662733993707,13452.432028235726,6.140332999359327,2.71352933231049,647101.1671952626,397781.52605605964,1434593.1222690118,1434593.1222690118,0.0,759585.4547428873,332367.57117979357,647101.1671952626,0.9888980404305245,0.9775728699466053,0.9660215862290886,0.95424354552952,0.9422389901309342,0.9300083043517394,0.9175512359058731,0.9048671928303552,0.8919578943365194,226074.92714843753,121766.38736077987,475365.3,475365.3,0.0,163766.65,-0.490356331090835,0.5322456652119293,256781.86418839407,98751.84307708747,226074.9271484376,7758.0,-376088.2,492.65250561790805,-22.08920134838462,28.60000000000582,16750.92476364746,1917.1639561735706,1737.3992172211351,34953.66558051421,57055.917215391746,220359.02121682526,226074.9271484375,5715.905931612245,13146.498980772241,6.711140472246928,2.8417667409224574,639436.4561716595,344177.00088133314,1343035.7695147889,1343035.7695147889,0.0,726179.5848252964,279210.94546170725,639436.4561716596,0.987185454481218,0.974130172557123,0.9608316162490239,0.9472886240899541,0.9335004110865346,0.9194664017971748,0.9051860193026825,0.8906597874189705,0.8758894571213424,
135728.7109375,124156.10498087725,279710.0,279710.0,0.0,209235.35,-1.9159326453487089,-0.145045349308391,183948.42042479748,122473.95401000977,135728.7109375001,1397.1000000000058,-208273.6,503.32293616377007,-22.449586932431174,0.0,9226.263999726101,956.9402483905834,672.8602739726027,23814.774881042234,37757.79113381268,134624.84419957543,135728.7109375,1103.8667379245658,8953.268621839901,3.3375005060056724,2.1728083808019725,383898.76762245997,350307.3951390079,789894.9491938858,789894.9491938858,0.0,519705.23844879656,345607.13823750836,383898.76762245997,0.995028080735246,0.9900424217919644,0.9850441580472735,0.9800348562175195,0.9750161288684285,0.9699897288640837,0.9649576920860905,0.9599220936378243,0.9548837674849412,166979.5771484375,154205.55200749138,368795.0,368795.0,0.0,243655.3,-1.8599869475556299,-0.08945365341128804,227291.73204189833,150672.97781753537,166979.57714843744,3558.2999999999884,-239732.4,497.83948597200475,-22.266044859312892,0.0,10648.13527376761,1232.1688328399657,937.6579256360079,27508.105646669053,47782.151786524206,166507.75288080392,166979.5771484375,471.82426763356824,9261.004097996542,3.0925514190896326,2.1415985490476643,472289.5652852898,435213.73194295506,1040648.6609635125,1040648.6609635125,0.0,642237.0480975715,425363.7247005737,472289.5652852898,0.9960508139651383,0.9920567625766263,0.988018269401214,0.983936103663991,0.979811803928419,0.9756467770004357,0.971442589046143,0.967201173097542,0.9629247497528738,
362454.7015625,194627.81679072432,624261.8,624261.8,0.0,334424.0,-1.2124178380495492,-0.22680781440199632,411404.1780943464,177199.59771728527,362454.70156250003,12234.099999999977,-504596.3,244.38453510324763,-15.60533634183119,65.0,31799.4092711885,4369.431391003469,4104.185098039215,87706.95004234507,116736.08800198103,344212.329189236,362454.7015625,18242.372373264006,29863.67983112473,1.4410891171158733,1.7595251356827222,1025176.7093911605,543648.1474891532,1752521.589342631,1752521.589342631,0.0,1160405.3575136906,497779.4485893255,1025176.7093911606,0.9786027691886076,0.9568506536437127,0.9347449849010755,0.9122864682331486,0.8894762310832843,0.8663160611855744,0.8428083655815851,0.8189555632063716,0.7947638177394286,461547.793359375,260916.94780209378,803941.3,803941.3,0.0,460653.69999999995,-1.379036397909903,-0.1858071599643965,530192.4360128773,240450.97382812516,461547.7933593748,13334.099999999977,-646212.1,244.51640531263016,-15.612274414744093,115.20000000001164,40722.70372991786,5752.351391003458,5400.319215686274,112378.0094514705,149731.04194889357,438388.2586200113,461547.793359375,23159.534739363702,34015.038361176725,1.288036016344975,1.7054514226125865,1305454.298104406,729620.0624052394,2249677.230263089,2249677.230263089,0.0,1495512.0728043264,675913.9886082635,1305454.298104406,0.980239851481043,0.9601526950022642,0.9397383427194346,0.9189961697826209,0.8979255152181421,0.8765275395465015,0.854804777821163,0.8327574507253964,0.8103889894127868,
250163.383203125,140324.12386669253,530522.9,530522.9,0.0,179872.8,-0.8496925562621374,0.3736690951504437,286831.96829256753,122315.80121917733,250163.38320312506,10978.799999999988,-411486.9,481.7298458530379,-21.720380209643036,68.39999999999418,18428.135711597333,2547.568338050167,2313.676320939335,40184.11626821916,62637.73641907141,244990.49724746653,250163.383203125,5172.885955658484,17717.72291350185,6.74126237661565,2.846140121002324,707568.8986699942,396464.181419935,1493927.0533191392,1493927.0533191392,0.0,811071.879375711,345516.66309621505,707568.8986699946,0.9881963567527122,0.9759449792154994,0.9632509358613163,0.9501193937847091,0.9365554467283171,0.9225663151808265,0.9081631434973243,0.8933573313852864,0.8781625642514365,367576.3064453125,188735.3594620637,763086.8,763086.8,0.0,290703.7,-0.4563324475208943,0.33957627686464453,413198.95567541395,157183.42409820578,367576.3064453123,14447.300000000047,-552123.0,483.04103079410646,-21.763923503301285,151.09999999997672,24709.53568707636,3406.310334289468,3090.743052837574,56446.710133822475,92285.08124350855,360266.2266269185,367576.30644531245,7310.079818393955,22217.111739457796,6.961496321846248,2.898279204397142,1039662.79556394,533277.2836217218,2151348.5522615453,2151348.5522615453,0.0,1168453.4178591755,444505.4660885536,1039662.7955639401,0.9877101943981236,0.9749941878168287,0.9618547081951947,0.9482961891116618,0.9343232140451747,0.919942771857051,0.9051640777376249,0.8899972597368953,0.8744545355314991,
222499.13671875,98805.86896794048,354840.2,354840.2,0.0,187091.6,-0.833669596720835,-0.2317338731762832,243451.15646284944,88755.02901611327,222499.13671874994,4965.5,-329662.1,247.16268027596524,-15.739030918516594,84.60000000000582,20715.11204555273,2671.012752018452,2241.495294117647,49949.996727174745,71996.72661036004,211794.39741887705,222499.13671875,10704.73929987295,16225.14967065551,1.758720055616406,1.8767142767990688,629322.5935279236,269964.03121906763,1001685.5923958933,1001685.5923958933,0.0,684782.815845113,246296.25176616933,629322.5935279237,0.9670571590117395,0.9337891321381879,0.9002034709607082,0.8663074460140068,0.8321125165864135,0.7976331721765535,0.7628835456712745,0.7278739351907291,0.6926204338522844,398169.58945312497,186013.57294056614,663046.2,663046.2,0.0,370366.65,-1.0562914701793296,-0.22105405093612102,439477.042953765,170649.93998718247,398169.589453125,9981.400000000023,-545185.7,245.08989934400515,-15.63980731595737,126.89999999999418,34329.78975446092,4778.2070403690905,4262.720784313725,89608.16951267069,129783.01872941981,380309.1687732753,398169.589453125,17860.42067984977,24387.973457090466,1.6148185763687204,1.823880672211293,1126193.6670582735,512171.9335236947,1869010.1129879295,1869010.1129879295,0.0,1237187.2393504395,475503.1466374622,1126193.6670582737,0.97266746368518,0.9449315660757803,0.9167978600001658,0.8882745472102438,0.8593706667259574,0.8300955388297996,0.8004608880064982,0.7704774350000899,0.7401549042516398,
337741.59140625,187494.4246617783,542658.7,542658.7,0.0,400194.05000000005,-1.015647223087037,-0.5575407250282278,386294.63087762124,167225.2403808592,337741.59140624997,9363.700000000012,-450979.7,245.17214534032752,-15.643642158047905,147.5,28395.10679438673,3996.3917108804335,3666.5945098039206,81018.09555849269,110060.86257636387,331943.39730657684,337741.59140625,5798.194099673161,27865.016737648806,1.2999019444346924,1.6988415790112417,955277.4782883825,520892.7499436199,1532466.4588588104,1532466.4588588104,0.0,1088064.482220074,467721.2863193664,955277.4782883825,0.9811879836116106,0.9621139322381008,0.9427800922046681,0.9231875567753279,0.90333946560974,0.8832386813123153,0.8628896771080792,0.8422973429304459,0.821467358613947,531958.85625,295739.2799290075,856391.0,856391.0,0.0,646697.6000000001,-1.0213561401284943,-0.5748418032903094,608639.422347695,263209.2341308598,531958.85625,11281.20000000007,-701395.4,245.81991624008165,-15.67514465767167,267.0999999999767,44135.29518587847,6232.365204152262,5767.785098039217,127396.986215486,173596.30122654547,521004.9481557523,531958.85625,10953.908094247623,44351.053276626706,1.2833336081490758,1.695930658915952,1504606.8582664598,822088.7609551039,2418207.1866581207,2418207.1866581207,0.0,1714547.0914591888,736244.1469344436,1504606.8582664598,0.9813576737863036,0.9624826519473019,0.9433747776402976,0.9240351978220002,0.9044652378881894,0.884665724570016,0.8646403827866767,0.8443912756144983,0.8239221717150474,
326804.649609375,152807.79560848654,566187.5,566187.5,0.0,373402.5,-0.5881033603630215,-0.5643532844211828,360765.1610189533,130579.93954467778,326804.6496093748,11906.799999999988,-334631.6,233.4287978196911,-15.073489425662158,-212.79999999998836,21324.18459896613,3808.1795709342623,3797.3486274509823,74704.03318494654,106134.53308192962,314021.32618418196,326804.649609375,12783.323425193048,25294.86102618747,1.5998250995083954,1.8165301692340663,924343.1354483308,423211.0363935045,1585893.679478313,1585893.679478313,0.0,1016620.7814990383,368131.0191275913,924343.1354483309,0.9791520476908954,0.9575997468641795,0.9353460097716593,0.9123974317141269,0.8887640144445326,0.8644550279954444,0.8394829918517992,0.8138638045146726,0.7876163978011008,567097.291015625,268698.3969538847,1002842.0,1002842.0,0.0,635815.8,-0.564320847275062,-0.5162849121178168,627533.3983166533,223929.9510040282,567097.2910156251,18577.699999999953,-562939.1,232.68079194606824,-15.039380965517255,-900.1999999999534,35903.20038698227,6819.442451364857,6838.495294117652,129718.55840914077,184525.02327984938,543540.4862837656,567097.291015625,23556.804731859378,41934.598289114954,1.5630625277759425,1.8029384823142325,1603993.3602786781,745457.6776366483,2814850.7099027475,2814850.7099027475,0.0,1768757.1481030146,632717.1355897458,1603993.360278678,0.979887637083985,0.9590953993537522,0.9376273793333425,0.915488380518187,0.8926849929268559,0.8692244125453625,0.8451172768780693,0.8203769386077434,0.7950192402136201,
218026.97421874997,133166.7151893778,400148.8,400148.8,0.0,191076.9,-1.1402826233260996,-0.35312908062369985,255478.24862659507,116871.7353088376,218026.97421874985,7053.0,-340984.3,244.94662026370895,-15.63262176704832,67.20000000001164,21473.89811357765,2966.4070465205614,2564.789019607843,54899.3303939441,70417.60113816448,213148.5557789854,218026.97421875,4878.41843976458,28603.004535873,1.2006382807439016,1.6486829462638737,616673.407806651,372123.04468842817,1128558.0144782553,1128558.0144782553,0.0,720251.1036326524,327846.1875494091,616673.4078066509,0.9813688364830457,0.9624717168168168,0.9433064881519615,0.9238731863497691,0.9041731613683665,0.884207657786292,0.8639814898271322,0.8435022822628914,0.8227776157956308,358305.86171875,222576.0091540209,674670.6,674670.6,0.0,328626.35,-1.1851723181597162,-0.3092766592107921,421809.40055070707,197710.00114746118,358305.8617187501,12503.600000000035,-524757.0,242.98460753594114,-15.538048444356448,0.0,33112.77205599783,4786.165982314479,4356.126274509804,89711.43175238969,116754.16690499171,349327.1755176354,358305.86171875,8978.686201114537,38074.739568938916,1.0887197529413433,1.6139229516988136,1013442.0182408702,622984.0208096247,1895794.8582398682,1895794.8582398682,0.0,1189610.782785805,554505.008150109,1013442.0182408702,0.9833497432986714,0.966354162466115,0.9490107974056284,0.9313191265444424,0.9132795274954614,0.8948947236067849,0.8761698172042017,0.8571130714720222,0.8377330901901322,
258490.64218750002,145348.87889838166,487053.7,487053.7,0.0,227181.3,-1.2274841871997482,-0.08045478009452224,296553.04533172905,133473.31895751943,258490.6421874999,12047.600000000035,-339800.0,236.77625180729808,-15.235146178691506,23.89999999999418,21580.459736283035,3438.645560938101,3248.0070588235294,63637.47869823913,83246.29434679178,245889.7296735597,258490.64218749997,12600.912513940286,20068.702885826726,1.3514146302388514,1.7243853776683067,731121.943856187,406601.2009560762,1366966.5964425195,1366966.5964425195,0.0,836578.6474725333,373918.8017244406,731121.9438561872,0.9816709239877986,0.9626915673521145,0.9430721472473855,0.9228258788862576,0.9019690673399698,0.8805219646848003,0.8585031944479445,0.8359308988955909,0.8128261037963512,386826.898046875,224964.653360444,741745.8,741745.8,0.0,335308.4,-1.2419715354827299,0.004564684933678705,447486.47388960497,205974.41675109844,386826.8980468749,19333.400000000023,-492411.7,232.9853908142996,-15.048062705261783,28.199999999982538,31397.805577281117,5241.3874755863,4993.379215686276,96194.69887506885,124813.71298994236,369666.9414290149,386826.898046875,17159.956617860124,31765.87895395174,1.267366284043093,1.693357801803228,1094111.6910172105,629934.788094591,2084637.977204063,2084637.977204063,0.0,1262496.8236286049,577188.64800927,1094111.6910172103,0.9833194558581804,0.9659111009396807,0.9477826712445313,0.9289462659322939,0.9094162288631924,0.8892146962330908,0.868361119345072,0.8468772292169138,0.8247859369483053,
157463.334765625,47617.42442984782,187838.2,187838.2,0.0,168251.95,6.831075216675494,-2.9209994957975587,164505.6865425738,25833.828359985353,157463.33476562504,513.8999999999942,-168589.2,249.4392440112653,-15.847918101485115,50.20000000001164,10563.390640951102,1375.8619761630116,865.7482352941176,32818.25704024414,50913.20996985424,148142.25206634557,157463.334765625,9321.082699279437,12497.802681022253,2.1567526890779325,2.03668534953151,445373.5672040836,128335.86209025812,530257.3246021267,530257.3246021267,0.0,463495.1001494408,72335.65887500002,445373.56720408367,0.9538038321770762,0.9075709638550482,0.8613035085636312,0.8149962638538572,0.7686600448279769,0.7222942881039294,0.6759011121551329,0.6294841856581673,0.5830437276252174,214224.115234375,68043.24736113465,271148.6,271148.6,0.0,224946.25,5.13953161023278,-2.442476598282484,224770.67215141605,40496.99782409665,214224.11523437483,841.5999999999767,-209707.8,248.68566336642266,-15.81227449461083,0.0,13150.676458829923,1794.8077662437502,1243.3792156862744,45248.026429829726,69109.01226515275,201396.39555378354,214224.115234375,12827.71968059145,16206.214095284313,2.132631043558022,2.026068981393009,605917.2983036599,185592.73594915593,765571.7487132747,765571.7487132747,0.0,633703.7446794041,114539.58502455542,605917.2983036597,0.9613396204625118,0.9225950130089553,0.8837648592881554,0.8448512294291312,0.8058578653800158,0.7667853949517595,0.7276402681993811,0.6884267997601977,0.6491468194434672,
129277.815234375,47347.590696799794,161689.1,161689.1,0.0,133805.9,3.157046027415652,-2.107035565033601,137675.5165472964,28508.314224243193,129277.81523437504,113.19999999998254,-134295.4,249.20337174481256,-15.836816697725585,0.0,8417.21973375495,1131.5988158400642,682.4615686274515,29004.956937018975,41060.03393766319,122265.7403709976,129277.81523437501,7012.074863377413,13569.577541429102,2.1107819523210285,2.0154243568100463,365652.87923683255,129629.60260770933,457305.7543832136,457305.7543832136,0.0,387950.8499364556,80199.19810557005,365652.8792368325,0.9687860560421921,0.9375335534830074,0.906244266156151,0.874919281126884,0.8435586727884112,0.812163594608883,0.7807401369189587,0.7492935280429944,0.717824248208467,164403.640234375,57698.367483122805,188844.6,188844.6,0.0,184091.75,4.225072321208776,-2.489013893518759,174234.492947095,35963.296301269555,164403.6402343749,152.89999999999418,-187624.9,249.97174139606116,-15.873104962262806,0.0,11749.900231726624,1465.7614302191462,807.4078431372546,36360.73558119674,52384.662594660535,155598.3717521076,164403.640234375,8805.2684822674,17092.401078150448,2.1273809330103868,2.0229110146871894,465003.7154459204,156317.76162329642,534113.9910527352,534113.9910527352,0.0,490574.86480396474,99678.30150265916,465003.7154459204,0.9631398349474483,0.9262954197954409,0.8894665193184135,0.8526552444091218,0.8158599369881105,0.7790837052823685,0.7423288540086579,0.7055943352308365,0.6688806375919287,
97393.321875,45648.17705469504,129034.3,129034.3,0.0,117212.1,0.742294327538239,-1.6227454669691355,107560.28641773015,34620.28238525393,97393.32187500002,202.3000000000029,-127329.4,505.78231764752616,-22.531573813889384,0.5,5633.407651507445,497.4957326296979,311.7729941291585,13507.276184304183,24951.399554299056,96886.03043751321,97393.321875,507.29143748677996,4070.264346227594,6.852673095636268,2.8693973121861345,275469.9133603865,127255.00181434394,364811.66192061355,364811.66192061355,0.0,303442.76009413623,96260.4613772511,275469.9133603865,0.9878541177564899,0.9756952952193994,0.9635270245695237,0.9513480938204715,0.9391586254222283,0.9269602662106964,0.914751886298375,0.9025332574661807,0.8903036690050563,115588.984765625,54038.70858765598,150247.5,150247.5,0.0,141134.25,0.7721590518050108,-1.6431081867366721,127597.00398116521,41088.27192840581,115588.98476562506,250.70000000001164,-147490.4,505.8352388326993,-22.533338017733545,0.6999999999825377,6525.198600612582,576.2535690350411,351.6847358121328,15957.039277011938,29647.167926151058,115035.11297135738,115588.984765625,553.8717942676346,4767.234815438288,6.836550058459357,2.866136609663865,326935.01983296796,150739.39179625176,424725.17304394033,424725.17304394033,0.0,360012.3212228813,114443.5502561947,326935.019832968,0.9881696403507968,0.9763270789483599,0.9644734357881122,0.9526099896208424,0.9407354635903517,0.9288518361153156,0.9169569708225738,0.9050516718194774,0.8931341230881215,
255754.844921875,135346.567259483,474402.5,474402.5,0.0,295536.25,-1.2781123494684108,-0.044530093528244316,289360.04211006407,122350.73082580566,255754.84492187505,8907.799999999988,-293604.5,236.42764412894564,-15.220952782999795,21.19999999999709,18655.316914414907,3364.7047843137207,3277.5741176470583,57535.707438527206,85296.49786866733,247188.36692956812,255754.844921875,8566.477992306876,9917.08483382104,1.2330879640310988,1.6843786458887648,723383.9406622868,375559.00463364855,1334410.7638405878,1334410.7638405878,0.0,815063.7346671214,340946.259840652,723383.9406622868,0.9813919517641916,0.9622082728685897,0.9424525306314122,0.9221287519384125,0.9012439134198242,0.8798046415615081,0.8578174605517536,0.8352856342875263,0.8122129040681032,337638.084375,189301.31883741386,637770.2,637770.2,0.0,395934.5,-1.3703174210359717,-0.05277854820810969,387084.5712941861,171760.67658691417,337638.084375,11860.099999999977,-391343.0,235.2876512064116,-15.165685111649353,4.600000000005821,24898.10303334727,4570.579792387547,4481.797254901959,77293.883632489,112940.0290925658,328088.4865945364,337638.084375,9549.59778046355,14355.490247989314,1.1063853688624947,1.6398663105443692,954984.7161935929,526152.2521476789,1799394.5311412984,1799394.5311412984,0.0,1090335.7283898531,479720.613425477,954984.7161935929,0.982882080053638,0.9651967237460122,0.9469471534400036,0.9281364328232573,0.9087699875086319,0.8888541589622685,0.8683948968125421,0.8473997006210947,0.8258759474820526,
278771.749609375,139502.82357533742,498669.2,498669.2,0.0,315307.85,-1.2334869573673222,-0.11728938713789772,311728.6097966688,126715.24260864255,278771.7496093749,9102.299999999988,-307492.3,236.76730771977682,-15.236923395122508,68.89999999999418,19529.323497801062,3495.821038062288,3408.5117647058833,61378.60111996845,92993.54277607528,272164.2596612734,278771.749609375,6607.48994810161,11205.15648820995,1.3307477926915814,1.716626038744678,788485.5782081096,386764.8937823331,1406016.4270121905,1406016.4270121905,0.0,878234.9287660087,354230.08853735967,788485.5782081094,0.9801636109166353,0.959684060241234,0.938564673277116,0.9168078368907161,0.8944183704451062,0.8714002614408474,0.8477578491155876,0.8234981571770861,0.7986283720402888,357876.541015625,169724.20944186303,610434.7,610434.7,0.0,413117.1,-1.137605193897811,-0.23421289676909673,396083.231000725,153461.81575622564,357876.541015625,9671.600000000035,-405485.2,240.56223851629528,-15.421761619875332,40.5,25652.532125888185,4256.237776239912,4136.18431372549,76856.32282268148,119642.2700896938,353843.37512838,357876.541015625,4033.1658872450016,13470.489621475981,1.4093607376888713,1.7449096408549603,1012227.7159189363,469187.1240606219,1722661.8488313463,1722661.8488313463,0.0,1115679.8403927286,428497.8997738699,1012227.7159189364,0.9774463114906132,0.9543608060684328,0.9307451612832665,0.9066016718036356,0.8819318241968024,0.8567372965208281,0.8310198662008104,0.8047828082990065,0.7780314974699959,
245228.496875,126169.99500534545,396266.8,396266.8,0.0,255565.25,-1.4168353800563513,-0.20904701305156906,275782.3114690658,117908.47426757803,245228.4968750001,5129.0,-344011.6,246.5111441302709,-15.708021902416615,93.89999999996508,21636.005604572623,2868.8444013840813,2641.085490196079,56111.89688995159,80570.98498043386,234139.55931043375,245228.496875,11088.937564566257,13321.135009154465,1.3944182533194285,1.7442201169436444,693610.9323219864,348756.35496788233,1120176.2888921215,1120176.2888921215,0.0,776355.0222463037,329123.5341032642,693610.9323219864,0.9760226937443991,0.9517703968588029,0.9272392785458153,0.9024287080839174,0.8773375832979169,0.8519658296139865,0.8263119120830194,0.8003749773932721,0.7741562511933946,314712.9703125,163422.82623254083,508473.1,508473.1,0.0,377104.1,-1.44261103964009,-0.2918024758401034,354614.260594167,153223.67630615228,314712.9703125001,7756.399999999965,-430363.5,246.04161249693135,-15.685430100171597,42.60000000000582,27080.89841331839,3675.7506405228755,3432.562352941176,71540.44171219763,103940.92776949827,301751.0505770657,314712.9703125,12961.919735434325,16217.23385675296,1.3400506440760136,1.7249238111576204,890142.7017413176,452405.8881745872,1434945.1200246867,1434945.1200246867,0.0,998511.4506696302,428255.3669126073,890142.7017413175,0.976890798128062,0.9534898593933354,0.929793911015711,0.9058022830105097,0.8815164543899998,0.8569389189429893,0.8320687643368143,0.8069087403683176,0.781459749317839,
387833.84960937494,241365.74202871142,675278.0,675278.0,0.0,382175.25,-1.708512526973105,-0.08412096687585165,456806.8698343949,230288.43632812495,387833.8496093749,12641.099999999977,-595436.6,245.1031081206805,-15.640036513823672,159.60000000000582,37514.192418496765,4967.821296424452,4759.40862745098,94696.11515572286,128249.9202967847,370523.74182086356,387833.849609375,17310.107788511454,22784.23951411361,0.9775117051447646,1.5969177174490519,1096959.780129891,682167.1064853226,1906466.5491368745,1906466.5491368745,0.0,1291771.1563559454,651354.059825855,1096959.7801298911,0.980815054582804,0.9613150124889395,0.9414988251830109,0.921368830743707,0.9009262359003647,0.88017231342739,0.8591103521685097,0.8377416916135172,0.8160711153547421,449696.923046875,274184.2115629157,754134.3,754134.3,0.0,503625.7,-1.6916670601478838,-0.18259516054876515,526691.8496314564,260920.30826415995,449696.92304687493,13812.700000000012,-683111.1,245.5970535643348,-15.663877857738921,25.0,43017.420786858056,5547.981687043451,5320.145490196079,108451.20927799109,148967.04312063934,431861.04486647825,449696.92304687505,17835.878180396776,26328.51296816705,1.010924126852501,1.6076026590869181,1271934.9750606816,774956.3554117923,2129988.871656226,2129988.871656226,0.0,1489421.3418558715,736191.3750167476,1271934.9750606818,0.9801910154371867,0.9600817110313157,0.93967252102208,0.9189651590206889,0.8979623186656795,0.8766646430607858,0.855074942611523,0.8331955725004604,0.8110301262602015,
457268.59687500005,330175.3985490775,940528.4,940528.4,0.0,441934.05000000005,-1.6206989037866086,0.04718735702863993,564012.7334511813,310854.76325683575,457268.5968750001,17315.399999999907,-616613.9,235.8544327236409,-15.192171943593308,82.09999999997672,39216.41368337258,6939.72479815455,6762.829019607842,119285.93777124211,152400.9839645563,439295.9970046423,457268.596875,17972.599870357648,34732.516666531614,0.5656647757819311,1.45340251585816,1293350.9026958812,932825.9011010112,2645001.2215433447,2645001.2215433447,0.0,1594653.792918439,879077.4219516504,1293350.9026958812,0.9876073999325402,0.9747020977879117,0.9612857841610445,0.9473604999274826,0.9329291234891831,0.9179950919344646,0.9025628980622935,0.8866395582990223,0.8702456218443269,617623.8367187501,461277.6959811942,1287430.0,1287430.0,0.0,568710.8500000001,-1.6592537105775416,0.07237660286876699,770867.2495915936,435716.3849487309,617623.8367187498,27836.900000000023,-873801.9,236.15196265606951,-15.206039052064263,119.5,55562.88067140212,9571.472707420211,9363.30745098039,163383.63610818912,206395.97833664384,590527.6478772657,617623.83671875,27096.188841484305,47644.41417058225,0.46998451411775033,1.4224497193729413,1746904.0126651248,1303202.5021299014,3630394.9676346825,3630394.9676346825,0.0,2179451.8556332346,1231139.858009414,1746904.0126651248,0.9875717752721376,0.9746458594107882,0.9612283733947603,0.9473245384739014,0.9329380086857522,0.918072679379847,0.9027345816012065,0.8869311354622363,0.870671227256418,
496203.244140625,278337.0132276126,853947.2,853947.2,0.0,485780.6,-1.2326859924419622,-0.2293995118243871,568936.8615480533,232949.5792755126,496203.24414062506,2937.20000000007,-143007.0,374.6951621122312,-18.06676829552316,-547.8999999999942,6922.567169576573,2282.3918849881848,2188.6320939334646,72973.34294146537,128458.32584716774,485892.45240846847,496203.244140625,10310.791732156546,22980.240964891447,6.10148626591457,2.7153311974781333,1403474.7151144,787047.9366025635,2414123.8571288027,2414123.8571288027,0.0,1609094.6928244461,658570.9673755388,1403474.7151143993,0.9955368525441259,0.9909679410091221,0.9862937470114184,0.9815149219637385,0.9766325622786136,0.9716474004999309,0.9665602976409364,0.9613726626073897,0.9560856839685015,571428.1333984374,320811.1965646215,1008979.9,1008979.9,0.0,527723.15,-1.2359589364906374,-0.06926995152985875,655324.2979475481,272803.15828018216,571428.1333984375,3751.6999999999534,-199896.2,410.6784275660686,-19.308482139275966,-378.30000000001746,9411.757258671963,2762.654607634012,2616.179256360079,84400.01061234988,147737.7449331313,558959.0561838737,571428.1333984375,12469.077214563882,22728.372238154825,6.121655962632321,2.719095243001955,1616242.8323472254,907153.3537505297,2852756.7952538496,2852756.7952538496,0.0,1853420.6485130715,771577.8225967165,1616242.8323472254,0.9953372521252889,0.9905689733033446,0.9856954114550802,0.9807171350310482,0.975634760225956,0.9704491245481515,0.9651609849547536,0.9597705253474988,0.9542784583669872,
228847.62187499998,89152.28701144949,353948.3,353948.3,0.0,252795.05,0.7145699805125019,-0.9391987043131573,245600.008789118,73156.2270996093,228847.6218749999,5344.799999999988,-259940.9,244.7450357419235,-15.622920520938816,60.09999999997672,16367.721765149032,2265.625128796621,2116.27294117647,49734.51239181564,74271.32381353293,218146.27021903018,228847.621875,10701.35165596983,13175.68902901224,1.8733868772576399,1.9202601130841204,647278.8211449097,243853.53220623083,989326.815429654,989326.815429654,0.0,691689.5383567683,203285.77496993003,647278.8211449097,0.9694408377243223,0.9384312328181207,0.9069752068766852,0.8750775560084367,0.8427455973425368,0.8099845392964867,0.776799927215,0.7431987063096891,0.7091872511960776,300079.850390625,127897.58230994067,483618.7,483618.7,0.0,340630.5,-0.12752075729893297,-0.6292937332625983,326198.8782494323,109313.7972473144,300079.850390625,8343.799999999988,-340254.3,243.01724898550802,-15.539431642838885,70.89999999999418,21464.305290053704,3170.2912264513543,3010.4564705882353,66048.48938527025,97836.82507230177,288515.782833774,300079.850390625,11564.067556851016,17382.426196802913,1.7251347957778833,1.8628455099847354,848753.9884346225,351740.4288005318,1356705.9820727557,1356705.9820727557,0.0,918751.6868754372,304382.31971497426,848753.9884346224,0.9740146018473074,0.9475379211712741,0.9205740249889788,0.8931266759507069,0.865203453692371,0.8368131300275561,0.8079633790101242,0.778663220358508,0.7489187175493651,
288211.232421875,160332.5747237578,512218.0,512218.0,0.0,209666.45,-1.3033220226950135,-0.18345412242562806,329806.3810960689,148864.95397949225,288211.2324218749,14518.100000000035,-419902.3,238.38283414631968,-15.312991847349203,82.10000000000582,26624.66516716422,4039.569384083042,3736.258823529412,72010.73977846051,91711.44984969911,271703.0469767895,288211.232421875,16508.185445085528,25115.56987029583,1.4703280982092677,1.7676054679222917,815184.46743856,447280.5322994348,1434189.682495006,1434189.682495006,0.0,929830.9472840503,414420.9745871115,815184.46743856,0.9789020565922038,0.957083075941257,0.9345594147057319,0.9113558341678449,0.8875020259883522,0.8630333780363595,0.837992088854941,0.8124240505995952,0.7863762111694245,367316.168359375,217497.45590125365,656039.8,656039.8,0.0,252786.95,-1.4768396707324492,-0.09163663109905212,426879.73817192414,204762.1820068361,367316.1683593746,20342.099999999977,-548130.7,237.39997094421182,-15.264458439621608,103.20000000001164,34794.33435256716,5372.466943483288,5013.237254901961,93416.57643875186,117252.39170370525,346737.0104071667,367316.168359375,20579.157952208312,33458.613848809946,1.318221908841088,1.7129714345101175,1038927.0139454948,607299.2213160706,1838677.8130147778,1838677.8130147778,0.0,1203404.2066225328,570769.0829048863,1038927.0139454949,0.9805178065524013,0.9603135117218237,0.939401387586706,0.9178017839225237,0.8955424405814537,0.8726562035593726,0.8491855593209918,0.8251734348040094,0.8006666949324949,
448156.462890625,304656.5298189023,915118.5,915118.5,0.0,581454.0,-1.5864102085782512,-0.14856785092371522,541903.8811375424,286919.027218628,448156.46289062494,20891.099999999977,-702118.8,238.69638588565044,-15.331513358886015,67.19999999998254,44527.715855788556,7157.113377931582,6830.398039215686,114082.11029995815,148452.12758923174,434009.42984698113,448156.462890625,14147.033043643854,29975.981593235472,0.7659377262377669,1.5047823627135124,1267577.8957701535,852694.4442301661,2562902.482647663,2562902.482647663,0.0,1527691.5713147342,800939.894070269,1267577.8957701533,0.9832832310055302,0.9660489302077849,0.948307833835379,0.9300748019006381,0.9113613707982418,0.8921862214790522,0.872565903203858,0.8525157909775244,0.8320533075772907,689425.2007812499,484608.42360939,1546964.7,1546964.7,0.0,980062.9,-1.4237721562388765,-0.011753646853587346,842705.4240394117,449150.3374389658,689425.2007812504,44599.69999999995,-1010269.7,229.44213404877922,-14.87774021763108,145.19999999998254,64699.74729804849,11901.785934640524,11524.30470588235,178355.66306506842,228647.73460891718,671277.9466616635,689425.2007812499,18147.254119586436,54090.293570172675,0.6795497179691181,1.465502374753025,1949988.938373276,1357696.4231281383,4306253.604145085,4306253.604145085,0.0,2376088.474184637,1253209.6526713422,1949988.938373276,0.9853028707493795,0.9698336172076752,0.9536035421862048,0.9366278214568382,0.9189271388857448,0.9005235247324146,0.8814412173954145,0.8617064808214091,0.8413485143539287,
517786.790625,364469.29076518124,962893.7,962893.7,0.0,591485.9,-1.7679103971256087,-0.1212649011320257,633199.0401576837,349126.0894287114,517786.790625,18648.800000000047,-825413.7,242.8054714432926,-15.529383737366913,55.10000000000582,52132.94655554634,7122.086966551311,6974.813333333333,132292.87194738744,172989.47096401086,505049.95915474405,517786.790625,12736.831470255955,31927.33836954478,0.630685740526022,1.4686777811259772,1464522.2034390266,1010338.0024381862,2719856.853547297,2719856.853547297,0.0,1779215.6034434629,953397.221695073,1464522.2034390268,0.9838489584501869,0.9673437747710946,0.9504866939083542,0.933279017261695,0.91572291122914,0.897820798876604,0.8795765027601123,0.8609930454089324,0.8420749112853739,650206.122265625,468261.7378267693,1249435.6,1249435.6,0.0,691602.2,-1.7736491438502893,-0.08351127785135533,801272.1488634478,448162.9719177244,650206.1222656247,28863.5,-1054967.2,242.09378154505978,-15.494749307442572,86.79999999998836,66683.24583763651,9322.303572472125,9126.305098039214,167462.80871949942,217758.81952542803,635225.9430574819,650206.122265625,14980.179208143145,40757.252611820186,0.5642603113615228,1.4454901497159631,1839060.6328921318,1298271.2268646285,3516779.4188413452,3516779.4188413452,0.0,2251144.6399461315,1222740.4541322705,1839060.6328921323,0.9840942751034304,0.967815175666372,0.9511655275894827,0.9341481533849423,0.916767886901722,0.8990296941547855,0.8809390829609055,0.862503467268866,0.8437288245786697,
432427.2724609375,358445.87937809515,1142522.7,1142522.7,0.0,272468.2,-1.0091461132903745,0.6471806624476901,561673.2096256164,310898.6138328555,432427.27246093785,23099.100000000093,-883414.8,483.29178211950693,-21.771917759591158,21.599999999976717,39534.33835605569,5359.989764132318,5033.654598825833,80269.79659859734,112693.84728956597,425745.12013341684,432427.2724609375,6682.152327520682,38831.25463092765,4.43308263254517,2.2944344679031725,1223089.0269085271,1000801.0655858249,3209315.425022505,3209315.425022505,0.0,1580363.7368092733,859925.8310806557,1223089.0269085274,0.9924316511671899,0.984525947730852,0.9762836594930729,0.967708827650238,0.9588066719877801,0.94958392663641,0.9400503363689328,0.9302153819286636,0.9200898238791775,507832.492578125,446446.10183914023,1397756.4,1397756.4,0.0,285407.05,-0.9164266037234428,0.7574624100853182,676171.5480301395,380306.99724883976,507832.4925781251,29828.899999999907,-1119158.6,484.5063198020821,-21.812254693996454,86.5,50056.3141481267,6454.254648994145,6101.319178082191,96859.80509485948,133598.14020109683,498127.8524917313,507832.492578125,9704.640086393703,41750.898650762916,4.014451297146327,2.2030363583074384,1436367.1968354373,1246103.0026097093,3928115.524983518,3928115.524983518,0.0,1901558.1551080223,1052521.7992366683,1436367.1968354378,0.9924281077686289,0.9845521886819494,0.9763737615141269,0.9678963543526014,0.9591256246003876,0.9500665450332096,0.9407269443489295,0.931114106518881,0.9212371288566907,
507398.59453125,347434.172632119,957109.4,957109.4,0.0,550641.95,-1.7169754198870133,-0.1065709353139824,614950.2728228136,330235.02278442425,507398.5945312504,18392.699999999953,-803915.9,242.94387330054596,-15.536326955018179,71.5,50764.46608892801,7155.8403383314035,6879.34705882353,128880.47407603265,168659.33788690274,494772.0323572223,507398.59453124995,12626.562174027651,34415.774652416854,0.7241232062884801,1.5019648307967153,1435139.9478302817,966216.9649762457,2690264.151911928,2690264.151911928,0.0,1730087.250188906,910808.2806678455,1435139.9478302812,0.9832588186216003,0.9661625341788951,0.9487098892932839,0.9309010022217092,0.9127381634913617,0.8942259782765534,0.8753698285827987,0.8561767973916216,0.8366533711223147,607882.6742187501,429920.71828325803,1174708.4,1174708.4,0.0,632247.6499999999,-1.7443807069287542,-0.07128311910019056,744548.9706020227,409926.48613891535,607882.6742187501,26282.899999999907,-980042.9,242.07232442175777,-15.493863964472405,77.70000000001164,61945.483312647186,8830.194980392158,8527.725098039213,155979.16212425107,202847.3953408903,594005.6860282236,607882.67421875,13876.988190526386,39198.64765382994,0.6271800529174922,1.4676046527085396,1719351.8444235646,1196107.0716456126,3312269.0056370776,3312269.0056370776,0.0,2094479.1456978882,1130357.5062189011,1719351.8444235642,0.9837766434577788,0.9671737932837009,0.9501903090590326,0.9328282172903823,0.9150897201306675,0.8969809799845382,0.8785095598921752,0.8596842269367462,0.8405128557220283,
431590.46679687494,288177.30772242096,775899.9,775899.9,0.0,289944.9,-1.7442735048866536,0.06573532733658671,518957.1193423281,276614.3384216308,431590.4667968751,1966.4000000000233,-189746.6,174.8641150216954,-12.296512562417302,0.0,13136.397932548882,4713.85740561322,3312.1756862745106,112638.02075081052,139675.91182410918,404523.8909269888,431590.466796875,27066.57586988622,38607.28512025907,0.9642507840106163,1.5913658678862834,1220722.1830701516,812914.5116443561,2191435.8499005735,2191435.8499005735,0.0,1466626.2821460478,781949.4064998775,1220722.1830701516,0.992207900671354,0.9840467035007093,0.9755193452238284,0.96663142866526,0.9573877345418327,0.9477952154674595,0.9378625729828715,0.9275993081845598,0.9170157037560507,455524.966796875,319583.41513803124,844321.5,844321.5,0.0,273231.8,-1.7755576278694822,0.11637792151525873,556449.9569652077,307709.54363098147,455524.96679687477,1955.6999999999534,-186467.8,157.29825736093375,-11.446996749687653,0.0,13297.863964414677,5000.354069973084,3629.4305882352933,121751.2213507725,147303.90136507672,424534.89594937855,455524.966796875,30990.070847496456,43850.89468710403,0.8522852934735603,1.553350596844906,1288419.172087389,901795.2623109553,2384121.5638904306,2384121.5638904306,0.0,1572659.7400991856,867908.484382012,1288419.1720873893,0.992433756544233,0.9844806137734807,0.9761446098825426,0.9674329181576358,0.9583526729812132,0.9489143418185398,0.9391295898534163,0.9290110367588431,0.9185732746189162,
492483.90742187505,374247.2055036426,920550.9,920550.9,0.0,319555.19999999995,-1.8446091754883152,0.09417973074089812,618547.7911178761,362762.3266357419,492483.9074218749,906.5999999999767,-147626.0,103.39484325283844,-8.678444256830913,-14.599999999976717,11796.511951627986,5455.581803921565,3714.2066666666665,133949.21121165005,161968.8516961816,463883.5388458483,492483.907421875,28600.368576026685,37507.52272238027,0.5414470162928029,1.446430918282699,1392954.8422530228,1056889.1194603492,2602101.2299054516,2602101.2299054516,0.0,1748524.4646243344,1026046.8044925705,1392954.8422530235,0.9937148991985097,0.987049054861431,0.980004599547492,0.9725849424905112,0.9647960299720293,0.9566441143309542,0.9481368593462196,0.9392829262240616,0.930092204264699,560994.6742187501,422317.57363982947,1054498.2,1054498.2,0.0,332975.1,-1.8213802677999267,0.1254463750942411,702187.4091058841,408210.9073608393,560994.6742187501,858.0,-187869.1,126.0434674824281,-9.863766364995222,-153.80000000004657,14266.846692681274,6134.303329488671,4247.664313725489,153410.92680662396,183088.80493738913,526582.0904888907,560994.6742187501,34412.58372985939,51409.46874188762,0.6132468876933901,1.4714970993688292,1586732.553398465,1192515.084485619,2980021.449467736,2980021.449467736,0.0,1984896.0735363842,1153713.4110012467,1586732.553398465,0.9933311987626657,0.9862994230722493,0.9789072752051096,0.9711586861516105,0.9630587901393458,0.9546134457774617,0.9458296871685034,0.9367150482726924,0.9272784411415115,
221539.5173828125,249329.7286614099,689946.3,689946.3,0.0,142507.25,-1.3158377864354343,0.6130885091774451,333534.21317247476,225333.93224105964,221539.51738281245,11692.899999999965,-526558.1,487.4279055433488,-21.91114725195309,0.0,23523.41284269872,2637.442201125142,2460.0342465753415,44227.33913852338,64526.67612818075,215863.11287462767,221539.5173828125,5676.404508184854,12063.116641691715,2.1238563127620376,1.8949044775161987,626608.3801687271,700283.6352507193,1945086.0345195155,1945086.0345195155,0.0,939699.5434167446,632352.8897122735,626608.380168727,0.9946851507480027,0.9892019600520279,0.9835524077879129,0.9777389181792522,0.9717646957911789,0.9656331701283914,0.9593458967847728,0.9529060304595383,0.9463159915280552,284241.5009765625,318701.48759993725,907476.4,907476.4,0.0,183891.9,-1.268644907598066,0.6170597584064068,427040.8283476208,287691.6840713502,284241.5009765625,14860.799999999988,-661256.1,485.0123085231745,-21.829278643909447,0.0,29577.074232299827,3509.7386407067816,3288.412915851272,56302.62098363988,82927.38627480212,277122.22994149476,284241.5009765625,7119.271035067758,14063.417959707289,2.1327511342321017,1.8973249494000746,803956.3713406802,895294.5459007883,2560195.5011125854,2560195.5011125854,0.0,1203286.4043688737,807434.0536402181,803956.3713406802,0.9948247798601897,0.9894645002177944,0.9839218440500587,0.9781995349381971,0.9723015461477634,0.9662313043174603,0.9599923902361231,0.9535880771446903,0.9470222156865178,
430046.68476562505,230500.28026952024,860312.7,860312.7,0.0,467200.9,-0.7077991288207484,-0.10205522758673803,487924.7178430625,186406.6104492185,430046.6847656252,19021.0,-442291.3,223.17653470156745,-14.576031908480482,0.0,28509.75474643998,6213.8719999999885,6184.6035294117655,103034.04054773296,139527.36562456048,412270.70950490533,430046.684765625,17775.975260719682,36257.302046693185,1.3762780151717555,1.7283492253233863,1216355.7080982681,646351.2153951915,2408241.9307908583,2408241.9307908583,0.0,1377421.9042348936,524812.4193264359,1216355.7080982686,0.9826143233937839,0.9643561283062686,0.9452323422138745,0.9252527266641152,0.9044302605619936,0.8827819125073955,0.8603281806817512,0.8370931198777128,0.8131050041112478,586004.386328125,303053.50737559405,1144347.9,1144347.9,0.0,625914.45,-0.6413882388583945,-0.16132313270719048,659729.1634666846,241803.6890716552,586004.3863281249,23615.599999999977,-585446.7,224.3608279848728,-14.635337420748657,-51.89999999990687,37685.45428682676,8198.120123029606,8155.920392156866,138040.2492709332,190593.87548964174,562602.5749847132,586004.3863281249,23401.81134341169,45016.1379104791,1.42179081723042,1.7472127293137185,1657470.7015107144,849792.912257977,3205361.0010593976,3205361.0010593976,0.0,1862621.0350176748,682365.3552877039,1657470.7015107141,0.9819719207906764,0.9631013102628512,0.943393447963635,0.922857846280561,0.9015071512857002,0.8793567226386821,0.8564273310457883,0.8327422920044356,0.8083296804874405,
526580.817578125,385112.1219936402,990388.6,990388.6,0.0,524287.65,-1.787242671044869,-0.03249209240796321,652379.2638854265,368412.17539062456,526580.8175781252,19257.399999999907,-872932.1,243.5882709875072,-15.567270849418419,19.0,55092.4400950745,7425.475555555567,7205.618431372548,137956.67944293955,175407.15775172174,500876.9766588073,526580.817578125,25703.840919317736,35914.91722128379,0.5524220044772252,1.4503913101887658,1489395.4678089945,1071792.3091592696,2798828.1652158075,2798828.1652158075,0.0,1834948.9402985938,1018239.2262036592,1489395.4678089945,0.9842449201932221,0.9681678427827322,0.9517710473207325,0.9350551121415982,0.9180237666405191,0.9006790932768755,0.8830245449312873,0.8650629012840172,0.8467973653051417,644774.340625,473733.06420156424,1221146.1,1221146.1,0.0,615048.2,-1.7900841519319772,-0.02009239364033654,800098.0980143667,453707.75063476624,644774.3406249997,26514.300000000047,-1064710.7,243.08625601257378,-15.542804722334365,26.89999999999418,67230.32352208837,9099.17388081507,8882.856862745099,169263.86669748582,214861.55650489722,612749.8061686974,644774.340625,32024.534456302583,42771.40132138919,0.5386008943405285,1.4454131171225086,1823697.2343640896,1318725.761961811,3450365.8639873,3450365.8639873,0.0,2250535.3225152874,1254784.0393160132,1823697.2343640893,0.9844482066976915,0.9685584315751321,0.9523315403245733,0.9357697808763141,0.9188765608577154,0.9016548704204272,0.8841082215711393,0.8662401809748775,0.8480569785916656,
96092.0701171875,99283.53775559111,292851.6,292851.6,0.0,140153.90000000002,-1.5542569332665948,0.25544988183205936,138169.84768274284,94590.63152160714,96092.07011718747,6316.1999999999825,-201197.1,483.1026416795201,-21.76651292268526,0.0,9004.208448932086,1097.3347023027482,880.2825831702545,17956.7135947062,27510.956192682515,94924.96001552652,96092.0701171875,1167.1101016609746,7592.618792013964,2.6520849124989887,2.0407197769755894,271789.417592466,278409.151390194,825406.0992324478,825406.0992324478,0.0,389077.297067125,263295.99829270144,271789.417592466,0.9947898216683193,0.9893816405450896,0.9837802381560103,0.977991722837618,0.9720240886086149,0.9658864289804145,0.9595883929622742,0.9531406262750951,0.9465531615105797,111047.9447265625,118201.56472538256,389786.1,389786.1,0.0,153077.95,-1.0675999748722167,0.4592468845004329,162182.78555852495,109312.8205902107,111047.9447265625,9380.600000000035,-217453.5,459.13040850947806,-20.944929231159676,0.0,9855.504052958757,1446.762759027454,1232.6285714285705,21220.09210779187,31995.520158796116,109716.71897098019,111047.9447265625,1331.2257555823114,7440.559739627533,2.4757637435236353,1.9947310875091318,314091.0190119251,331808.97719524585,1083395.0690085315,1083395.0690085315,0.0,456892.0721256878,304453.78114162106,314091.0190119251,0.9955470281618124,0.9907531952037112,0.9856247081144951,0.9801706210894793,0.9744018616714532,0.9683314447654575,0.9619732536298427,0.9553428871877294,0.948456080052306,
453978.283203125,335200.2512355649,871371.9,871371.9,0.0,419052.65,-1.788944660528651,-0.029428106885079117,564318.6068600279,322095.0891906738,453978.28320312494,19503.900000000023,-787757.7,242.53531436760665,-15.516207762022836,37.29999999998836,49766.79912343877,6957.719849288735,6655.924705882354,121179.60416165272,149836.85777660224,431562.46474962705,453978.283203125,22415.81845349796,29023.665551791815,0.5893623096382647,1.4496643671028104,1284044.4902574266,931528.868792479,2443869.152407552,2443869.152407552,0.0,1586353.140493708,890959.2918541734,1284044.4902574264,0.9838100317311975,0.9672037295632062,0.9501825654663403,0.9327487353629847,0.9149063737245906,0.8966633012898216,0.8780285304604019,0.8590140928921262,0.8396334753879557,609002.253515625,445146.2549823743,1240837.5,1240837.5,0.0,566895.75,-1.7508841744493597,-0.028081889241938756,754346.6929150963,426996.66841430735,609002.253515625,34217.79999999993,-999376.5,238.57000684634596,-15.32325265424502,48.39999999999418,63390.43396644973,9567.392310649779,9225.210980392154,160509.21427120123,202074.93146076612,585091.3029557387,609002.253515625,23910.950559886245,41975.89417553013,0.5823426154932192,1.4416817993938726,1722518.49287515,1238424.7752586028,3481393.2145710187,3481393.2145710187,0.0,2121500.8560618586,1180814.6076681057,1722518.4928751497,0.984619439066628,0.9686893065515471,0.9522128946120292,0.935196160334083,0.9176487685458843,0.8995843506563518,0.8810207650198447,0.8619787758322681,0.8424789728046819,
657092.469921875,401390.1160927823,1133021.6,1133021.6,0.0,886397.05,-1.5537567272294919,-0.3750372818530313,769989.9605352057,374309.2589965817,657092.4699218752,19835.599999999977,-875046.4,242.2341414599884,-15.502462311236561,16.20000000001164,55301.96833120649,8428.489725490163,8314.123529411763,158517.06171697364,218146.75942229127,631468.368441829,657092.469921875,25624.101480046058,44972.984671757105,0.9751996695289771,1.5982495239644439,1858538.1653935015,1134288.02960365,3194215.9021723866,3194215.9021723866,0.0,2177331.726293992,1055578.6653899043,1858538.1653935015,0.9821448006953172,0.9639189130019258,0.9453220319866605,0.9263532409958796,0.9070139295306553,0.8873067564685485,0.8672352600113873,0.8468039336924655,0.8260171053438572,879564.5281250001,522380.3375846157,1525069.9,1525069.9,0.0,1146558.7,-1.4916346478080773,-0.38498070935268747,1022993.1457398778,483196.40141601575,879564.528125,25799.5,-1125997.1,241.73410587780054,-15.47851049689767,96.5,71193.6191910808,11303.485333333309,11139.023529411765,209546.48528310074,292086.7679192941,843525.3621420597,879564.528125,36039.16598294023,57322.01459304575,1.0295219687034667,1.6173331542642186,2487784.169313334,1476161.4600307324,4297758.635407945,4297758.635407945,0.0,2892770.7702419315,1365094.4853878731,2487784.169313334,0.9820002185591535,0.9636213921461688,0.9448625019584919,0.9257238193597367,0.9062065050566352,0.8863138519327562,0.8660498149467645,0.8454187139803025,0.8244244997392163,
