55589.702734375,54948.41855172378,112379.4,112379.4,0.0,108371.85,-1.9985387371507695,-0.02273822090143098,78163.57048799394,54938.26090545596,55589.70273437497,132.10000000000582,-108710.7,505.95301043472796,-22.537266092319424,0.0,4809.194307466349,424.6395755224646,231.08258317025442,9602.27621995912,16055.574091742592,54998.76732943371,55589.702734374994,590.9354049412835,3109.5385056960445,2.708402977634239,2.0212612313797087,157231.42307048372,154298.94653465602,317798.536202576,317798.536202576,0.0,220294.9960904107,153627.1594902739,157231.4230704838,0.9942199771495523,0.9884382484612044,0.9826545124300894,0.9768681813546352,0.9710791364130582,0.9652880583350688,0.9594947174517752,0.9536990437340309,0.9479012801799013,47671.537304687496,47125.96402633769,96172.8,96172.8,0.0,91175.25,-1.9978706145988623,-0.022194452460369548,67033.0661271278,47112.88647689855,47671.53730468748,54.40000000000873,-91114.1,505.96307413177834,-22.537602311949914,0.0,4030.7394803283787,355.8743440780311,195.60391389432485,8231.40502583975,13771.300492530076,47219.42702144084,47671.537304687496,452.1102832466582,2655.1015966430364,2.708227081354985,2.021852769022227,134835.46919092804,132376.32107263408,271892.31543980795,271892.31543980795,0.0,188955.27019022996,131814.71565082524,134835.469190928,0.9943156547388323,0.9886300657401303,0.9829425738497685,0.9772523728492023,0.9715602311133534,0.9658664535362446,0.9601710413923006,0.9544738096007587,0.9487744227069135,
98635.716796875,24632.132738566954,106641.0,106641.0,0.0,104541.1,12.069773355124447,-3.746179293941967,101664.87393039797,11558.873062133789,98635.716796875,124.09999999999127,-103677.2,249.9801620438368,-15.873503679472439,-18.90000000000873,6492.67160078856,809.9304206074595,440.7105882352942,18941.118819826253,32537.721182911577,93691.19546322788,98635.716796875,4944.5213336471215,5819.315223238051,2.165212111881207,2.040572131695459,278983.93685706466,67527.29657539402,301573.0518694352,301573.0518694352,0.0,287040.0195217522,32582.02800793206,278983.9368570647,0.9339557858605709,0.8678878033084648,0.8017939057539228,0.7356716456635067,0.6695223769878218,0.6033516251371565,0.5371551545336498,0.47092927127960754,0.4046783574348841,83156.90000000001,20772.255768130737,90381.4,90381.4,0.0,88337.8,12.05362905795526,-3.7427811534382855,85712.05648744311,9744.949218749993,83156.89999999997,74.89999999999418,-85830.7,249.9782272818332,-15.873412202582408,-19.39999999999418,5375.0926381000045,670.402063821607,371.16941176470584,15963.906460052673,27433.44909195907,78975.1027357101,83156.9,4181.797264289893,4954.100141460553,2.1652901701368013,2.0406084187059013,235203.23156980652,57012.10791531275,255582.01364826376,255582.01364826376,0.0,242014.3396367812,27503.795508601164,235203.2315698065,0.9351142834542145,0.8701993191981459,0.8052489697282736,0.7402625885651467,0.6752438261092873,0.6101943643126941,0.5451151457223596,0.4799990884310907,0.41485152558345534,
101075.06015625,22447.20998909281,108415.8,108415.8,0.0,105473.65,16.272646137031447,-4.267056848214817,103537.65026252037,9475.786889648438,101075.06015625002,131.59999999999127,-105281.8,249.9789847883079,-15.873447864791475,-12.60000000000582,6593.164666772435,822.4779484813547,446.37999999999994,18495.042752070003,33714.255014570546,96739.03885657512,101075.06015625,4336.021299674881,4667.193489416418,2.1660549676815304,2.0409609725966638,285883.44178129046,57775.14267277485,306571.73112699913,306571.73112699913,0.0,291663.0065599269,26428.420058005835,285883.44178129046,0.9173376075990642,0.8346671951515516,0.7519856749030954,0.6692851990553516,0.5865776981308902,0.5038581614126719,0.4211450604363255,0.338407895753945,0.25565589320272575,85951.419921875,19105.282857279908,92506.5,92506.5,0.0,89719.1,16.205524702029972,-4.254599335293839,88049.18182267889,8057.94561767578,85951.41992187504,101.40000000000873,-89599.2,249.97566640386214,-15.873290503926944,-8.69999999999709,5611.075735336876,699.9775655517116,382.3866666666666,15735.790557538641,28666.88527601966,82282.8532133068,85951.419921875,3668.5667085682126,4035.610817991206,2.165704483664542,2.0408017453008487,243107.32751748135,49174.023779926916,261610.38180059154,261610.38180059154,0.0,248030.75879293837,22467.42124479431,243107.32751748146,0.9174324017881795,0.8348506510408246,0.7522578553124815,0.6696505371137014,0.5870347465228108,0.5044093645397869,0.4217829646972485,0.33913701234357074,0.2564756692981095,
79672.45195312501,45049.87067490625,106561.4,106561.4,0.0,104494.5,-0.5526238281647271,-1.202131217424249,91526.99300233123,38591.34391479489,79672.45195312498,118.5,-105845.0,249.98726443306103,-15.873840846875094,0.0,6628.383561777277,826.9565982314467,439.15686274509767,19759.742266878402,25485.917982603358,78887.42914305365,79672.45195312501,785.0228100713629,8416.91286352007,1.4468663265157202,1.7262700212382174,225347.72419925636,125342.34735484706,301383.7593841115,301383.7593841115,0.0,257861.01070578163,107996.065689658,225347.72419925642,0.9825373374310307,0.9650727030065537,0.9476067713758463,0.9301396935840717,0.9126727401268526,0.8952041550708785,0.877736357303918,0.8602665387261559,0.8427961985437715,67921.779296875,38399.95628335017,90546.2,90546.2,0.0,89310.9,-0.5517448900536213,-1.203155202384662,78025.15456836084,32899.61184692382,67921.77929687501,71.30000000000291,-89026.1,249.99535389957492,-15.874224659076337,-0.6999999999970896,5575.078473982122,695.4832233756217,364.77725490196053,16841.564718606496,21729.553536343894,67278.94531004695,67921.779296875,642.8339868280412,7282.2601341468335,1.446136058776605,1.7262878661481549,192111.8029243055,106887.32296187342,256019.21777107136,256019.21777107136,0.0,219845.04686888674,92121.37592580944,192111.8029243055,0.9827597328901216,0.965518222276952,0.9482771396939228,0.9310339893459338,0.9137910748602562,0.8965487569404512,0.8793076422492202,0.8620657282804313,0.8448235759478775,
88587.38398437499,37296.41001416915,107345.3,107345.3,0.0,103846.45,1.8147929054012364,-1.9503912660921692,96118.39990938325,26645.424089050364,88587.38398437505,116.40000000000873,-106375.0,505.97410374483695,-22.53796975480283,3.099999999991269,4705.824545263279,415.5582170717805,224.29941291585126,12027.426110717137,22568.956487056,87850.69322832249,88587.38398437499,736.6907560524991,3328.7043489436223,7.207329881145926,2.954796897789441,250562.9597717125,103906.54063189817,303593.11452192895,303593.11452192895,0.0,271253.3243955715,74774.69279146304,250562.9597717125,0.9864173027633197,0.9728327123817104,0.9592465035936794,0.9456582093006436,0.9320674346550565,0.918473730767203,0.9048775788473864,0.8912799193803002,0.8776797344487544,76080.7982421875,32037.862318559055,91860.9,91860.9,0.0,89602.15,1.81096117916342,-1.948685085621096,82551.27184429922,22883.677596282912,76080.79824218748,81.40000000000873,-90086.2,505.9529544740783,-22.53726459065532,0.0,3985.280054308858,351.9236139567482,196.1428571428571,10317.234818279798,19391.162109040288,75419.31373379979,76080.79824218749,661.4845083877019,2825.590564505556,7.197016417155867,2.9527781650522815,215188.99342054542,89294.76819582855,259736.05385570036,259736.05385570036,0.0,232980.38225673488,64260.29051279825,215188.9934205454,0.9866634230528532,0.9733248049589475,0.9599837893615635,0.9466403654337866,0.9332951416345956,0.9199477913694909,0.9065992116122727,0.8932486435899495,0.8798956099095041,
52966.305859374996,51946.81483299587,105506.4,105506.4,0.0,102141.04999999999,-1.9977338245554386,-0.03848090432538188,74188.28160621067,51931.80769805942,52966.30585937499,121.5,-103430.5,505.96317964405426,-22.537605358177256,0.0,4575.583260332055,404.01695918749795,217.76575342465736,9283.096640865939,15164.509812873554,51986.29941519846,52966.305859375,980.0064441765403,2842.5585334696348,2.8059285341843525,2.047281571372756,149811.33619025932,145856.9049937688,298370.81274481467,298370.81274481467,0.0,209087.71648634024,145129.73193431366,149811.33619025935,0.9941583455471857,0.9883150120869958,0.9824715709969551,0.9766263764243651,0.9707803125653568,0.9649328227543628,0.959083709026508,0.9532327642493469,0.9473799648807443,45324.3490234375,44454.25396510465,90711.9,90711.9,0.0,87486.35,-1.9973390973787444,-0.03816887002556462,63486.04027652381,44439.10783157378,45324.349023437506,112.09999999999127,-87460.7,505.94490970800496,-22.536996021464617,0.0,3869.1435527441577,341.6275711260237,187.62622309197656,7924.157327913987,12989.830658980847,44556.09300637168,45324.3490234375,768.2560170658174,2412.675602621349,2.8015382344136404,2.047783390794313,128196.61818935414,124840.21778303137,256543.82029203366,256543.82029203366,0.0,178939.80242333384,124190.47387093694,128196.61818935414,0.9942466805882181,0.9884908113518448,0.982732991992771,0.9769715277547094,0.9712071557188167,0.9654401328266818,0.9596702681349203,0.9538975281278934,0.9481224014836485,
95949.105078125,27951.91520151192,105878.3,105878.3,0.0,103636.65,7.854288516845804,-3.135981255230831,99937.68222610324,14992.047668457028,95949.10507812501,157.1999999999971,-104377.3,249.97879318797396,-15.873438682839648,0.0,6536.5247183475585,815.4828973471745,439.2541176470586,19703.120339651254,31139.42186473404,90472.48854124159,95949.10507812501,5476.616536883418,7254.345100130476,2.159413015540874,2.0378963531736622,271385.05139809125,74627.37011090863,299435.78626795975,299435.78626795975,0.0,281458.8611005437,41657.40442323064,271385.05139809113,0.9496321855499887,0.8992533085999758,0.8488665602690008,0.7984725513092275,0.7480706923515197,0.6976612774900668,0.6472467835109339,0.5968351104371828,0.5464143618641796,83912.41875,24435.95199794074,91960.8,91960.8,0.0,91185.3,7.870643013080683,-3.140305830866349,87397.99637589532,13111.315429687511,83912.41875,74.19999999999709,-89646.8,249.99124104945494,-15.874029571735353,-8.0,5613.974043409751,700.3056547481737,373.77176470588233,17230.56472952233,27233.574436239007,79135.94076619441,83912.41875,4776.477983805578,6387.780628447428,2.159265944795793,2.037829483805146,237340.16129556083,65377.569974645055,260031.94268828788,260031.94268828788,0.0,246179.97241772624,36574.54251513835,237340.1612955609,0.9505047775392276,0.9009895532277591,0.8514658164955086,0.8019287869022886,0.7523825150349233,0.7028258692617271,0.6532606505836087,0.6036881039497665,0.5541024763928335,
99000.2703125,17787.06087359994,102902.0,102902.0,0.0,102268.65,26.991285460748998,-5.382281380146712,100585.45151496422,6187.51689453125,99000.27031249998,87.80000000000291,-102519.0,249.9921101299888,-15.874070898520182,7.2000000000116415,6420.0641693696125,800.9394048442905,424.98509803921564,16818.77381638277,33550.662538921526,95997.30266726502,99000.2703125,3002.967645234975,3098.0215025059024,2.1665513670962557,2.0411885870599855,280015.04990908003,50309.01635107251,290950.2220510087,290950.2220510087,0.0,284498.55061458057,17500.940619317505,280015.0499090801,0.874561639106699,0.7491455931942583,0.623744689110127,0.49835770005045466,0.37297282899469697,0.24760032266531273,0.1222440999382987,-0.003100499382972863,-0.0031243054178764686,83567.365625,15014.212623518059,86842.1,86842.1,0.0,86276.05,26.991831174845302,-5.382350293629832,84905.42490445847,5222.960351562496,83567.365625,78.0,-86608.5,249.99051415573052,-15.873995198499676,8.5,5423.707232500879,676.6431741637822,360.8568627450982,14198.371067870783,28319.85456945745,81028.26782788726,83567.365625,2539.097797112748,2638.3910505004674,2.1666131735667067,2.0412169026463554,236364.2036773324,42466.234667600926,245589.8523679776,245589.8523679776,0.0,240148.74113112318,14772.762729833274,236364.20367733244,0.8744589312343997,0.7489356923777118,0.6234348538170934,0.4979440665789574,0.37247521689711033,0.24701730719684245,0.12158594471559532,-0.0038367387495917577,-0.003826470050308937,
83423.001171875,36963.29502819685,101138.4,101138.4,0.0,99396.1,1.2892204714769662,-1.8129928211654587,91245.17688000925,27373.172259521456,83423.00117187499,79.5,-99040.8,249.99300883445193,-15.874113463907225,-0.6000000000058208,6202.243068363157,773.718489811611,408.51686274509785,19135.87557127338,26727.386636540483,83127.9005872579,83423.001171875,295.1005846171066,10440.540967174577,1.8420466864548697,1.888845731898158,235955.8793422645,102324.79637619935,285997.82293227344,285997.82293227344,0.0,257187.75427615512,75351.20682480017,235955.87934226452,0.9756416718218566,0.9512838917735373,0.9269285248279969,0.902571523068436,0.8782146533007579,0.8538546694123568,0.8294965504904803,0.8051344430069526,0.7807705039928398,69178.99375,30654.768857595667,84051.1,84051.1,0.0,82374.2,1.2878933060438014,-1.8122673677987016,75666.69035959718,22699.35732421879,69178.99375000001,53.80000000000291,-81626.4,249.98941260616715,-15.873943010573225,0.0,5111.718653942021,637.6598754325274,339.94078431372543,15864.050162219026,22168.49861241968,68953.06581002427,69178.99375,225.92793997571607,8638.847507428842,1.839700135903441,1.8879602711567385,195667.7423851472,84884.62321523,237648.26539779335,237648.26539779335,0.0,213286.81316127328,62553.761665638376,195667.74238514717,0.9758180732637723,0.9516389606047766,0.927463591098423,0.9032892668181728,0.8791155301219079,0.8549405648297321,0.8307659586202406,0.8065897660283443,0.7824127323253892,
90921.74335937499,31230.76883450067,103643.1,103643.1,0.0,101181.35,4.5893598364718615,-2.565517098479334,96135.96796986066,19178.805239868154,90921.74335937499,118.69999999999709,-101069.3,249.98751608461913,-15.873852698009008,-4.100000000005821,6329.307396213641,789.5879400230698,420.23215686274517,19953.83531311353,29031.889285315767,85980.40162723105,90921.743359375,4941.341732143946,8886.355087005553,2.128768415352587,2.023674772093198,257165.52514686808,84877.19827879046,293050.5413231671,293050.5413231671,0.0,270810.35082086787,53123.19536330045,257165.5251468681,0.962778986386102,0.9255536117534447,0.8883262858682704,0.8510970652488806,0.8138633502884011,0.7766271628898128,0.7393869275674573,0.702136364192857,0.6648812405113428,77533.890234375,26643.573530597096,89332.1,89332.1,0.0,86066.04999999999,4.577058879206769,-2.561286556000187,81984.0481152062,16354.804971313475,77533.89023437498,124.29999999998836,-85417.0,249.96856791247072,-15.872953744584558,-0.6999999999970896,5349.207011210569,667.287726259129,364.99137254901973,17014.728650144094,24760.173787044117,73343.42243905977,77533.890234375,4190.467795315233,7572.2326573708,2.126709555997297,2.022767677813653,219298.95822600002,72465.94731025759,252446.7728911607,252446.7728911607,0.0,230961.78601357833,45385.86281598803,219298.95822600008,0.9631809710160615,0.9263554822491281,0.8895267240509548,0.8526926106966283,0.8158536197383685,0.7790078443299872,0.7421555479986832,0.7052946416464214,0.6684240699488991,
86675.11796875,37307.63729854249,104446.7,104446.7,0.0,102059.6,1.5814824521993573,-1.8915454557326716,94363.3184860321,27085.974365234397,86675.11796874998,121.59999999999127,-102285.0,249.9894197185309,-15.873942951290008,-3.6999999999970896,6405.426717034089,799.0935117262587,421.76392156862744,19897.172629934805,27666.423470003007,85585.65013488209,86675.11796875001,1089.467833867925,10718.384501762406,1.9022808952591115,1.917145899307968,245154.25470338843,105521.7051378719,295332.7991701248,295332.7991701248,0.0,266899.67938230623,76610.70459480892,245154.25470338843,0.9744405581856564,0.9488748284271387,0.923304269983068,0.897730466621897,0.8721503268355564,0.8465648286802251,0.8209726076790194,0.7953681602757969,0.7697524369058933,73894.63359375001,31812.68264910552,89813.7,89813.7,0.0,86986.54999999999,1.5783991319021506,-1.889928804835729,80451.62304942805,23092.0729980469,73894.63359375,115.30000000000291,-86229.3,249.97729810197907,-15.873367874236177,-0.8999999999941792,5400.030865485501,673.629662437522,365.362745098039,16956.189845377583,23594.589063071897,72989.83950505282,73894.63359375001,904.7940886971982,9138.159739124643,1.8985708177690315,1.9156704075591922,209005.5860297436,89979.50337469243,253813.32745648184,253813.32745648184,0.0,227551.41401272995,65314.24563429486,209005.5860297436,0.9747758558826969,0.9495439611027675,0.9243041537594143,0.8990563349204463,0.8738003276540409,0.8485366325815724,0.8232649239049155,0.7979820303279078,0.7726867843536115,
93388.60859375,27190.673582685675,102071.4,102071.4,0.0,101301.85,7.878176392829886,-3.142280311732103,97266.46361905424,14591.970092773423,93388.60859375006,109.19999999999709,-101529.9,249.99020946667156,-15.873980641347492,0.8000000000029104,6358.134968285996,793.1984436755096,422.67882352941166,19167.299275144054,30311.185976714318,88044.82432565761,93388.60859375,5343.78426809239,7297.126930224824,2.1602428241309575,2.038273540949025,264142.87368886766,72596.36816826461,288665.94894972467,288665.94894972467,0.0,273937.38407131535,40551.92438480012,264142.8736888677,0.9495639169086676,0.8991192865563222,0.8486783646378543,0.7982230246399954,0.7477653440714769,0.6973017919939088,0.6468348152146605,0.5963728049806373,0.5459139958637024,80610.82890624998,23472.52703867549,88474.9,88474.9,0.0,87183.15,7.874234739233794,-3.141231959449976,83958.71165361021,12595.442016601583,80610.82890625,77.19999999999709,-87136.2,249.98988130195218,-15.873965128508415,0.0,5456.756297037178,680.7270003844675,363.6556862745097,16546.917399377442,26163.34104628526,76012.1209788052,80610.82890625,4598.707927444798,6355.528628928035,2.160009571015766,2.0381664805942092,228001.8550267118,62712.544124866414,250191.63258926154,250191.63258926154,0.0,236469.25611215306,35046.61831026324,228001.85502671183,0.9498750744248662,0.8997366597126946,0.8495918897778441,0.7994339218413893,0.7492699166834736,0.6990991098343718,0.6489282280958201,0.598756106116275,0.5485810626062965,
95627.22382812499,24698.178811551308,103097.7,103097.7,0.0,102020.8,11.050193742149162,-3.611111032577885,98765.20629088813,11953.402978515625,95627.22382812496,69.39999999999418,-102394.6,249.99820450988761,-15.874359959625224,10.700000000011642,6412.239124086889,800.0040292195307,420.34745098039207,18630.516659404602,31437.57428022605,90661.93721661373,95627.223828125,4965.286611511268,5972.136701280185,2.164411250104946,2.040204944297321,270474.633739644,69856.85283459097,291554.1265974811,291554.1265974811,0.0,279350.15193220903,33809.32921745549,270474.6337396441,0.9370740986683579,0.8741563189738276,0.8112409436021365,0.7483401109523681,0.6854460983409613,0.6225587143314929,0.5596833809750933,0.4968128606025882,0.4339485770175354,80295.80585937502,20741.102558452363,86629.8,86629.8,0.0,85377.45000000001,11.043118443650473,-3.609511934059023,82931.35579469736,10036.975732421859,80295.80585937502,37.09999999999127,-85246.2,249.99678938637425,-15.874292869002582,4.30000000000291,5338.362377597555,665.9971118800453,350.6913725490199,15649.043220927106,26395.556807489364,76142.63175149054,80295.80585937502,4153.174107884476,5044.598401094631,2.1641020686936514,2.040064178182883,227110.83529601037,58664.552879284834,244994.43310287944,244994.43310287944,0.0,234565.2601588265,28388.854412001296,227110.83529601037,0.9376527937300818,0.8753116012109252,0.8129729940649133,0.7506396486031426,0.6883123640002213,0.6259874680296875,0.5636680066044184,0.5013463710977648,0.4390280944961765,
94430.04238281249,24388.666464988397,102084.3,102084.3,0.0,100647.6,11.050906455596406,-3.6112588579612557,97528.66222993225,11803.755297851547,94430.04238281252,36.80000000000291,-99786.6,505.98064440311725,-22.538188190099262,0.0,4414.346644129811,389.7770405291035,210.9669275929549,11382.365851837143,24013.98159177257,92519.15285693269,94430.0423828125,1910.8895258798154,4893.069470033039,8.011101148615557,3.1565560350930704,267088.4932664793,68981.44676064674,288629.92185922316,288629.92185922316,0.0,275852.68393211276,33386.06165830992,267088.49326647935,0.9689300915484966,0.9378615785372306,0.9067978525661307,0.8757370339490508,0.8446812731128633,0.8136294531445925,0.7825811995461327,0.7515391915672107,0.7204962498648222,80698.98320312501,20852.604720351686,87632.2,87632.2,0.0,86188.45,11.023566194567637,-3.6051742269849663,83349.60715949108,10087.372900390636,80698.98320312498,27.60000000000582,-84543.8,505.9659047472432,-22.537696882042376,0.0,3740.0669214818104,330.2285170476532,182.25929549902148,9727.37968183187,20522.63816787512,79070.75423466814,80698.983203125,1628.2289684568552,4201.214753567142,8.009916351197925,3.1562565524812753,228251.19303115597,58979.895038823815,247776.19118006737,247776.19118006737,0.0,235748.24525102344,28531.399128894496,228251.193031156,0.9692297438760729,0.9384600820678008,0.9076944052362954,0.8769302371134798,0.8461708847389432,0.8154140878715634,0.7846598799845625,0.7539089425150515,0.7231619972517881,
97650.433984375,16382.145601725975,101312.1,101312.1,0.0,100390.04999999999,31.521017935677918,-5.786067961241777,99015.05921753988,5340.258108520503,97650.43398437503,84.40000000000873,-100272.5,249.99207288842803,-15.874069083073207,1.5999999999912689,6279.381000888044,783.3561430219144,416.2458823529411,16258.720677399533,33228.17305075086,95077.57996064288,97650.433984375,2572.8540237321267,2659.426827705681,2.1665850294791538,2.0412040101923035,276197.1362246435,43266.97977679385,251037.2969442216,286488.97930248565,35451.68235826404,279565.53721390583,15046.590866648705,276197.1362246435,0.8573644707561692,0.7146750353599896,0.5719368419091139,0.429159320720299,0.28634668367876553,0.1435265054719845,0.0006736868090898209,0.0003223447850048541,5.593090131932217e-06,82070.851171875,13785.896667923727,85696.4,85696.4,0.0,84109.15,31.347261028887033,-5.762779368732983,83220.64382720628,4488.249673461921,82070.85117187501,80.30000000000291,-83267.8,249.98497827878924,-15.873732497621441,-2.400000000008731,5214.535668686139,650.4553633218002,350.68392156862757,13675.370977979288,27922.3896342863,79851.21987065226,82070.851171875,2219.631301222738,2258.008584830963,2.1666320466290996,2.041225563943577,232131.42160553896,36479.79738034418,212908.36689102903,242347.97990827163,29439.61301724261,234980.36622986064,12668.2380367685,232131.42160553893,0.8594102411012963,0.7187190674344286,0.5779239185550391,0.43704238730329525,0.29607377038663113,0.15505255851898334,0.013951675286055395,0.013257803378670278,0.012605054811007233,
96090.175,27993.725783278205,106203.2,106203.2,0.0,103654.55,7.853224615987385,-3.1356815864945804,100084.81610494171,15014.089843749985,96090.17499999999,103.0,-104766.3,249.9888452931728,-15.873915787493864,-8.900000000008731,6560.818208992761,818.495111111113,436.06117647058795,19726.125009815507,31186.44497512854,90556.74896836003,96090.175,5533.426031639971,7275.217455912622,2.160127591013084,2.038224515017532,271784.0573916083,74718.44472393359,300359.9041202925,300359.9041202925,0.0,281867.73464554,41697.417344837275,271784.0573916083,0.9494713096275365,0.898934097644161,0.8483885234648197,0.797834673496267,0.7472706148263634,0.6966984001100127,0.6461224664436583,0.5955351674851506,0.5449374984376527,81377.7578125,23712.889702539054,90194.1,90194.1,0.0,87747.79999999999,7.843783776688918,-3.133168751268492,84762.25931766264,12715.274658203123,81377.75781249996,108.79999999998836,-88194.9,249.9812932207299,-15.873557375718686,-6.599999999991269,5523.101990743685,689.0148865820834,371.45725490196094,16709.90188410017,26410.449893197103,76703.2301648899,81377.7578125,4674.527647610094,6129.958419641179,2.159678975108065,2.038020004496345,230171.05754790123,63339.483901642794,255084.3872510037,255084.3872510037,0.0,238727.05325045527,35359.13064322791,230171.05754790123,0.9498216508604325,0.8996317993500615,0.849427321167939,0.7992109422114991,0.7489821516731474,0.6987419218676488,0.6484942072068275,0.598235930649548,0.5479706992144707,
98713.572265625,25517.435979834903,107435.2,107435.2,0.0,104983.3,11.002258981868897,-3.600344714238459,101958.36840802104,12339.196533203123,98713.572265625,118.39999999999418,-105143.9,249.98728935113994,-15.873841932795235,-5.599999999991269,6584.475461169636,821.4542991157243,437.91529411764657,19239.951348959064,32449.024849327754,93589.95142834079,98713.572265625,5123.620837284204,6185.62923901703,2.164335381422986,2.0401697463594672,279204.14537668705,72173.79968846455,303832.11661396996,303832.11661396996,0.0,288381.71259113634,34900.51817208585,279204.14537668705,0.9375204240247293,0.875025871518748,0.8125084168486042,0.7499742115369233,0.6874243610233145,0.6248590707890489,0.5622773331678654,0.4996799592460777,0.4370732884765956,85571.86015625001,22115.599067244366,93344.2,93344.2,0.0,90852.65,11.014056799961027,-3.602933900103247,88383.49943685136,10696.482519531251,85571.86015625,112.09999999999127,-89707.1,249.97975510280497,-15.87348442350743,-11.69999999999709,5617.812799867306,700.7837631680119,380.13568627450974,16680.911956974836,28129.00921666405,81144.89559354233,85571.86015625001,4426.964562707688,5341.992601736101,2.1637460139757954,2.0399035347628445,242033.77038092533,62551.85588679507,263987.21517953294,263987.21517953294,0.0,249986.16097634056,30254.221297615644,242033.77038092527,0.9385006091831517,0.8769893611871142,0.8154615676288214,0.7539163460815917,0.6923540536891328,0.630779544413865,0.5691892089863183,0.5075805916788051,0.4459583651495119,
93536.184765625,26492.263803656744,102699.2,102699.2,0.0,100687.05,8.539627119100599,-3.245050700346129,97215.52294747831,13884.277426147446,93536.18476562502,77.59999999999127,-100495.6,249.99369962459392,-15.874146311468072,2.3999999999941792,6293.342023674001,785.113697808536,413.63803921568643,18973.55762698827,30449.581081552726,88263.43239761548,93536.18476562499,5272.7523680095055,6790.552030858319,2.1608389551303446,2.0385615966573205,264560.2821363652,70874.70986870883,290350.80763259693,290350.80763259693,0.0,273889.3341900096,38504.52383785927,264560.28213636513,0.947417035132325,0.8948415434058442,0.8422705867750381,0.7897034059102513,0.7371434552627298,0.684588662460794,0.6320327543105879,0.5794783528125202,0.5269265233594472,78350.373828125,22194.180662494215,86502.6,86502.6,0.0,84327.4,8.53356208736092,-3.243479367777269,81433.17956635592,11630.133615112314,78350.373828125,89.90000000000873,-84225.5,249.98398788855795,-15.87368557334203,0.0,5274.508976139158,658.0009257977699,351.11843137254874,15892.310063382127,25506.20727593747,73929.72172680384,78350.37382812501,4420.652101321174,5740.893978054731,2.1609571575986637,2.0386158455856562,221608.3225694728,59372.52406576656,244548.92047539286,244548.92047539286,0.0,229423.9421812718,32247.52237531035,221608.3225694728,0.9473922507234324,0.8947893971245472,0.8421882678895649,0.7895880895756546,0.7369911008765577,0.6843963789391969,0.6318017807090377,0.5792108318227465,0.526623489310413,
86454.38515625,37219.063811725086,104156.6,104156.6,0.0,101586.45000000001,1.578694778442289,-1.8901200630639956,94125.55138625475,27016.995361328078,86454.38515624995,122.19999999999709,-102871.3,249.9912220780794,-15.874028518604021,0.0,6442.13463761636,803.720781237985,423.28156862745095,19848.916410162707,27594.402787835617,85369.62027070293,86454.38515625,1084.7648855470745,10665.06792741383,1.9026711427951497,1.9172876246494224,244529.9280291919,105271.20190177824,294587.367201398,294587.367201398,0.0,266227.18052784685,76415.60250912249,244529.92802919194,0.9742336357318173,0.9484586081834419,0.9226749641577606,0.8968850175980301,0.8710854267159978,0.8452783112791158,0.8194623987189702,0.7936375978277344,0.767803878282179,74559.20390625001,32108.23654586254,90638.4,90638.4,0.0,87599.5,1.5736498889406292,-1.887512538663985,81178.89960586328,23299.75122070315,74559.20390625001,133.60000000000582,-88113.8,249.9788400654284,-15.873440872068922,0.0,5518.03932715946,688.4219792387554,371.30666666666673,17109.872170715542,23806.93607676243,73648.69131043761,74559.20390625001,910.5125958123924,9220.86440536766,1.898098077196397,1.9154494199678136,210885.27472791966,90815.4588069642,256220.84926972672,256220.84926972672,0.0,229608.46381479397,65901.64835247486,210885.2747279196,0.9744792458906021,0.9489496138392327,0.9234128990181723,0.8978693902204571,0.8723153998822918,0.8467523016192493,0.821179489369789,0.795596642323824,0.7700040075573968,
97174.9283203125,25111.038734605503,105909.8,105909.8,0.0,103422.20000000001,11.021322699748016,-3.6045861418749645,100366.98142511182,12146.866040039076,97174.92832031254,93.10000000000582,-104918.9,505.9785438728289,-22.538117958672764,2.8000000000029104,4641.394294346998,409.8552839488195,222.05068493150696,11717.37327191708,24710.32945354466,95218.60370349554,97174.9283203125,1956.3246168169512,5025.4164178546835,8.011965212575301,3.1567687025660507,274852.2031064387,71024.59930327957,299507.9111596408,299507.9111596408,0.0,283880.6567180202,34356.52538830482,274852.2031064387,0.9682805957693872,0.9365568147303327,0.9048255527996518,0.8730847920426422,0.8413404086556289,0.8095840178987082,0.777820566033126,0.7460484887860803,0.7142691945896721,83725.29902343749,21665.93441073909,91352.1,91352.1,0.0,89687.20000000001,10.94346035377739,-3.587699511387579,86483.16836503196,10465.662377929684,83725.29902343743,88.39999999999418,-89092.8,505.9529586851604,-22.537264768401233,2.8000000000029104,3941.331924137206,348.0388256785171,195.33639921722116,10089.851402911912,21296.001176845955,82067.98604633064,83725.29902343749,1657.312977106843,4265.623841128356,8.003698863189046,3.1546639863391057,236810.9067853764,61280.25586380951,258358.00880518497,258358.00880518497,0.0,244611.2739250711,29601.363348172028,236810.90678537634,0.9688888457062469,0.9377690602697032,0.9066390934642587,0.8754998352687642,0.844353162802093,0.8131924361462373,0.7820224070962187,0.7508425752292864,0.7196521115091493,
90270.8767578125,33509.76481226666,103454.8,103454.8,0.0,102553.85,3.3939622737675874,-2.3221724172865605,96289.85163763416,21862.47796478268,90270.8767578125,66.19999999999709,-102230.7,505.9794845464683,-22.538149448061098,0.0,4522.469779206448,399.33947939843944,215.67710371819956,11761.854804664645,22987.21626801919,89869.31618566874,90270.8767578125,401.5605721437666,4114.855033071153,7.484399505743573,3.021896959743441,255324.59639641733,93478.10700287974,292587.421736829,292587.421736829,0.0,271898.5215366852,61571.630259433514,255324.5963964174,0.983705749081247,0.9674023285430798,0.9510895776135848,0.9347676775062359,0.9184367034095777,0.9020952539973379,0.8857443426545112,0.8693847737776981,0.8530157389921518,77797.8638671875,28890.591482606356,89866.1,89866.1,0.0,88672.6,3.38485370233939,-2.3186986815017336,82988.99865953487,18841.670155334523,77797.8638671875,56.40000000000873,-85751.3,505.9587993555666,-22.537459843953062,0.0,3793.4971065131035,334.9471149390527,187.21859099804314,10123.38282014294,19819.928513304756,77478.25427350032,77797.8638671875,319.60959368716516,3528.323687165181,7.473843839230774,3.0193973201077298,220045.5884092647,80652.58091078469,254142.87457185384,254142.87457185384,0.0,234360.61910216525,53115.86479282415,220045.5884092647,0.984191787707768,0.9683698066726119,0.9525329608201392,0.9366815455050898,0.9208146937676076,0.9049330558436055,0.8890360939984756,0.8731244696284909,0.8571993316365546,
95577.48125000001,24686.20623747877,103649.2,103649.2,0.0,101702.54999999999,11.048255507503699,-3.6106487449362676,98714.05016761002,11947.185156250003,95577.48125000006,75.10000000000582,-101793.5,505.97046102218417,-22.537848584489176,3.3000000000029104,4503.14908759934,397.63495084654204,218.30587084148732,11520.089105795936,24306.563979582825,93656.99866267278,95577.48125,1920.482587327225,4910.50523140574,8.010016575044645,3.156270733881309,270333.9404824205,69822.95317470015,293126.37852544937,293126.37852544937,0.0,279205.4515348674,33791.74256030251,270333.94048242044,0.9687078945947587,0.9374117462533953,0.9061083031482026,0.8747988769597493,0.8434820413999515,0.8121573745903731,0.7808280753757336,0.7494836941254612,0.7181310613280768,84633.20937499999,21926.967128903656,94255.8,94255.8,0.0,89781.6,10.879028928729088,-3.5722842615395547,87427.52436495392,10579.151171875,84633.20937499999,121.80000000000291,-92103.3,505.94322469369115,-22.53694009375422,9.19999999999709,4074.538426040888,359.81410686999686,203.72407045009786,10210.088656707965,21521.71194613198,82936.21014940988,84633.209375,1696.9992255901254,4329.846114721922,8.007903240769682,3.1557272834143033,239378.8650505736,62018.48041700266,266575.9331054569,266575.9331054569,0.0,247282.2940409096,29922.358131321696,239378.86505057366,0.9682056924259295,0.9364004832644117,0.904582331299392,0.8727520309110665,0.8409092249362815,0.809053174398509,0.7771835381968591,0.7452980739541408,0.7133990944152387,
111139.546875,44720.937991434614,148326.4,148326.4,0.0,103892.85,1.5104885937710524,-1.5093347094999503,119799.6710112931,31981.717773437504,111139.546875,2337.399999999994,-148208.8,247.79742353565848,-15.768945090972414,0.0,9303.343994084842,1159.563251057281,795.1047058823527,25644.90770803529,35140.65298566029,105327.59445054959,111139.546875,5811.95242445041,12239.364377414955,2.04046243479191,1.9847563073448649,314350.10901325074,121231.54841839692,419362.121662031,419362.121662031,0.0,336917.02148832544,87714.40141303367,314350.1090132508,0.9662887296971577,0.9323881274461715,0.8982848927437349,0.8640265174101498,0.8296048826701089,0.795018174531014,0.7602890337194643,0.7254217832448855,0.6904204382632417,96296.627734375,38864.4822647512,129290.4,129290.4,0.0,90135.1,1.4643952056383807,-1.4894902336473037,103843.57705086995,27899.31640319826,96296.62773437504,2115.699999999997,-129157.2,247.70950596372776,-15.764707880407299,0.0,8108.157815147244,1010.2859300269133,703.8968627450984,22255.0289983706,30429.971376926776,91250.49488582241,96296.627734375,5046.132848552581,10665.94359915562,2.0424884016448805,1.9855309485069614,272367.9939054926,105323.36176623436,365521.95068231545,365521.95068231545,0.0,292022.83239131066,76395.63482180137,272367.9939054926,0.9662462571348417,0.9322638023953026,0.898079554407176,0.8637173479522692,0.8291805204414627,0.7944892233305227,0.7596619163042818,0.7247080081005801,0.6896324460720374,
106049.39140625,43973.25024923626,142679.4,142679.4,0.0,100132.25,1.2847227436483166,-1.469173530919336,114804.70441196198,31348.07127075197,106049.39140624997,655.1999999999971,-99681.6,244.50004336458954,-15.616355928762731,5.2000000000116415,6278.688787571532,1061.1488166089962,621.1886274509806,24704.224988439644,33475.461987979244,101016.35704776214,106049.39140625,5033.034358487853,12282.908572663284,2.0188492861626672,1.9745810496324359,299952.9752162631,123204.00458192283,403226.89950950857,403226.89950950857,0.0,324269.9709903934,88655.50653903685,299952.97521626303,0.977174727920759,0.9541267817339667,0.930871771093136,0.9074163047056361,0.8837852892767887,0.859997085614176,0.8360635979351176,0.8119975153377303,0.7878021902502469,93184.99140625,38474.33475920898,125829.4,125829.4,0.0,88271.55,1.346821306258195,-1.4982472257711503,100815.26203183006,27306.199462890607,93184.99140624999,295.3000000000029,-87817.3,244.73858539492517,-15.627523611810654,16.0,5529.94388425948,931.949554786621,543.2509803921569,21661.956109944902,29433.650564277377,88893.47505555843,93184.99140625,4291.516350691577,10947.223978343836,2.018727648843215,1.9745123530150834,263566.9573126782,107785.75575438286,355251.15397490276,355251.15397490276,0.0,284754.82459583826,77233.59523456972,263566.9573126782,0.9770037630560772,0.9537840575461766,0.9303573113898219,0.9067344933233193,0.8829316906612523,0.858954327117955,0.8348194100051574,0.8105422109224024,0.7861260862607207,
94385.3185546875,24378.498193199026,102239.0,102239.0,0.0,100646.55,11.047762313861881,-3.6105591323153314,97482.81660285388,11798.164819335921,94385.31855468756,107.40000000000873,-99072.6,505.9578200230636,-22.53742687266692,-0.09999999999126885,4382.808910382873,386.99469134998526,215.0485322896283,11373.357926857376,24005.60103091318,92509.30029800878,94385.31855468749,1876.0182566787084,4835.3221773706655,8.007612282295556,3.1556473262536286,266961.995177888,68952.55820106328,289064.43897626235,289064.43897626235,0.0,275722.9808192088,33370.24939723604,266961.995177888,0.9691828003889107,0.9383626423774526,0.9075382305780598,0.8767045696108927,0.8458628237471956,0.8150149433749693,0.7841600264595486,0.7532988247562868,0.7224294777703885,82088.983984375,21241.264770996557,89737.5,89737.5,0.0,87502.65,10.946825419182892,-3.588228036523742,84792.64485000192,10261.122998046882,82088.98398437508,117.59999999999127,-84144.2,505.86451831034157,-22.5343159238539,-2.0,3722.573328677044,328.67096633361655,195.54461839530347,9889.561260105313,20882.142321292697,80474.96417984291,82088.983984375,1614.0198045320926,4103.589756449507,8.000702731046026,3.1538917083696596,232182.7089442619,60078.72327082886,253765.27955070022,253765.27955070022,0.0,239829.65480221302,29022.83861803273,232182.7089442619,0.9700509763398606,0.9400988438890819,0.9101461646414822,0.8801868022299937,0.8502209074901581,0.8202484068275975,0.7902691016596953,0.760283369547934,0.7302902971819469,
118397.200390625,26274.482897294005,126017.0,126017.0,0.0,123958.6,16.329990214051392,-4.277759447739751,121277.55568058755,11099.737536621085,118397.200390625,53.10000000000582,-125701.5,249.99939048545886,-15.874416213103496,3.5,7871.77151923624,982.081799307958,513.5960784313726,21627.749642138948,39506.669391451265,113268.81373432127,118397.200390625,5128.3866563037245,5558.46050818585,2.166332764671667,2.0410881715929565,334877.85307885404,67342.85594271055,356373.12030461145,356373.12030461145,0.0,341581.961949432,30748.339644221604,334877.853078854,0.9155495286646259,0.8310909976806365,0.7466287483327395,0.6621623879798063,0.5776862648140628,0.4931956521768457,0.40870082948217634,0.32419606750149055,0.23967848420498025,173912.05507812498,38598.288083716456,184817.7,184817.7,0.0,182554.84999999998,16.321895158223153,-4.276316546959277,178143.8484609849,16304.255163574244,173912.05507812492,96.30000000001746,-184077.3,249.99636953968817,-15.874272916211785,0.0,11527.454256895731,1438.11364859669,760.7086274509807,31760.403764626208,58034.479384481034,166382.90901931084,173912.055078125,7529.146058814169,8214.90116934295,2.1662448871965596,2.0410479463993942,491897.5739033223,98995.34841816744,522633.4407087295,522633.4407087295,0.0,501760.2039026299,45214.2810077176,491897.57390332216,0.9158175187464092,0.8316259356098445,0.7474210979270284,0.6632025719065051,0.578978746072135,0.4947388980555265,0.4104864237218724,0.3262186233297595,0.24193694762116708,
119329.37109375,26496.20693756571,127438.0,127438.0,0.0,124438.2,16.287042631556172,-4.269777980540064,122235.6240533348,11187.128540039059,119329.37109374993,37.29999999998836,-123643.9,249.99736313714,-15.874320072686725,-1.7000000000116415,7742.942678784415,965.8499100346042,508.394117647059,21817.186182052235,39809.98551344946,114170.3250922003,119329.37109375,5159.046001549687,5609.519651553159,2.1662902189121738,2.0410686298777274,337514.4299804665,68263.78252032954,360418.65497647494,360418.65497647494,0.0,344348.565336088,31255.349155118496,337514.4299804665,0.9176896409076462,0.8353523058882208,0.7529831671286545,0.6705858962995008,0.5881562604798383,0.5056931374964145,0.42319969221327436,0.34067125046138247,0.25810671464183893,180872.547265625,40235.59623413963,194236.6,194236.6,0.0,189024.05,16.14630545792185,-4.243787332490506,185293.7709656546,16956.80130615234,180872.54726562483,35.60000000000582,-184408.7,249.9994304797115,-15.874418108972492,-41.10000000000582,11548.228403114905,1440.3881553248766,764.3309803921568,33122.050710922915,60320.36124828184,173104.05213424377,180872.54726562498,7768.495131381197,8690.288994833603,2.1662108495919306,2.0410319025132146,511584.81880803115,104032.5353519933,549331.1764712431,549331.1764712431,0.0,522055.3564964254,47637.22161578263,511584.81880803127,0.9193077896534516,0.8385746924768773,0.7578024899740604,0.676992443481002,0.5961468700918452,0.5152601858222626,0.434332611770915,0.35336694338188573,0.2723599389037909,
82468.392578125,56892.04118015178,125049.3,125049.3,0.0,119767.95,-1.4216947574053516,-0.7578451218032047,100188.52291587011,53153.45615386963,82468.39257812499,95.0,-125049.3,505.98762664955757,-22.53842086148441,4.600000000005821,5531.903396918422,488.51135450614595,259.07475538160463,12912.377875815748,21822.474515793674,81152.87225315723,82468.392578125,1315.5203249677677,4014.215030991308,5.027110727841048,2.477457334500298,233255.83850218618,159485.54535542752,353382.447528922,353382.447528922,0.0,282566.6742074799,148929.9867317445,233255.8385021862,0.992807058458733,0.9856156887576599,0.9784278878566036,0.9712415401579081,0.9640564198394483,0.9568733139352882,0.9496925200671275,0.9425132369346055,0.9353363972149366,127550.58574218748,87961.62461400054,191410.3,191410.3,0.0,187312.65000000002,-1.421506062239581,-0.7601165503171361,154939.9862137256,82210.33846664453,127550.58574218745,29.800000000017462,-187921.2,505.995822180898,-22.538694184155062,0.0,8313.172274517841,734.0376522761469,381.472602739726,19976.465720193293,33745.27605299487,125504.13673518345,127550.58574218751,2046.4490070040629,6187.126280969038,5.031197258592993,2.4778740866996656,360767.53649046784,246705.49386495294,541004.2870159904,541004.2870159904,0.0,437054.706059266,230525.6517630783,360767.53649046784,0.9929746004140061,0.9859508988428458,0.9789285977617787,0.9719076199800738,0.9648878740203204,0.957869543658277,0.9508529398900432,0.9438380089823392,0.9368245885717676,
99035.8857421875,42012.81963256744,119739.1,119739.1,0.0,115791.05,1.7327825145388562,-1.9293626401738755,107578.73246240757,30174.99643707276,99035.88574218744,50.5,-118231.7,505.9663261501309,-22.53771107115869,3.3000000000029104,5230.353926872659,461.83711229659684,251.87162426614498,13506.842582758038,25215.282654086495,97915.11372510814,99035.8857421875,1120.772017079361,3834.768899468819,7.203567740213588,2.9538288120154768,280115.78555646766,117443.70887312971,338623.57337064017,338623.57337064017,0.0,303739.8197006666,84923.90514640651,280115.7855564677,0.9866249559952425,0.9732528110987648,0.9598825108675417,0.946514557599593,0.9331499492179608,0.9197864111623347,0.9064255595995672,0.8930674497799646,0.8797118848113574,150191.47988281248,63744.348171306076,182640.0,182640.0,0.0,175590.35,1.7248621360645018,-1.9253525905851578,163158.8874477084,45761.46652679453,150191.47988281236,53.5,-175139.8,505.981038497578,-22.53820134446662,-2.5,7747.819324596754,684.0855549725997,368.63620352250473,20465.626158140672,38253.00410255647,148509.34528471713,150191.47988281248,1682.13459809536,5772.9713431916325,7.195281213899024,2.9519805665009424,424805.65560631873,178291.7923844827,516517.74486892513,516517.74486892513,0.0,460703.60131736076,128882.24594605481,424805.6556063186,0.9869650398367683,0.9739340687664564,0.9609064329538889,0.9478821444693982,0.9348620207769027,0.921844318461339,0.9088292415545913,0.8958173310947701,0.8828086321741351,
82219.87382812501,56202.24042592861,123149.3,123149.3,0.0,119465.4,-1.3920209289168228,-0.7784195873068547,99593.16985218755,52350.935289001245,82219.87382812504,44.60000000000582,-120734.2,505.9873140215289,-22.538410539952515,0.0,5341.0069985400705,471.59766468419,250.25499021526414,12929.79716930914,21673.238461875415,80490.19049235676,82219.873828125,1729.6833357682365,3663.234951362017,5.11634326754227,2.4965185639825607,232552.9213286782,157613.46930488572,348111.60287127935,348111.60287127935,0.0,280932.13935899985,145939.58851235986,232552.92132867817,0.9928853639534708,0.9857680668642037,0.9786492623987364,0.9715281704218793,0.9644064305561647,0.9572834219260649,0.9501591573584459,0.9430344191400661,0.9359092946477299,130753.2791015625,89393.09033672728,196501.5,196501.5,0.0,188727.5,-1.3921525518490028,-0.777311801950102,158390.4813925426,83253.06442794827,130753.27910156254,30.20000000001164,-188491.0,505.99535993698726,-22.538678770659278,-8.699999999982538,8338.392659951103,736.2287943137559,386.32035225048924,20527.972759867225,34490.95772446187,128010.2395769961,130753.27910156251,2743.0395245664076,5738.427041885161,5.105747014517565,2.4957154681130542,369826.1212603686,250773.3523396311,555598.546715612,555598.546715612,0.0,446831.7739487039,232281.58776307842,369826.1212603687,0.993040562554318,0.9860793555721014,0.9791170258945393,0.9721531178865379,0.965188333521207,0.9582221544085945,0.9512550952646125,0.9442868135123982,0.9373175398573009,
55085.477734374996,35806.547654093316,82720.4,82720.4,0.0,75232.65,-1.2040749207499357,-0.867408616183768,65700.2185089911,32491.824757385475,55085.47773437494,226.8000000000029,-77822.3,505.71041134564064,-22.529172246653836,0.0,3443.1789561835567,304.04905695061143,191.20508806262228,8423.982175068166,14495.687577732066,54746.369449134785,55085.477734375,339.1082852402163,2615.8734365203686,5.3326667526408045,2.55011643738146,155805.25940350856,100865.85293477468,233925.34819484618,233925.34819484618,0.0,185604.9545299214,91649.54970743418,155805.25940350856,0.9928957329033655,0.9857856500806247,0.9786697789738925,0.9715481290790702,0.9644201883973551,0.9572862219303381,0.9501460228425499,0.9429995948612194,0.9358465291143543,58531.323437499996,37887.00425734157,86726.5,86726.5,0.0,81668.4,-1.1926787088079258,-0.8938307896190836,69723.31686703562,34524.33530883813,58531.32343750001,88.10000000000582,-85727.9,505.95564568233976,-22.537354409873718,0.0,3792.474596893457,334.90643801149804,186.3508806262232,9098.10170732735,15293.453446206127,58089.659677750125,58531.3234375,441.6637597498755,2999.743865416603,5.45552444365781,2.566810167032424,165551.58285791744,106690.63850759808,245221.5558009966,245221.5558009966,0.0,196952.32654609813,97349.0838933434,165551.58285791744,0.9923131168616153,0.984626385658465,0.9769390410642432,0.9692511585324655,0.961563174624607,0.953874168802925,0.9461842959442557,0.9384936038726578,0.9308014496570145,
72230.1556640625,32657.659962816684,92905.9,92905.9,0.0,89022.6,0.9881690166847963,-1.6650287336127976,79269.9069098839,23814.53451690669,72230.15566406255,285.20000000001164,-88378.5,505.58468035136457,-22.52497553095352,6.19999999999709,3910.567463723979,345.35286629570356,231.38238747553814,9802.118021125203,18553.029625326646,71933.62827807138,72230.1556640625,296.52738599111825,2733.899747894804,6.884920114070967,2.881529453432422,204297.73150487407,91035.80741098204,262615.428024031,262615.428024031,0.0,223662.87427511747,66639.96017368828,204297.73150487407,0.9880674669762036,0.9761229105153777,0.9641668606774416,0.9521970126437613,0.9402150619979218,0.9282199678552705,0.9162125170434156,0.9041934534674214,0.8921624796412432,73343.923828125,32596.02347496287,93629.9,93629.9,0.0,85908.29999999999,1.2458326338487922,-1.7879778242525655,80261.02359729864,24065.975006103523,73343.92382812494,138.1999999999971,-92521.0,505.91464201810544,-22.53598623638291,0.0,4093.076312085541,361.44909524703075,205.4203522504891,10020.740537406104,18753.490386222627,73115.09263933587,73343.923828125,228.83118878912788,2957.4741582165325,7.0236155248744225,2.908918828414918,207447.94359078724,90732.34223049245,264734.80382394243,264734.80382394243,0.0,226422.18801760054,67220.73378305798,207447.94359078715,0.9870093740018149,0.9740167304650857,0.9610213377224192,0.9480212792694525,0.9350180097996719,0.9220112205874758,0.9090000630028656,0.8959850836016829,0.8829658380883006,
71335.036328125,31054.09862899115,93472.8,93472.8,0.0,86425.6,1.3099626161254427,-1.7324247606314949,77801.31393231108,21756.895866394083,71335.03632812503,287.6999999999971,-88640.3,505.60062324303726,-22.525507031547708,3.099999999991269,3922.1292155216574,346.379787914417,228.97260273972591,9722.560734129718,18223.40450994321,70351.53944396412,71335.03632812499,983.4968841608653,2593.8821581811835,7.072780801185321,2.925136161520039,201765.95169522363,86777.41321446934,264298.27145257697,264298.27145257697,0.0,219635.6499015451,61153.26462827912,201765.95169522375,0.9868865369853612,0.9737581697085496,0.96061705489468,0.9474606290212503,0.9342899392477412,0.9211041475650886,0.9079055369926121,0.8946907866087566,0.8814623378114038,72143.015234375,30651.59713058212,90207.2,90207.2,0.0,84136.9,1.7077676870386034,-1.9161364601256028,78384.5332560115,21981.07495422369,72143.01523437507,146.90000000000873,-90207.2,505.9170993309699,-22.536067990024346,0.39999999999417923,3990.711220994796,352.4112277449929,198.75636007827805,9858.134004953927,18359.168349065843,71353.10848262029,72143.015234375,789.9067517547027,2842.4758215589945,7.211138020286365,2.955310517476693,204051.2611498839,85588.55940676999,254993.3118975869,254993.3118975869,0.0,221274.30641216415,61772.79005433667,204051.26114988388,0.9859622830337936,0.9719252497101151,0.957890228455703,0.9438551334982588,0.9298215210977635,0.9157899464273298,0.9017598179707185,0.8877290481206342,0.8736989966859879,
77722.509375,23373.503129008863,89737.2,89737.2,0.0,82966.55,7.043676824407852,-2.980883893457323,81161.0073376911,12751.349194335935,77722.50937499995,105.39999999999418,-89737.2,249.994036175471,-15.874162182819612,32.89999999999418,5619.715379346426,701.3223713956171,385.43764705882364,16164.26593568301,25142.225876009587,73180.52415051074,77722.509375,4541.985224489255,6301.835577631524,2.1583971714622203,2.037417729614069,219832.4537195901,62443.27686069187,252919.08486565424,252919.08486565424,0.0,228528.92712625407,35273.008075628844,219832.45371959015,0.94956893542672,0.8991642193234916,0.8487899016838973,0.7984400225328077,0.7481171281136667,0.6978227606821076,0.6475559508868435,0.5973200386941137,0.5471105870384426,99265.21484374999,29688.616638861953,110169.5,110169.5,0.0,107831.6,7.259857792325029,-3.0408017099675564,103609.82982277866,16285.69931030274,99265.21484375006,53.0,-110169.5,249.99673787835317,-15.874290486282726,17.5,6899.141812195508,860.7833325644,455.7396078431374,20610.937546219455,32124.761624075418,93489.114619933,99265.21484375,5776.100223817006,7932.518521227575,2.1583925986173886,2.0374175986018668,280764.4262078207,79626.59026111076,311265.6120065326,311265.6120065326,0.0,291837.38091686886,45341.528739982336,280764.42620782077,0.9511371759116133,0.9022829902020881,0.8534412216988895,0.8046038011033143,0.7557731000168609,0.7069502074381158,0.658135308658932,0.6093299296664153,0.560529133752261,
88848.330859375,22983.71746202099,96606.5,96606.5,0.0,94554.5,10.962649838054832,-3.591691576392931,91772.96532678333,11106.041357421884,88848.330859375,69.5,-96438.2,249.9976410586265,-15.874333217243473,15.5,6039.267015143152,753.5733241061138,401.05607843137255,17330.0232270366,29201.107511671205,84240.49983697347,88848.33085937501,4607.831022401538,5550.293494327418,2.1641880562198414,2.0401013698742303,251301.0289910803,65007.49589270035,273213.0494857082,273213.0494857082,0.0,259573.07582685692,31412.628623885008,251301.02899108027,0.9364055463802522,0.8727977034438141,0.8091747630608993,0.7455391694112548,0.6818936899963113,0.6182251990171586,0.5545446752238218,0.4908529262507071,0.4271571803008973,104808.030078125,27323.376705778024,118327.3,118327.3,0.0,109494.54999999999,10.544714400197812,-3.495334030690496,108311.08015093843,13101.003759765634,104808.03007812497,194.5,-117915.2,249.96965934467502,-15.873005473898042,24.5,7384.498073670221,921.5173886966546,514.518823529412,20459.3621752915,34439.12899232475,99250.76253744483,104808.030078125,5557.267540680173,6483.203324623036,2.164535831204777,2.0402642588961006,296441.8751641834,77280.74679436855,334601.3025118776,334601.3025118776,0.0,306349.6355081112,37055.234395522915,296441.87516418344,0.9348644647389418,0.869697968685419,0.8044961361956744,0.7392605197729517,0.673993073063644,0.6086936578974567,0.5433679316376747,0.4780178481383573,0.4126475389501735,
