428113.937890625,110591.41261965396,461016.4,461016.4,0.0,456192.4,11.040167412598485,-3.6088654632080743,442167.3940505207,53514.24223632809,428113.9378906249,52.79999999998836,-452770.4,250.00132526203214,-15.874508004783467,-5.5,28353.66631567196,3537.0174548250684,1819.7631372549024,83384.14294347518,140749.8397366553,405756.563826034,428113.937890625,22357.374064590942,26869.266663510396,2.164746924154974,2.0403579389235826,1210889.0744117496,312799.4412297612,1303867.4985592691,1303867.4985592691,0.0,1250638.1734792022,151361.13430146885,1210889.0744117496,0.9378395626768069,0.8756816835501146,0.8135266116055964,0.7513769190971197,0.6892328176055686,0.6270912695332642,0.5649536407142304,0.5028172408265255,0.4406839770559453,508398.45195312507,131382.93488390566,548882.5,548882.5,0.0,539351.9,11.018176901360146,-3.6039429686892475,525100.4299436847,63549.80649414052,508398.4519531248,64.79999999993015,-537419.4,249.99914832811461,-15.874404779423413,-2.400000000023283,33654.69478367023,4198.185279507889,2171.8952941176476,99007.85473355347,167148.79389905967,481764.77002508903,508398.451953125,26633.681928035952,31865.018622067553,2.164906333147697,2.0404308840060934,1437967.9716831916,371606.36458071583,1552424.689179157,1552424.689179157,0.0,1485208.1260831994,179745.99646039907,1437967.971683192,0.9378927918664054,0.8757915313499901,0.8136968147335378,0.7516076919775371,0.6895222520870176,0.6274424336865619,0.565367127738779,0.5032968002387104,0.4412306712073167,
413961.238671875,45200.739846662385,422571.0,422571.0,0.0,419987.6,79.4404482829198,-8.998861164936937,416421.6781165922,9808.55548095705,413961.2386718752,74.0,-414230.2,250.00041213139875,-15.874464691413062,2.7000000000116415,25940.20014552702,3235.9562229911603,1677.8741176470578,63490.950639952505,143080.16045509334,409396.6760731663,413961.238671875,4564.562598708643,4872.66685388121,2.1665014791899315,2.041165819525206,1170859.196053063,79340.90709495048,462845.93601381034,1194953.9623734488,732108.0263596384,1173544.305307931,27719.537240211008,1170859.196053063,0.6721211060015898,0.3442799909766886,0.016464059085648346,0.016521478069370724,0.01658038526307509,0.016643865817364357,0.016721404632505467,0.016788113490768804,0.016833516376404754,498524.60703124997,54327.57764368385,507594.9,507594.9,0.0,504070.6,80.08978798800005,-9.053045245669669,501476.0906646426,11684.170477294947,498524.60703125014,101.20000000001164,-503836.4,250.0017464006553,-15.874527973164563,11.299999999988358,31551.527312219383,3936.1735640138377,2026.5043137254902,76334.45478321864,172358.86324320533,493011.8825650959,498524.60703125,5512.7244661540935,5872.030156614846,2.1666173237633215,2.04121882184268,1410040.520880623,93523.25279724515,545236.992852834,1435633.6298975279,890396.6370446938,1413138.6589217195,32477.74273974556,1410040.5208806226,0.6675382328155917,0.3351175162021084,0.002752936490400361,0.0028662287217927217,0.0029931599359642553,0.0031106541835796025,0.0032160356693454904,0.003324007855935236,0.003438107186338577,
376071.478125,112430.8926950045,412802.8,412802.8,0.0,410002.55,7.2761870012445335,-3.045291641437645,392518.10441216326,61699.22687988283,376071.4781250001,54.79999999998836,-404340.2,250.00131273623563,-15.874507402015094,-13.700000000011642,25320.852738612695,3158.598945021142,1632.119215686274,78093.49009631012,121708.94471206181,354363.8861665978,376071.478125,21707.59195840225,30337.49629961999,2.157500821675251,2.037009977058637,1063690.7695721437,302558.67575332336,1166457.3116042574,1166457.3116042574,0.0,1105884.1736577046,172631.97066861525,1063690.7695721437,0.9526778249688255,0.9053467507737162,0.8580037153761728,0.8106508540790525,0.7632869504895913,0.7159115808952682,0.6685242329899411,0.6211220674479225,0.5737056455577442,455928.443359375,136322.55285745964,502328.0,502328.0,0.0,497191.0,7.27104452041816,-3.043892185823428,475872.44496994966,74800.76023864746,455928.4433593751,63.09999999997672,-488714.5,250.00191672732353,-15.874536044013205,-42.899999999965075,30604.596722824906,3817.6045982314567,1979.9505882352933,94679.60700161001,147551.40487876782,429594.30502917257,455928.443359375,26334.13833020244,36871.17118542819,2.157561963940421,2.037037875033428,1289560.3761409635,366973.719228556,1419551.723596307,1419551.723596307,0.0,1340759.3648068479,209388.0234203337,1289560.3761409638,0.9528249362514871,0.9056413357146131,0.8584446087721576,0.8112375138904908,0.7640194047973612,0.7167893395100413,0.6695470224717559,0.6222908049812415,0.5750217879657376,
200654.2578125,200690.80172308112,409037.1,409037.1,0.0,197180.9,-1.9985389673774556,0.001093432075839603,283793.8143697608,200654.25781250006,200654.2578125001,117.20000000001164,-399572.5,505.9838624656677,-22.53829550069199,0.0,17676.208167056295,1560.7740580037382,826.6205479452057,34108.84454514827,58568.695294624515,200581.06288235655,200654.2578125,73.1949301434604,11652.750004036063,2.58314680617164,1.9849434523203888,567535.9454926903,567639.0979001081,1156810.041656495,1156810.041656495,0.0,802689.9743307688,567535.9454926897,567535.9454926902,0.994129158873115,0.9882593934074039,0.9823912838079084,0.9765250630524043,0.9706601616705418,0.9647962026321653,0.9589337271242246,0.953072561562699,0.9472126929957521,244668.723046875,244700.4138963569,497266.6,497266.6,0.0,241074.8,-1.9989622040492112,0.0007773893743360746,346036.2359615489,244668.72304687227,244668.72304687503,123.09999999997672,-487280.0,505.988271822774,-22.538442496087857,0.0,21556.14667811651,1903.3792111702946,999.780626223092,41543.974183404454,71442.87009327213,244591.95852384254,244668.72304687498,76.7645230324485,14188.577616568673,2.5812431643024416,1.9846227266792333,692027.6528427947,692117.0952557614,1406217.1746273693,1406217.1746273693,0.0,978738.139567668,692027.652842795,692027.652842795,0.9941377950043743,0.9882765806455884,0.9824165940138035,0.9765579135366494,0.9707003921335493,0.964844612561599,0.958989999102919,0.9531365908502611,0.9472842871638626,
324088.4408203125,150732.31749622314,402964.2,402964.2,0.0,393625.95,0.837720942900603,-1.683036981374113,357426.2847233307,115203.31294784573,324088.44082031224,128.10000000003492,-402964.2,505.98057458924734,-22.53818591489636,34.20000000001164,17826.285212245344,1574.1524358439226,853.5567514677103,44758.141218363955,83050.21354682947,322459.0291002765,324088.4408203125,1629.4117200360022,13399.977312320887,6.868882807789129,2.873521235836503,916660.5368328724,420722.782505041,1138093.985818659,1138093.985818659,0.0,1008600.1187316576,321494.6575802396,916660.5368328722,0.9883042454665657,0.9766102511257263,0.9649177714336409,0.9532267721383317,0.9415376246609284,0.9298508099261201,0.9181650455868133,0.9064805167946268,0.894797553523599,388259.440625,180572.54374686943,482668.1,482668.1,0.0,471891.0,0.8381099565931027,-1.683272525807104,428196.0261254802,138014.09803466746,388259.44062500005,161.10000000003492,-482668.1,505.98226143635986,-22.538242137969192,42.09999999997672,21352.19674662848,1885.4993654282875,1018.997651663405,53627.33203588216,99489.43135983768,386303.07091468066,388259.440625,1956.3697103193028,16086.675640983607,6.870096356674967,2.873775112413958,1098163.5333025332,504015.1455778798,1362906.9903457102,1362906.9903457102,0.0,1208302.285377047,385157.87620752543,1098163.5333025332,0.9882993151495569,0.9766002068291378,0.9649033739455055,0.953208995572981,0.9415170046561836,0.9298274002497171,0.9181395722610254,0.9064539998914906,0.894770118288563,
322553.581640625,176536.28807965756,422048.9,422048.9,0.0,418615.55,-0.36215731726618205,-1.2793880287265125,367703.5137690952,148677.04153747525,322553.5816406249,58.90000000002328,-414454.1,250.00197272227126,-15.87453870611661,-2.7000000000116415,25954.186334148973,3237.6643936947344,1662.4874509803924,79248.11030221081,103012.02919171413,314520.34286550747,322553.581640625,8033.238775117584,36701.01362232148,1.5232264850643435,1.7592709640475583,912319.2994963787,489137.6058980709,1193631.036296527,1193631.036296527,0.0,1035172.4985417934,410368.5592276505,912319.2994963786,0.9821044045707756,0.9642089774440702,0.9463143507411257,0.9284196092843161,0.9105252874444593,0.8926308603657748,0.8747374500016445,0.8568438801474666,0.838949536441233,374530.12578125,204970.1007862937,489799.1,489799.1,0.0,485433.80000000005,-0.36169823391255607,-1.2798510463926658,426949.1273372768,172634.9798522952,374530.1257812501,102.79999999998836,-485504.6,250.00232629414802,-15.874555473133377,0.0,30403.525895251933,3792.979595540182,1945.5478431372537,92012.58805100177,119615.23979394435,365218.45824703586,374530.12578125,9311.667534214124,42573.617808841234,1.5230323110052426,1.759185855986694,1059331.16679429,567709.8409856355,1385171.590854253,1385171.590854253,0.0,1201863.962557197,476032.2698771397,1059331.16679429,0.9819592993125834,0.9639203814611622,0.9458820413082807,0.9278455859783885,0.9098095837805263,0.8917747457825462,0.8737415537751405,0.855709050354898,0.837677426570621,
333686.6984375,137168.84986142904,393901.0,393901.0,0.0,388872.9,2.0862767661038193,-2.0211038730228394,360779.858205009,96456.31126708997,333686.6984374998,105.40000000002328,-387989.9,250.00031896768746,-15.874460267529102,0.0,24296.956889796456,3031.0918908112308,1573.0086274509802,76425.0876675931,106108.23513053144,325348.5989360759,333686.6984375,8338.099501424036,40125.81168574011,1.980925408121915,1.9542175698839948,943808.5090276273,376430.54300126253,1113952.122872083,1113952.122872083,0.0,1016107.501899862,269217.27828221145,943808.5090276275,0.9724969118110195,0.944991086368316,0.9174836433804155,0.8899747906082182,0.8624644673104901,0.8349503298306176,0.8074342447248309,0.7799160258480591,0.7523954323602338,400857.83359375,164776.68896211794,472365.1,472365.1,0.0,467714.3,2.086747729590047,-2.021324958656165,433403.2302357623,115872.96752319316,400857.8335937498,87.39999999996508,-464844.1,250.00064593208407,-15.874475775533192,0.0,29109.765420806674,3631.412970396002,1881.5658823529407,91810.79142282666,127465.77484086249,390831.02501944394,400857.83359375,10026.808574306078,48233.28305919961,1.9811407153496896,1.9543111193804166,1133797.1697035574,452268.89013460145,1335775.3385069214,1335775.3385069214,0.0,1220673.2449805646,323493.4381830612,1133797.1697035579,0.9725639217025936,0.9451257191981863,0.9176846604019315,0.8902412651078883,0.8627959221722945,0.8353476642392,0.8078971889103362,0.7804425438898455,0.752983684187287,
359746.7443359375,92961.51429637852,391191.0,391191.0,0.0,382547.80000000005,11.02179811915907,-3.604749791638776,371563.6731444319,44968.34304199224,359746.74433593784,185.60000000003492,-386876.8,505.9764530509114,-22.538048316558612,-7.600000000034925,17114.638100791286,1511.198668816372,829.0575342465754,43391.869779241926,91467.23687275851,352428.6265528327,359746.7443359375,7318.117783104766,19057.350306732988,8.01564078648932,3.157720215336183,1017517.4497188987,262934.2854079687,1105117.5307479384,1105117.5307479384,0.0,1050940.6257850397,127189.68121486231,1017517.4497188985,0.9683494101524881,0.9367038603171391,0.9050632954678677,0.8734268372713114,0.841794111276926,0.8101658476073268,0.7785412677630835,0.7469192548211456,0.7153001806485875,433857.08632812503,112097.67195389236,474554.6,474554.6,0.0,461506.25,11.029008001275013,-3.6063317790647997,448104.7415667598,54232.1357910157,433857.0863281252,203.20000000001164,-461670.3,505.97366567454947,-22.537955401511475,-26.70000000001164,20423.3905092362,1803.294018481845,996.7573385518591,52326.27982817106,110312.83569044524,425058.22005779966,433857.086328125,8798.866270325318,22931.006042108977,8.01510429027472,3.1575809786357265,1227133.1512338184,317059.2994471853,1340381.608856266,1340381.608856266,0.0,1267431.4065159434,153391.64390422736,1227133.1512338184,0.9686780709566662,0.9373590966349241,0.9060432598307413,0.8747310228662311,0.8434223588767809,0.8121153224892854,0.7808115548633752,0.7495113960072426,0.718213323176649,
208286.84902343748,197978.02822999711,400431.9,400431.9,0.0,392161.8,-1.9892198093662647,-0.10130490484230695,287365.11816493975,197709.7824714643,208286.84902343762,61.0,-393022.2,505.99554735746824,-22.53868503376928,0.0,17386.33651317702,1535.1949142351411,792.8825831702542,37490.73513311073,58234.348576254306,200977.3301670488,208286.84902343748,7309.518856388663,10042.84625729916,3.1380482011715447,2.134931479659311,589124.1735058052,555912.6155486788,1132523.6460838444,1132523.6460838444,0.0,810003.7826671373,552303.9126616925,589124.1735058053,0.9941687539292481,0.9883384772160028,0.9825092716491175,0.9766812558256366,0.9708539583418124,0.9650282007486435,0.9592036691655323,0.953380040833637,0.9475572518388775,248809.352734375,236506.8511507933,479277.3,479277.3,0.0,467156.15,-1.988878924039224,-0.10100273305919162,343280.62084737915,236174.50279083112,248809.35273437484,76.09999999997672,-468765.4,505.9931513816731,-22.538605172227566,0.0,20737.058632211865,1831.0336334496155,949.7180039138947,44824.95423723447,69537.73575243576,240062.13361085093,248809.352734375,8747.219123524057,11988.611640352517,3.140802752561985,2.1352938753296553,703739.1221644491,664115.166466997,1355532.0080392908,1355532.0080392908,0.0,967624.7756213543,659755.4270291717,703739.1221644491,0.9941620590962394,0.9883255338358158,0.9824901857834257,0.9766559338180427,0.9708227519358503,0.9649907893625876,0.9591601003330754,0.9533305045833435,0.9475023852266082,
385423.230078125,89259.38225767043,411773.1,411773.1,0.0,407960.65,14.657330001234019,-4.075014574079431,395623.9421532476,39144.54680480956,385423.230078125,84.90000000002328,-399616.0,249.99899353967112,-15.874397412815341,-3.400000000023283,25025.071919612234,3121.6721107266376,1628.3266666666664,71718.46685173681,128075.42583171552,367869.8487588616,385423.230078125,17553.38131926344,19815.71859469903,2.165792660244807,2.040840764364395,1090141.5184602607,233200.16667346272,1164588.7465796329,1164588.7465796329,0.0,1114805.2960079503,109779.0941338069,1090141.5184602605,0.9243021934538113,0.848612407264939,0.772925427326607,0.6972404859245331,0.6215573317937461,0.5458722192991466,0.47019019342855,0.3945090766831598,0.31883145660112927,458300.9,106180.86008577498,490825.4,490825.4,0.0,485387.3,14.628414576364005,-4.069404615788997,470440.315012824,46546.18515625,458300.89999999985,92.29999999998836,-474377.5,249.99681398722848,-15.874294058079967,-0.7999999999883585,29706.918505717375,3705.6408981161126,1943.8407843137259,85292.03539554102,152287.93448745183,437445.72370135086,458300.9,20855.176298649152,23452.209153121177,2.165721554411765,2.0408084263181765,1296270.6968555914,277506.1702630142,1388086.0375189306,1388086.0375189306,0.0,1325642.2571948005,130587.78871071132,1296270.6968555914,0.9244901613245788,0.8489803557762395,0.7734745771240974,0.6979697997487748,0.6224649128605084,0.5469636229149999,0.47146356337142076,0.39596788140633327,0.3204757292793244,
300763.6205078125,160102.14423569723,393524.8,393524.8,0.0,383151.45,-0.18795593365655971,-1.3449259256647224,340721.9570409802,132758.9418647769,300763.6205078128,106.90000000002328,-380496.4,505.98307717521357,-22.538269310444438,0.0,16832.338944709067,1486.2253047437703,795.5481409001957,43617.636118066766,77448.61680384092,300188.9207808059,300763.6205078125,574.6997270065327,10873.295389964835,6.378477372913711,2.763713314631216,850687.9823811665,450646.81665483816,1112726.5653989306,1112726.5653989306,0.0,962679.9035654993,372175.9922917602,850687.9823811667,0.9907252122188657,0.9814509626411239,0.9721771034470025,0.9629032149365364,0.9536298551433279,0.9443565838816638,0.9350835180910111,0.9258105180313617,0.9165377920854154,369615.9875,196747.89881900072,482995.2,482995.2,0.0,471686.55,-0.18774098970373743,-1.3451388380431886,418719.13486881886,163150.80698242123,369615.9874999997,97.09999999997672,-465589.8,505.98652695284215,-22.538384294985494,0.0,20596.653133006097,1818.5991475216401,971.2657534246575,53568.903486282485,95199.98266220014,368910.4559056164,369615.9875,705.5315943836018,13309.179421991339,6.3741540313656575,2.7629522881535484,1045431.884784849,553817.5002813867,1365944.6857223487,1365944.6857223487,0.0,1183064.5161371063,457376.4495933711,1045431.884784849,0.9907818430797546,0.9815633576132148,0.9723444733581836,0.9631254774908297,0.9539059958796403,0.9446864336459878,0.9354663053905411,0.926245728558732,0.9170241557954889,
358688.4978515625,92728.38621752616,392828.8,392828.8,0.0,379827.94999999995,10.99781587983736,-3.599332276947905,370480.7580718828,44836.06223144525,358688.49785156274,84.20000000001164,-379771.8,505.98031058655437,-22.538177101357086,0.0,16800.313072888974,1483.3779052623047,800.255577299413,43262.54677712906,91202.02704378558,351431.524065351,358688.4978515625,7256.973786211504,18973.64309909037,8.014048345143879,3.1573088272782,1014524.2766578251,262274.9561146787,1109451.1760777964,1109451.1760777964,0.0,1047877.693499122,126815.53458222818,1014524.2766578249,0.9688750098315403,0.9377548317594229,0.9066409001748778,0.8755326233427353,0.8444288381376502,0.8133299320140405,0.7822355240768009,0.7511463771764445,0.720060705050806,434079.2529296875,112224.68345254016,473046.4,473046.4,0.0,459174.1,10.994748323138449,-3.5986505845375243,448351.62250182446,54259.90661621092,434079.2529296873,93.90000000002328,-459284.7,505.9819534321557,-22.538231887546612,0.0,20317.77606219786,1793.9685839131996,961.2657534246576,52352.66850650525,110374.4095606856,425333.0683256208,434079.2529296875,8746.184604066742,22879.736498079295,8.0131634954061,3.157079897097934,1227761.5332758904,317418.76503639686,1336663.1817813793,1336663.1817813793,0.0,1268129.746906521,153470.1916594864,1227761.5332758904,0.9689151565804714,0.9378337751287249,0.9067566709348004,0.875683381285904,0.844614673189002,0.8135495342029219,0.7824872611868978,0.7514282515825579,0.7203743220571559,
256039.617578125,172632.64733213,378840.9,378840.9,0.0,370858.2,-1.3455222160331213,-0.8086341848386919,308801.4195149563,160024.76098632772,256039.61757812515,88.29999999998836,-373287.4,505.9872047260668,-22.53840690146491,0.0,16513.38524396547,1458.1066187706153,773.733072407045,40323.38493786594,67233.28646688278,251466.34050869336,256039.61757812498,4573.277069431619,10702.480152831322,5.2265883329879745,2.523061849880675,724189.3993676102,488278.6906480186,1071422.37234482,1071422.37234482,0.0,873422.215138454,452618.3746047569,724189.3993676103,0.9927924338318338,0.985586184085295,0.9783813528932669,0.9711774154041697,0.9639749126180671,0.9567743988973427,0.9495753119391896,0.9423779906735752,0.9351823426120802,316257.603515625,213228.19126057968,464650.9,464650.9,0.0,458528.9,-1.345493585859057,-0.8088160766056828,381425.1346328722,197661.00219726568,316257.6035156248,93.0,-460192.9,505.99334226294405,-22.538611501438805,0.0,20357.822976357573,1797.5897005602678,942.3800391389433,49737.88964986711,83090.43924728857,310634.95616466145,316257.603515625,5622.647350963573,13154.699446895325,5.218249283553861,2.5215526826839114,894511.58419082,603100.2775495001,1313904.2075667703,1313904.2075667703,0.0,1078833.128445662,559069.7401192625,894511.58419082,0.9928318015612766,0.9856641642817611,0.9784972673826846,0.9713314650155476,0.9641667069161426,0.9570031334255721,0.9498409388710992,0.9426802926678498,0.9355204368542211,
217667.8451171875,197407.92338240464,404272.4,404272.4,0.0,388831.35,-1.9599455311410132,-0.19462166170286335,293852.308161963,196411.21961746062,217667.84511718753,63.70000000001164,-389039.9,505.9908041218136,-22.53852690997837,0.0,17210.22828556246,1519.573092167999,796.0293542074365,38636.96599091434,60027.250330770425,216300.8703059843,217667.84511718748,1366.9748112031675,16817.858191771866,3.453402915013376,2.1923980822293943,615657.6373145059,556497.683956217,1143337.5007992089,1143337.5007992089,0.0,829893.9683069838,553641.4095749875,615657.6373145059,0.9941575728928228,0.9883147782588051,0.9824717350880919,0.9766282512705466,0.9707847926667779,0.9649409873412094,0.9590973144611387,0.9532541653293646,0.9474112885008974,257940.876953125,233935.69924706026,479320.3,479320.3,0.0,460427.75,-1.9598695891358946,-0.19453896982470478,348223.2148860242,232751.33818817133,257940.87695312515,66.39999999996508,-461797.4,505.98863502091547,-22.538454597051555,0.0,20428.869311606664,1803.772904515535,948.8906066536204,45782.28086698702,71136.10892347933,256326.0261312375,257940.876953125,1614.8508218874827,19891.460774941585,3.4532666147316977,2.1925090920836854,729566.9729550383,659462.9696106471,1355654.9385532,1355654.9385532,0.0,983442.6146524621,656067.8805987174,729566.9729550383,0.994151048977416,0.9883014278442214,0.9824515286074591,0.9766017872541152,0.9707518367155789,0.9649020550581262,0.9590523218126195,0.9532032025191887,0.9473543788540493,
212840.3158203125,194507.70181616084,393896.8,393896.8,0.0,388818.75,-1.967353395030567,-0.18031917605223247,288330.09919932886,193717.94369582977,212840.31582031248,119.90000000002328,-389060.9,505.9971557042667,-22.538738628578763,0.0,17211.08170165766,1519.75191194889,784.6090019569468,37853.22673209701,58834.17335944245,212651.62527969285,212840.3158203125,188.69054061965159,15581.529504417258,3.3997600670034815,2.1827062581524888,602003.3225057176,548266.4139782173,1113994.1957255634,1113994.1957255634,0.0,814250.6131434331,545565.5110208062,602003.3225057175,0.9941083209521121,0.9882171720013593,0.9823265021904409,0.9764360375989595,0.9705458725424585,0.9646563049967151,0.9587670120538834,0.9528778401394877,0.9469891600938134,244195.8703125,223167.87869799705,452948.9,452948.9,0.0,442942.05000000005,-1.9672145488597226,-0.18017490623979387,330810.4066685982,222256.39758911,244195.87031249993,164.30000000004657,-441669.7,505.9892229400967,-22.538474161528438,0.0,19538.447858598945,1725.193733173494,907.1007827788651,43379.27435120863,67536.38737766568,243951.75165911115,244195.8703125,244.11865338884394,17928.036713118712,3.395160426016627,2.1822650625117945,690690.223342878,629097.0816137788,1280634.5506692305,1280634.5506692305,0.0,934246.2858991779,625938.0149044832,690690.2233428782,0.9941665894171954,0.9883341645941549,0.9825021920054914,0.9766708609284723,0.970840104140416,0.9650096979524792,0.9591796787919589,0.9533501445173236,0.9475208066040479,
296376.121484375,150568.9239486736,381654.8,381654.8,0.0,371253.9,0.13213693725878084,-1.4592534911650359,332430.1524308263,121560.51857757596,296376.12148437515,109.59999999997672,-376271.0,505.9796216709538,-22.538154079915074,0.0,16645.43399797198,1469.7660617108527,796.307045009785,42298.52944921944,76130.7519228601,294548.9669088196,296376.121484375,1827.1545755553666,13647.537427692434,6.57140385958847,2.80532945287727,838278.2611334785,423597.44793192163,1079382.2026699586,1079382.2026699586,0.0,939225.8732506282,340550.54358547565,838278.2611334781,0.9898084412267518,0.9796193899440108,0.9694316695671684,0.9592466366695538,0.9490640758316283,0.9388830361717021,0.9287035354750586,0.9185263866774152,0.9083515709468641,356337.7998046875,181026.59915462346,457236.6,457236.6,0.0,446152.35,0.1323832850674438,-1.4594554738597005,399683.94660172955,146154.17570114136,356337.79980468773,123.79999999998836,-455440.6,505.9784295105866,-22.538114363732454,0.0,20147.73845430577,1779.0506462521262,967.1191780821915,50867.14024393043,91525.79906494236,354186.94842716435,356337.7998046875,2150.851377523141,16432.498638353114,6.573120678544141,2.8056048191475047,1007875.4985399559,509246.96718374797,1293152.532727254,1293152.532727254,0.0,1129223.403115172,409449.42128185695,1007875.4985399557,0.9897362797776722,0.9794746366951435,0.9692146978094647,0.9589565779725229,0.9487006108561354,0.9384462534957895,0.9281934192720604,0.9179426943881984,0.9076941027869582,
309423.27382812503,151509.46213209428,390510.5,390510.5,0.0,382408.65,0.41033598949500005,-1.5521010951300724,344525.5861355892,119659.7816757205,309423.2738281252,131.5,-390510.5,505.9892495695927,-22.538475040664085,8.900000000023283,17275.28189125234,1525.485710456073,815.8594911937377,43451.75811546046,79443.38568703915,306978.6490590975,309423.27382812503,2444.624769027508,15169.468052070446,6.691126255782441,2.832581253134857,875181.1807232369,423291.575460062,1102666.5572229896,1102666.5572229896,0.0,972171.7219440094,333976.0342600916,875181.1807232368,0.9892108150452377,0.9784225690369569,0.9676358405971272,0.9568501589535015,0.9460663719953719,0.9352843194716747,0.9245045661143904,0.9137272055987952,0.9029523365693207,368848.31640625,180621.92120214173,465488.4,465488.4,0.0,455251.35,0.4094523901889824,-1.551471272505352,410698.6230004646,142640.55986022952,368848.31640624994,112.5,-461025.0,505.9814541075102,-22.538215209002875,8.100000000034925,20394.750397746466,1800.863706863873,972.6027397260272,51805.376572343994,94695.86373379365,365949.77936019603,368848.31640625,2898.537046053945,18107.757740872326,6.691986706786961,2.8326354712845023,1043260.5830404029,504745.8246772696,1316392.7284617997,1316392.7284617997,0.0,1158948.2264773257,398359.0836891085,1043260.583040403,0.9893048711560952,0.9786093600080443,0.9679133173561576,0.9572183874500584,0.9465238612389735,0.9358306523239174,0.9251387823509278,0.9144485857332605,0.9037596915439381,
255484.80234374997,186521.1644804149,395066.5,395066.5,0.0,388769.65,-1.5906170022557609,-0.6394151351642818,316326.77570473717,177641.77662963813,255484.8023437499,76.0,-387651.3,250.00106354914192,-15.874495584171978,0.0,24275.7407744399,3028.344858131482,1561.3807843137251,67909.28177187593,83756.51994128378,249983.37795954186,255484.80234375002,5501.424384208152,29244.876561091365,0.7161564286344633,1.4607843525863184,722620.1449094818,523652.17490243283,1117300.2381256623,1117300.2381256623,0.0,892407.6838021108,496801.34962526883,722620.1449094816,0.9868526092909874,0.9737037412872976,0.9605544641126437,0.9474043740663887,0.934253777064974,0.9211025857712948,0.9079507702886879,0.8947989645964074,0.8816460433514929,304424.77421874995,222262.30441699387,471471.2,471471.2,0.0,461955.45,-1.5905811887489485,-0.6390862625438299,376928.34215920855,211670.35082397537,304424.7742187501,72.80000000004657,-459971.0,250.00033972590649,-15.874461260040809,0.0,28804.62590253619,3593.1858054594495,1858.073333333333,80912.3021939334,99806.48302408682,297901.2442626665,304424.77421874995,6523.529956083458,34856.56257931221,0.7157103543951209,1.4606453238485655,861043.2888450474,624033.294374695,1333188.1055052383,1333188.1055052383,0.0,1063396.96151213,591967.26108097,861043.2888450474,0.9868982113654132,0.9737954191217241,0.9606918355712771,0.9475871332983338,0.9344812776299468,0.9213751069487599,0.9082676932367711,0.8951588059982262,0.882049249840421,
349876.0388671875,90363.288456327,376294.2,376294.2,0.0,373716.4,11.050899060661333,-3.6112725257789697,361356.8409121862,43734.50485839841,349876.03886718757,103.5,-376294.2,505.9901837103549,-22.538506201116135,7.600000000034925,16646.371463237097,1469.8948219407819,780.5152641878667,42185.84006071468,88965.24747384562,342808.67992587324,349876.03886718745,7067.358941314241,18423.987884481532,8.014082770384752,3.157317074415178,989598.8786307056,255585.72387236782,1063756.6277299765,1063756.6277299765,0.0,1022071.4274621478,123699.85982883815,989598.8786307055,0.968342790419347,0.9366926174835549,0.905049005918568,0.873411714019264,0.8417818098422316,0.8101585434104409,0.7785411004461417,0.746929544936987,0.7153246046177514,419867.18789062503,108457.52562714017,452728.7,452728.7,0.0,448713.9,11.041971553254097,-3.6092892726457197,433649.04050665576,52483.39848632817,419867.1878906247,181.40000000002328,-452728.7,505.98939774993494,-22.538479972812816,0.0,20027.662078406687,1768.4749667778533,941.7667318982383,50627.490567423105,106761.19147205056,411368.2867732494,419867.18789062503,8498.901117375672,22157.988595896226,8.01425063131968,3.157361898947063,1187563.743020749,306763.87988597056,1279901.8466225653,1279901.8466225653,0.0,1226544.6268848705,148445.46787759374,1187563.743020749,0.968265927734466,0.9365368210246052,0.904812794620142,0.8730933317970723,0.8413781264396444,0.8096679806720294,0.777962529446322,0.7462613155042791,0.7145649496106529,
358677.236328125,89599.29956067058,389494.8,389494.8,0.0,378149.55,12.051652046432137,-3.7421902263461972,369699.0591572344,42032.48863220215,358677.236328125,65.79999999998836,-377121.7,249.9988973697859,-15.874392840051042,-24.70000000001164,23616.436472782687,2945.8675586312925,1544.5368627450982,68802.07238049732,118347.50985587022,340495.6334533173,358677.236328125,18181.602874807733,20967.384695812187,2.165647301946418,2.040772206052107,1014492.4242594686,245632.08286209,1101585.4616652336,1101585.4616652336,0.0,1043805.5369708583,118478.26205110239,1014492.4242594684,0.933883470067899,0.8677370427014696,0.8015616272857673,0.7353612115454943,0.6691365313330222,0.6028882212540715,0.5366195922627118,0.47033491436132135,0.4040323221279955,432090.70078125,107898.25958409306,467268.6,467268.6,0.0,456444.25,12.073677726624187,-3.7469819097642008,445358.740930172,50635.62899780275,432090.7007812502,111.70000000001164,-455705.9,249.99963577606113,-15.874427848952607,-23.5,28537.554888212915,3559.8598754325308,1863.0490196078433,82893.29904020739,142567.0776966416,410236.78339991655,432090.70078124997,21853.917381333446,25717.848125254437,2.1656421436381397,2.040769520150298,1222137.0584402776,295732.16460315307,1321504.2619616413,1321504.2619616413,0.0,1257408.6459039163,142697.35942638715,1222137.0584402776,0.9336557948710804,0.8672900946889026,0.800902216345966,0.7344957856549619,0.6680726097655836,0.601634230970143,0.5351821178478849,0.4687169293709817,0.40224469435724675,
267624.925390625,170659.7808264359,381224.8,381224.8,0.0,375419.0,-1.1340915430496643,-0.9302465129279012,317408.03625942545,154720.65999145532,267624.925390625,119.79999999998836,-379354.5,505.9908642928151,-22.538528880687913,0.0,16781.7465441536,1481.8376821473648,782.4814090019571,41269.350154013984,69878.17919096471,266395.99463751604,267624.925390625,1228.9307531090053,14137.963156139966,5.526221038324319,2.5822206486496846,756957.5982330192,478020.14117223746,1078182.242462285,1078182.242462285,0.0,895258.6558581977,432682.9324231882,756957.5982330194,0.9923444872448265,0.9846900894274918,0.9770368377311412,0.9693846506974974,0.9617338593814011,0.9540845812389079,0.946436940551509,0.9387908657820555,0.9311460045459878,319151.93867187505,203533.2286318281,456809.2,456809.2,0.0,446882.94999999995,-1.134289465097914,-0.9297407904443403,378528.3808584401,184509.71454467683,319151.93867187516,180.5,-453651.5,505.9809240006072,-22.538197493707962,0.0,20068.568244589096,1772.052602433343,954.1700587084146,49272.470322793764,83297.09238926032,317662.5186884145,319151.93867187493,1489.4199834604317,16963.03436933611,5.532731356473578,2.583116544203219,902698.0002548639,570068.4639094424,1291779.402068868,1291779.402068868,0.0,1067633.7074147677,515933.53963374766,902698.0002548642,0.9923067819512723,0.9846145504326244,0.9769232094703629,0.9692330575875336,0.9615438616718711,0.9538560402682981,0.9461694375923577,0.9384842019359295,0.9308000893700994,
337838.295703125,111214.39174434096,383356.2,383356.2,0.0,373431.30000000005,5.327001705957802,-2.704037619090288,355673.10128073493,65984.04212951651,337838.2957031249,128.09999999997672,-382253.9,505.9848691961086,-22.538329040738095,37.70000000001164,16910.072496417335,1493.2581638397505,808.7362035225048,42176.750950839065,86181.237552816,336972.2350581917,337838.295703125,866.0606449333108,19435.43703041655,7.671622328256218,3.068254096425587,955550.9993447433,309064.2576226948,1084147.678111087,1084147.678111087,0.0,1004290.0117439209,183673.54922644043,955550.9993447431,0.9793636741901766,0.9587220779597762,0.938075608693405,0.9174237876331377,0.8967649233282812,0.8760998368968271,0.8554300874172844,0.8347559503051298,0.814077393487296,405527.517578125,133489.0694086692,458127.9,458127.9,0.0,449279.55,5.328927489176703,-2.7046919456217986,426933.13195940753,79204.59327697752,405527.517578125,161.09999999997672,-456361.7,505.9833862191536,-22.538279605225306,38.0,20188.441552178658,1782.7098931146766,963.7829745596867,50626.64726509962,103447.499095865,404549.3621017862,405527.517578125,978.1554763388247,23284.414059787054,7.672114649265826,3.0683611459564037,1147005.0305489562,371035.4290915774,1295535.9068439214,1295535.9068439214,0.0,1205523.881864554,220636.5444426004,1147005.0305489562,0.9794683219001223,0.9589300048191262,0.9383860411968583,0.9178363706183891,0.8972807773074992,0.8767184212472181,0.8561496845201845,0.8355755817124624,0.8149954564400294,
295516.36796875,155484.8080455066,380408.1,380408.1,0.0,376564.5,-0.11090356668250134,-1.3742748076475448,333924.31668027653,128134.0501739508,295516.3679687501,111.59999999997672,-379490.8,505.99025351802896,-22.53850852249531,0.0,16787.783472880186,1482.4161388781322,786.6827788649705,42790.71090378271,75992.42264627646,293504.7779339097,295516.36796874995,2011.5900348402754,12194.93940420586,6.43899552065929,2.7777767356805185,835846.5109692889,437533.0138596787,1075847.1990941116,1075847.1990941116,0.0,943437.6122016057,361490.0279540965,835846.5109692886,0.9904009401474787,0.9808038170167087,0.9712081931137629,0.9616140536132467,0.952021151011823,0.9424284745365714,0.9328368413645717,0.9232468042674109,0.9136583821833307,354044.18300781253,186301.97334855807,459310.3,459310.3,0.0,450002.8,-0.1119161042905299,-1.3733757441030605,400069.62993363576,153511.34497604362,354044.1830078128,127.89999999996508,-456172.0,505.98418655344875,-22.538306282616336,4.0,20180.037699736313,1781.9354797201213,958.8446183953032,51334.23528947654,91001.70781985087,351620.3926610778,354044.1830078125,2423.7903467346937,14690.322808396508,6.447326803207137,2.779215420598311,1001388.1705779013,524234.7673249925,1298974.9560295613,1298974.9560295613,0.0,1130309.8510787408,433067.2884624033,1001388.1705779012,0.9903398299923465,0.9806808642565181,0.9710225986997574,0.9613659280991314,0.951710570425853,0.9420565821412831,0.9324036758627958,0.9227522773222844,0.9131014371711493,
345961.92265624995,76737.42778779865,365981.7,365981.7,0.0,362513.85,16.367778277944804,-4.2847608679442635,354370.26504984405,32433.93024902349,345961.92265624995,97.29999999998836,-365408.2,250.0000741875725,-15.87444867135273,43.90000000002328,22882.84323483769,2854.8489750096132,1488.9015686274513,63233.199630010546,115425.53255794776,331067.1765664968,345961.92265624995,14894.74608975318,16279.902780851196,2.166340996007925,2.041091726880775,978528.0861702812,196898.51427539304,1035045.0872099826,1035045.0872099826,0.0,998141.3929639078,90028.50088601818,978528.0861702812,0.9159415724331562,0.8319013315727432,0.7478775884137999,0.663873057305051,0.5798893471858293,0.4959242367720443,0.4119747096311027,0.32803942472715775,0.24412293381232286,416645.537890625,92446.23736950825,442793.8,442793.8,0.0,435806.65,16.34239172072334,-4.280062454668901,426778.4097725043,39060.51917724607,416645.5378906249,105.20000000001164,-436047.5,249.99839660618105,-15.874369118791872,24.29999999998836,27306.503028280466,3406.5294425221077,1777.7239215686272,76181.68786541722,138996.62096894154,398728.65655732114,416645.53789062495,17916.881333303798,19557.31741095087,2.1662858926755266,2.041066454882034,1178451.5407743105,237682.0594331797,1252318.919236023,1252318.919236023,0.0,1202181.6814981601,108775.02957345356,1178451.5407743105,0.9167767786811558,0.8335677858477561,0.7503733465673604,0.6671901300044775,0.5840233597540068,0.5008688511654167,0.41772400549666056,0.3345918045474696,0.2514673209519349,
336773.9828125,110804.26228336559,376978.0,376978.0,0.0,372512.75,5.344244542218686,-2.709504312755389,354533.9194485556,65776.1685180664,336773.9828124997,137.0,-373576.6,249.99995498431537,-15.874443011562526,27.400000000023283,23394.37025172895,2918.634617454819,1519.2258823529405,72744.71225605505,107932.75347444459,317746.9069264307,336773.9828125,19027.075886069266,31486.664437022868,2.142026692543098,2.029833855401338,952540.6678956824,307256.95857163664,1066182.357542837,1066182.357542837,0.0,1000869.9029273711,180368.85630234488,952540.6678956823,0.9595813959407947,0.9191682615296045,0.8787586794993132,0.8383527606653243,0.7979500606810273,0.7575496856636058,0.7171517083312096,0.6767551910140285,0.6363619365096228,396338.925,130419.93041496824,445110.6,445110.6,0.0,438397.7,5.339869770512994,-2.708122081472565,417245.61318197317,77409.94628906257,396338.92500000034,112.5,-437772.5,249.99687940511564,-15.87429718734597,30.0,27414.567898270838,3420.025928489046,1790.4082352941175,85615.31236188102,127019.24733013172,373914.3256851085,396338.92500000005,22424.59931489155,37094.48004329284,2.142280672401032,2.0299487675471837,1121015.766062746,361716.0398417001,1258487.6127290772,1258487.6127290772,0.0,1177928.1986776646,212567.53921278837,1121015.7660627458,0.9597532397168543,0.9195131016346219,0.8792778111847738,0.8390471868906679,0.7988216081542068,0.7586000418456335,0.7183832456029478,0.6781712315789339,0.6379634571957891,
361421.188671875,64935.98191200318,376115.5,376115.5,0.0,372719.6,26.990204046258555,-5.382097349748609,367208.32965479844,22588.824291992194,361421.188671875,112.29999999998836,-375030.6,249.99986402912498,-15.874438697798965,35.600000000034925,23485.424986460574,2929.9841906958795,1528.5749019607842,61383.47649169549,122490.32165758884,350424.653914308,361421.18867187505,10996.534757567055,11323.388100274766,2.1665997944407094,2.0412107771172514,1022253.4934975419,183666.17735827767,1063678.0328112475,1063678.0328112475,0.0,1038621.9089126375,63890.84334359641,1022253.4934975419,0.8742995380694518,0.7486280971017891,0.6229785765134805,0.49735349680471963,0.37175686426877197,0.24618484029346974,0.12063322043980648,-0.004888274747268406,-0.004816263130907436,419366.92304687505,75454.61905450847,439544.3,439544.3,0.0,434408.75,26.820019748987804,-5.357602092579655,426100.94541371835,26210.43269042964,419366.9230468752,145.70000000001164,-432106.2,249.99339234394472,-15.874131807535495,27.600000000034925,27059.82315540086,3375.687941560947,1788.9050980392155,71251.64294048966,142118.41657755064,406612.02848248027,419366.923046875,12754.89456439472,13119.676744456196,2.166541963593896,2.0411842979308346,1186148.7803671297,213416.38484105456,1243113.3081837897,1243113.3081837897,0.0,1205195.2051369331,74134.29877294559,1186148.78036713,0.8755296858031236,0.7510884249688679,0.6266838153106566,0.5023149639184071,0.37798391491126393,0.2536899052146946,0.1294331750737182,0.005211860757968419,0.005355459100319541,
407541.51953125,112359.89010545016,450128.7,450128.7,0.0,440884.4,9.17701483908823,-3.3319590613387846,422746.77414067765,57310.52618408199,407541.5195312496,61.09999999997672,-423448.1,249.99782340231465,-15.87434189174687,-103.0,26517.70799497026,3307.331472510571,1771.4180392156861,81686.09377970274,133058.92388613743,385039.5312578529,407541.51953125,22501.988273397103,28910.142220253314,2.1626039781164987,2.0393704252597082,1152701.488302467,304264.82190271275,1272997.7267217378,1272997.7267217378,0.0,1192181.950451445,159939.5982625748,1152701.4883024674,0.9462896864101384,0.8925571586301458,0.8388020603660722,0.7850260871799056,0.731230797311591,0.6774125759935568,0.6235748432244467,0.5697157416851851,0.5158368738598882,518326.246484375,142809.5337259208,572912.0,572912.0,0.0,555924.75,9.208658405261229,-3.339433180309803,537639.898740408,72889.62841186524,518326.24648437486,57.59999999997672,-543498.3,250.000715116819,-15.874479049907537,-114.19999999995343,34035.48161517884,4245.125047289504,2248.6698039215685,103837.4802113811,169245.37868339545,489535.3739866444,518326.246484375,28790.872497730597,36800.57422402493,2.1632501768348886,2.039664852501859,1466048.0150242862,386374.84040813847,1620303.8289032285,1620303.8289032285,0.0,1516107.6148008308,202763.89073592477,1466048.015024286,0.9457015021399414,0.8913842976420434,0.8370455287817187,0.7826845957986077,0.7283032164916217,0.6738994707025405,0.6194758817931991,0.565032611843864,0.5105733126563575,
391777.391796875,101433.78190902318,431812.0,431812.0,0.0,414316.05,10.915865564078759,-3.5808487502960857,404695.363002258,48972.173974609424,391777.39179687516,425.0999999999767,-430751.9,505.9432592080317,-22.53694097103395,-32.5,19055.89061546152,1682.6114039085342,942.4694716242668,47299.66584897752,99589.65767100785,383654.61352504516,391777.39179687505,8122.778271829857,20913.316088655698,8.019403615547198,3.1586972826969566,1108113.801820597,286896.5566572408,1221166.5168180512,1221166.5168180512,0.0,1144650.965144868,138514.22522757467,1108113.8018205971,0.9676685364805052,0.9353384478204997,0.9030102116383506,0.8706824687168069,0.8383553753833269,0.8060300533764558,0.773704741791903,0.7413804286471104,0.7090565627667176,508073.0849609375,131353.75744048206,557634.5,557634.5,0.0,539321.75,10.995276222273148,-3.598614566503016,524778.1143068536,63509.13562011719,508073.08496093744,314.30000000004657,-557412.2,505.9812491778132,-22.53820820072465,0.0,24658.72617640846,2177.4775311062576,1173.8806262230923,61298.77226421496,129172.74595591926,497738.69704954285,508073.0849609375,10334.387911394644,26981.453707985795,8.0164729282442,3.157929657713571,1437047.6948569915,371523.8103210014,1577152.0011852162,1577152.0011852162,0.0,1484296.4727200654,179630.96185712394,1437047.6948569913,0.9677255003013553,0.9354499771605331,0.9031754215718825,0.8708989977813252,0.8386219164314684,0.8063430351910196,0.7740621996707547,0.7417797503434578,0.709494556357258,
385919.7626953125,99908.40463358426,425759.6,425759.6,0.0,407204.1,10.920704317711865,-3.5819153844735014,398642.3868020489,48239.97033691409,385919.76269531297,382.5,-425733.3,505.9478800253035,-22.53709545285982,0.0,18833.8350565055,1663.0581753286704,935.8281800391388,46581.50420529598,98107.52473396658,377955.96953002055,385919.7626953125,7963.7931652919315,20690.266439514788,8.017773588594117,3.1582778308077297,1091545.924783035,282582.2418273069,1204147.3051230286,1204147.3051230286,0.0,1127530.589078007,136443.2405978794,1091545.924783035,0.9675817840882165,0.9351600926492957,0.9027376681489372,0.8703114332701567,0.8378844100798573,0.8054559776264009,0.7730285842219377,0.7406020082118324,0.7081778614919539,497541.3095703125,128566.568496219,541850.4,541850.4,0.0,529292.75,11.022763509008398,-3.6049399934231765,513883.95310987724,62192.66369628906,497541.3095703126,256.70000000006985,-541719.5,505.9833642332796,-22.538278817100696,36.699999999953434,23964.48226958301,2116.1379077132756,1146.8837573385522,60014.7275152364,126500.72886166898,487420.4569518854,497541.3095703125,10120.852618427096,26509.041988382043,8.015886641435515,3.157780062748539,1407259.3356704134,363640.5723247843,1532481.4848779107,1532481.4848779107,0.0,1453483.1625004227,175907.4169588016,1407259.3356704134,0.967955390062886,0.9359062992790406,0.9038542177654991,0.8717993810657487,0.8397449466735661,0.8076882936166568,0.7756314804111659,0.7435744583390546,0.7115178791909327,
378655.10546875,98109.00443951205,425746.9,425746.9,0.0,401337.9,10.875686438235569,-3.5714249648389935,391158.61955179047,47331.88818359372,378655.10546874953,305.1000000000349,-416602.0,505.9453391145139,-22.537010862395984,-27.900000000023283,18429.907673115184,1627.2752869359397,923.1829745596868,45730.64567464677,96244.49923533846,370723.78818918276,378655.10546875,7931.317279567227,20478.5414683223,8.02167668518526,3.159283929673873,1070998.3712314419,277492.7293576687,1202837.3898108806,1202837.3898108806,0.0,1106363.2884485864,133874.79640393055,1070998.3712314419,0.9676185208696118,0.9352482450614369,0.9028889570958534,0.8705401092882742,0.838201576294074,0.8058733182139143,0.7735555406947209,0.7412494198838868,0.7089534582362297,489064.96328125,126402.11550592135,535095.8,535095.8,0.0,519828.44999999995,11.011490803491462,-3.6023772786210273,505135.65812924213,61133.120410156356,489064.9632812501,217.90000000002328,-535095.8,505.97647605753247,-22.538049200122536,14.599999999976717,23671.54027732537,2090.211865763389,1143.2612524461845,59013.99486963687,124329.77390683259,478974.1387500951,489064.96328125,10090.824531154862,26078.92711421916,8.019200238543984,3.1586361790984063,1383284.6079076873,357518.36031338345,1512003.8846267825,1512003.8846267825,0.0,1428739.1939873055,172910.57598846086,1383284.6079076873,0.9677515610263436,0.9355136040419444,0.9032865361052523,0.8710685168604957,0.8388602105340046,0.806661192813027,0.7744706861464861,0.7422910274204149,0.7101211685924979,
290811.35039062495,182839.27644777973,414548.5,414548.5,0.0,402251.65,-1.0745790573446985,-0.960705365962326,343513.38042056886,164717.36643219079,290811.3503906249,302.79999999998836,-411933.5,505.96932979727507,-22.537810869540294,0.0,18223.15666866432,1609.1095737225194,866.0962818003916,44570.523146013744,75844.95963676526,289801.3359694999,290811.350390625,1010.0144211251146,14322.49570089634,5.59926455170584,2.5962286023262653,822538.7116289125,514907.8532336781,1172455.168098977,1172455.168098977,0.0,970412.2986905443,462678.02529126365,822538.7116289127,0.9921442959677796,0.9842940942642633,0.9764488694662922,0.9686088238040325,0.9607744431084663,0.9529457667016265,0.9451235603347485,0.9373072436989665,0.9294966749177477,375314.5193359375,235932.32029977813,531485.8,531485.8,0.0,521726.85,-1.074151364630143,-0.9617266622924083,443311.45731460955,212580.48946762172,375314.51933593774,138.29999999998836,-531485.8,505.9922895885754,-22.538576411165028,7.399999999965075,23511.663626041634,2076.1660004365685,1095.5841487279843,57478.71490234078,97912.0024395176,374014.69558449317,375314.51933593745,1299.8237514442653,18389.473251766223,5.594408478304594,2.5954056262549705,1061549.7668008443,664419.7016988177,1500697.7421703567,1500697.7421703567,0.0,1252334.3991923532,597121.7438254746,1061549.7668008446,0.9921852594765678,0.9843711710437686,0.9765575432986952,0.9687447378406219,0.9609331781262932,0.9531226382484319,0.945313439847368,0.9375055095048043,0.9296987190952009,
342400.346484375,134217.9362349846,407582.9,407582.9,0.0,388611.45,2.6484811308643943,-2.149371851738973,367766.8441822868,90950.0920349123,342400.34648437507,321.3999999999651,-402436.2,505.9383229681461,-22.536777305354203,0.0,17803.285699484124,1571.9875414080109,882.7686888454014,45748.74939128849,87012.101696976,339165.74096341984,342400.346484375,3234.6055209551705,12918.94013425061,7.411586844590207,3.0040450410319828,968454.4275189003,372894.1580857313,1152775.6439164353,1152775.6439164353,0.0,1037763.9574177873,254586.0299580674,968454.4275189,0.9846491358800139,0.9692922110827477,0.953930077868728,0.9385632304556559,0.9231922742815722,0.9078174881489409,0.8924392048657938,0.8770577541079505,0.861673053394617,441251.58222656255,172723.35470979888,516192.3,516192.3,0.0,507276.35,2.6776753865069614,-2.1618480842457037,473852.63118363265,117207.45152893038,441251.58222656255,148.79999999998836,-510933.6,505.98393574628676,-22.538297908153783,0.0,22602.571842159476,1995.8105085381903,1074.7121330724065,58804.66467488875,112209.10400835167,437223.3222074938,441251.5822265625,4028.260019068649,16353.72533231996,7.399779047585708,3.0013224169210058,1248047.9440067834,480107.16905642033,1459756.047407621,1459756.047407621,0.0,1337208.4969513651,328425.32604340086,1248047.9440067834,0.9849124166887807,0.969820514576461,0.9547240378498854,0.9396237124097971,0.9245202950210476,0.9094142946837427,0.894305847175514,0.8791955104310217,0.8640843531020823,
370057.63710937503,96055.9464228527,415232.9,415232.9,0.0,391571.65,10.776787696449237,-3.5490713083568015,382321.06877095305,46257.20463867192,370057.637109375,312.0999999999767,-400244.9,505.95460482107745,-22.537319738974766,-41.100000000034925,17706.225687283044,1563.3396632212691,883.1080234833664,44712.636821917695,94061.00414785498,362391.6728444795,370057.637109375,7665.964264895467,19937.776084765766,8.018175269147383,3.158378789841015,1046681.0585196387,271686.0731591292,1174321.6118032583,1174321.6118032583,0.0,1081366.9870180148,130835.13231495494,1046681.0585196387,0.9683386208741346,0.9366812017634857,0.9050279419482732,0.8733798092434769,0.84173642698829,0.8100980371922345,0.7784654384125694,0.7468376076684217,0.7152131697987901,492179.1048828125,127159.88827803069,537239.2,537239.2,0.0,523645.75,11.031957233953277,-3.6069588055639454,508340.3470807013,61522.38811035166,492179.10488281224,201.09999999997672,-523136.8,505.9912941895921,-22.538543186623336,-19.900000000023283,23142.345625768034,2043.3919370713174,1085.2481409001962,59361.8699303096,125142.17045759081,482199.2998692819,492179.1048828125,9979.805013530624,25989.80534667408,8.014841172643408,3.1575074612349874,1392092.7304838472,359662.11542967125,1519477.79117189,1519477.79117189,0.0,1437803.5357938579,174011.5913104809,1392092.7304838472,0.9687220218706747,0.9374460526835825,0.9061717717115197,0.8748977143583078,0.8436243414768645,0.8123519747214247,0.7810805686790893,0.7498093214619845,0.7185395813804133,
337578.55820312497,153918.2438735763,415162.6,415162.6,0.0,407429.6,1.0144929529902091,-1.732978068352199,371012.27574788727,116042.62938232403,337578.55820312485,94.39999999996508,-395658.1,249.99293802400396,-15.874110219178988,0.0,24777.408591782103,3090.573305651667,1646.1980392156859,77812.55684120666,108280.67863638444,335420.78503517126,337578.558203125,2157.773167953757,42876.437577277364,1.7955041680517203,1.8689378791475098,954816.3507544294,423957.45773494773,1174114.0759629798,1174114.0759629798,0.0,1044707.7053592961,323081.16509856214,954816.3507544295,0.9772596374369008,0.954516723019754,0.9317705469777997,0.9090208169316597,0.8862677217973272,0.8635096625645527,0.8407483138296536,0.8179826652006017,0.795213259929208,434369.88828125,197928.14313542715,530493.6,530493.6,0.0,523582.9,1.0229248763963819,-1.7378266590505747,477339.2396299552,149314.64909667944,434369.8882812502,121.59999999997672,-520416.2,249.99850815225523,-15.874374393058362,0.0,32589.904306015007,4065.5695317185737,2121.3450980392154,100136.96704906502,139288.8436366165,431679.4132377197,434369.88828125,2690.4750435303654,55471.01610201084,1.7998911876875319,1.8705199948361002,1228583.57418766,544503.9081526143,1500120.9198136036,1500120.9198136036,0.0,1343838.5709441428,414730.5023632219,1228583.57418766,0.9766874239874903,0.9533780627146796,0.9300715698361701,0.9067688900064044,0.8834699395209841,0.8601746305031284,0.8368829857563261,0.8135960967579267,0.7903127714113789,
365495.79296875,94707.0681970808,407385.4,407385.4,0.0,386779.4,10.871205001464427,-3.5705004832847114,377566.6874134182,45686.974121093735,365495.79296874977,249.40000000002328,-397574.5,505.9576001664183,-22.537419708244865,-29.399999999965075,17588.05334419582,1552.9442986201768,871.1228962818005,44136.63536918702,92906.89162944129,357915.88275219523,365495.79296875,7579.910216554792,19488.62580388541,8.018992482379298,3.1585889629401596,1033778.2148134304,267870.9561953689,1151386.6033554724,1151386.6033554724,0.0,1067919.5880757428,129222.27685167897,1033778.2148134308,0.9680539791379145,0.9361182367687625,0.904191584313156,0.8722760286198453,0.8403709066913194,0.8084755175944948,0.7765894062820158,0.7447127844104312,0.7128451926844013,476245.46015625005,123055.19333675022,521545.5,521545.5,0.0,506286.55,11.02659310383243,-3.6057577715843343,491886.4898801177,59530.68251953131,476245.46015625005,165.59999999997672,-512872.7,505.98292047421387,-22.538264036916953,0.0,22688.370594892313,2003.334884593744,1082.6792563600786,57449.621001560525,121081.830505553,466521.07512640994,476245.46015625005,9724.385029840134,25177.14988273965,8.017076844495357,3.158084936795792,1347025.5775431686,348052.05430782563,1473803.2185906386,1473803.2185906386,0.0,1391264.9420809124,168378.19719289624,1347025.5775431688,0.9682764597455574,0.9365634106216952,0.9048604818235033,0.873167977471381,0.8414857245257428,0.8098138410546326,0.778151647621588,0.746499844382466,0.7148591487568997,
353945.6279296875,91704.66409946894,396517.6,396517.6,0.0,373940.7,10.876716647482182,-3.5719222146051,365632.67489125906,44243.20349121096,353945.62792968773,320.5,-386036.1,505.9401351270742,-22.536837185876234,-28.699999999953434,17077.76152821783,1507.8674599132173,864.6641878669271,42735.32850244741,89971.80395023437,346604.4659220948,353945.6279296875,7341.162007592664,18947.86451957776,8.019462547309395,3.158716322154963,1001109.414721651,259378.50655983886,1119524.8314146143,1119524.8314146143,0.0,1034165.0109675626,125138.6768402064,1001109.4147216512,0.9679358467004407,0.9358628608402552,0.9037825816565065,0.8716939219055801,0.839596400510572,0.8074907550604923,0.7753766137819691,0.7432539479837301,0.7111226107726033,467113.90605468745,120682.02318335613,507512.3,507512.3,0.0,496757.8,11.032836467336063,-3.6071945829162755,482451.60581067175,58389.2382568359,467113.90605468734,126.79999999998836,-496878.4,505.9843267509914,-22.538310932125185,0.0,21980.80617001339,1940.8423688634743,1045.285127201565,56331.78646102766,118773.13774299665,457732.2300067702,467113.9060546875,9381.676047917339,24976.770218218364,8.01409192552624,3.1573123027038235,1321197.642231222,341339.7749229526,1433662.6758109876,1433662.6758109876,0.0,1364579.0749464803,165149.70527890284,1321197.6422312222,0.9687052597244264,0.93740142646273,0.9060871191256064,0.8747626737030759,0.8434257148535166,0.8120798536446128,0.7807236894379613,0.7493580692187035,0.7179819435481005,
