340946.94062500005,88172.10417673715,374731.1,374731.1,0.0,361106.75,10.978946587552539,-3.595035643599864,352163.5078716997,42618.367578125035,340946.9406250001,102.09999999997672,-358802.3,505.9909896481961,-22.53853305068557,-25.5,15872.595277161929,1401.4441136484625,748.6749510763203,41129.081579430574,86689.55614023872,334048.84277674154,340946.940625,6898.09784825847,17950.469659140363,8.013833349688607,3.1572480595137393,964343.574962979,249388.0681663744,1058933.417020164,1058933.417020164,0.0,996068.7421639807,120542.94687037237,964343.5749629786,0.9690830124856123,0.9381688436088024,0.9072572570308488,0.8763489962224816,0.8454429650779574,0.8145386871254128,0.7836359516183017,0.7527346085568476,0.7218346872143269,497748.471484375,128712.88149420757,544219.6,544219.6,0.0,527392.8,10.982975282003455,-3.596019275917865,514121.14012903004,62218.55893554685,497748.4714843748,114.39999999996508,-520788.4,505.9949124755245,-22.538663843311923,-40.300000000046566,23038.447740357977,2034.1424305207238,1076.9502935420742,60028.63661227542,126568.2500390519,487791.6568609864,497748.47148437495,9956.814623388602,26135.19276541213,8.011920737346792,3.1567542832312867,1407845.278047362,364054.67564219655,1538097.1148020597,1538097.1148020597,0.0,1454154.095609265,175980.6597559202,1407845.278047362,0.9692809624486194,0.9385611645528626,0.9078397074016524,0.8771166599852837,0.8463895179446408,0.8156606263112949,0.7849284997663684,0.7541948046775869,0.7234578479197855,0.16648929049041666,0.04970858612061249,0.23339466078499996,0.29901819939999996,0.065623538615,0.15675403565,-0.5532462400032254,0.4499103464716564,0.17375162555243245,0.04114082355435418,0.16648929049041664,0.05484595000000003,-0.05652246400000002,10.621803225952005,-0.6115445291154619,0.0007185058000000188,0.009979557335088587,0.005837695210643018,0.005827714042928872,-0.1639735232508333,0.25749072768565956,0.97992228765,0.15675403340000002,-0.82316825425,-0.0581391013275,0.8133917155486223,-1.5553243752241064,0.305268392028035,0.19491972276647226,0.17433896834500004,0.08598120000000001,-0.06454577500000003,2.972752546260166,0.958625092590948,0.00035925269999999634,0.0225955671160173,0.01531094324590151,0.015098143655815894,9.818425868958334,0.02354114420182081,0.21806652499999757,9.911549299999999,9.693482775000001,9.821855799999998,4.089322147924044,-0.9358210592400438,9.81845409062448,0.016785358930555386,9.81842586895834,0.059995250000000055,-0.05987549999999864,6.523707796330964,-0.272331495266207,0.0003592499999971466,0.012424070495288802,0.007660147036991348,0.007664063179916027,0.028907991604758328,0.07747285555842232,0.33793052635,0.29749439364999997,-0.0404361327,0.0031490864824999997,4.4005181609518536,2.302315521424426,0.08269047905893974,0.05098115886325642,0.041597094626883345,0.02327395604999999,-0.022602004550000027,3.2094046408661985,-0.38915168517428844,-0.0003665189999999983,0.007008078325264868,0.00445484976279491,0.00447004946805021,0.0009053349316354182,0.019031123599664346,0.0973107972975,0.06284704815,-0.0344637491475,-0.0032180041937500004,2.6028132192391995,1.478251815057354,0.01905264540173202,0.01210530846549558,0.011705178133968753,0.011056657000000001,-0.00940732150000001,5.729194408210308,0.6041392646467807,6.108650999999896e-05,0.002310017006245644,0.0013710898885980652,0.0013722737397175743,-0.008809397989541666,0.029082878992658066,0.12675449081499998,0.008003897914999999,-0.11875059289999998,0.0012843828249999999,6.364710885355267,-2.773066521038734,0.03038781570695288,0.017739481901254867,0.01217523807466667,0.01325577004999999,-0.013805548539999997,9.16816220779943,0.08062464939693184,0.0,0.0028480269455703035,0.0012681600926253008,0.001267225417071124,
280901.976171875,146944.6177492623,360705.7,360705.7,0.0,356735.35,-0.07212396968470092,-1.3883258788399075,317015.20610649185,120700.06788635222,280901.97617187497,71.79999999998836,-360652.8,250.0025842852336,-15.87456770884893,0.0,22584.98591165396,2817.61975547866,1442.5878431372553,67787.76652542695,89796.67169408346,275602.79258921935,280901.976171875,5299.183582655667,34360.98230265172,1.6062575680285631,1.7912761989214392,794510.7687993393,411321.1577369287,1020144.6149187682,1020144.6149187682,0.0,894668.9088932087,339629.0850830261,794510.7687993395,0.9805513547383724,0.9611015402040297,0.9416502703064173,0.9221972540736311,0.9027446125722196,0.8832925450720912,0.8638411378373059,0.8443906033255623,0.8249421381324267,407803.757421875,213335.14450023638,525809.2,525809.2,0.0,517922.35,-0.07236037885449109,-1.3881181168536105,460234.49289067416,175228.17701721154,407803.75742187473,149.90000000002328,-525809.2,250.00274697232098,-15.874575423791635,22.5,32927.50263235291,4108.0648058439165,2106.738039215686,98393.43958068978,130379.579839309,400176.3860376414,407803.757421875,7627.371384233634,49914.94733594871,1.6051825248029576,1.790869246207116,1153443.209065447,597105.5686654949,1486571.763936576,1486571.763936576,0.0,1298832.6669246275,493012.55237456184,1153443.209065447,0.9804781896721938,0.9609563148255698,0.9414362699262638,0.9219178335673044,0.9024033435300356,0.8828909511790459,0.8633823346139025,0.8438768777297132,0.8243751940339629,0.1663664470418,0.020813332975275402,0.089094728615,0.204175422,0.115080693385,0.17232166386750003,0.16752548577471504,-0.9475628321715468,0.16766332196056397,0.01606622285322401,0.16636644704180006,0.011615845564999977,-0.01437011769999999,0.8519703307878124,-0.010251026881190749,-0.0011975097999999962,0.004234862831059373,0.0032654960078645034,0.0033385122206565643,-0.42443939378785006,0.07704274966188883,0.319974625485,-0.213276499015,-0.5332511245,-0.43248067120000006,0.5889522782846974,1.0358846869073064,0.431374992639191,0.058942510984179,0.4244393937878499,0.06251001350000002,-0.024548951499999916,3.1390497329496494,1.3012208645552983,-0.0010777594999999973,0.015239863390543791,0.011241881726845223,0.011239658005909097,9.823680774749999,0.016435955727421413,0.07699990000000234,9.867241375,9.790241474999998,9.820179225,0.28484259916835164,0.5990587632949032,9.82369452420185,0.012777242209999784,9.823680774750002,0.017962649999999414,-0.028380949999997185,3.1216966137301236,-0.862864342967307,0.00047905000000092457,0.006865394238173871,0.004860292658912261,0.00486140454545445,-0.003765293736999998,0.05410162702685701,0.21435253224999995,0.12272591464999998,-0.09162661759999999,-0.014016220063999999,-0.04314029114466811,0.6432809976791743,0.05423249472298908,0.04123150686926,0.04251446630569997,0.010140359000000002,-0.012461645999999993,1.4303764317945742,-0.8563977507458183,0.0022602004999999975,0.004626258928924828,0.003261648916601367,0.003697275888171716,0.005404966665700001,0.0068483891935649435,0.0328645374625,0.019231285275000003,-0.0136332521875,0.0058533415125,0.6609724720883468,-0.7093049646836873,0.00872433947092072,0.00502583078813,0.0074815312544500015,0.0029932386000000007,-0.0043371416,0.28229502671377915,-0.41160939675582997,6.108645000000006e-05,0.0014317237638614894,0.001107858949482706,0.0010915355607323235,0.0008170711159000005,0.00791479470249492,0.03017673168,0.010325185115000001,-0.019851546564999996,0.0027199155875,1.138089237799215,-1.3312207135877971,0.007956857444436196,0.005559665711502001,0.005877884103000001,0.0012217299999999973,-0.002138027550000001,1.0753534136442369,-0.9569860814202344,-6.108652500000193e-05,0.0006626597850663786,0.00045211863720538725,0.00044303138969696944,
330514.720703125,127170.27578591234,382932.9,382932.9,0.0,378924.35,2.901015922135069,-2.212991335402992,354135.9338515787,85210.82643127438,330514.72070312494,51.100000000034925,-374905.1,250.00213677634943,-15.874546488729672,-20.79999999998836,23477.526608748,2928.680110726646,1506.5764705882361,74943.44469981464,104941.89900182308,317359.79689054546,330514.720703125,13154.923812579555,37503.329669452214,2.06070305527388,1.9917493570544422,934836.8011646301,354307.48455729755,1082957.26384496,1082957.26384496,0.0,999726.7818884506,234138.32053998535,934836.8011646301,0.969511104716594,0.9390212235581796,0.9085292296597004,0.8780346112970602,0.847539402802622,0.8170433372309479,0.7865453649568874,0.7560454281891209,0.7255439256803987,481566.646875,185273.49926212756,557187.2,557187.2,0.0,552387.8500000001,2.9029226568457043,-2.2137712506109706,515977.4267458455,124153.90114746112,481566.6468749995,111.5,-547939.8,250.00175144328637,-15.874528213147595,-10.300000000046566,34313.40483391523,4280.511446366784,2199.9301960784314,109185.7630391548,152907.6218465891,462464.1701544115,481566.646875,19102.476720588442,54802.34333551788,2.06049117292116,1.9916609939100898,1362076.1663943203,516139.20066086756,1575787.4265188826,1575787.4265188826,0.0,1456588.877315177,340890.4753994754,1362076.1663943203,0.9694186815242438,0.9388363807303325,0.9082536581541701,0.8776706015000899,0.8470870222185855,0.8165026744589353,0.785918188028825,0.7553315783677752,0.7247443838239345,0.15099088446846848,0.1063504067991865,0.3535049045,0.3523073925,-0.0011975120000000054,0.1231040092,-1.309371255535205,0.4783775638343768,0.18468528966575234,0.09380233201077835,0.15101246126126128,0.05137317000000003,-0.04849914899999998,2.0634807455575297,-0.5263635437718773,-0.00047900390000000376,0.01539363177838213,0.010479101608190086,0.010393296557000001,0.664347161254054,0.291799288679433,1.096320239665,1.2527150241,0.15639478443500002,0.7358697885,-0.931984460194816,-0.13075794290950088,0.7256059368142899,0.2457075939000731,0.6643471612540538,0.3085982749999999,-0.29267139499999995,10.061986650167512,0.16400351632651197,0.0005388797499999987,0.062087181513018834,0.03529625544795868,0.03522311838800002,9.791308447072073,0.08659538758917622,0.5362448600000018,10.019804120000002,9.48355926,9.808084424999999,2.362865733334866,-1.277616257604749,9.791691369056554,0.05796498677380066,9.79130844707207,0.16549586500000402,-0.1589095149999995,4.486827383937515,0.12319579167790022,0.00017962500000123782,0.040813706881142185,0.02387406657024789,0.02387616468181818,0.03214783920157658,0.1250966053798059,0.552283053448,0.37336382346,-0.178919229988,-0.016917827938,0.48550040493962143,1.0639445652251847,0.12916131093667835,0.09980677482600434,0.09021915957352257,0.043371417999999995,-0.046731175700000016,0.6050119838035264,-0.47747635922716125,0.001496619207500001,0.017304427691087587,0.012138099738788431,0.012243956082363639,0.015054839879797294,0.04312237455829446,0.16310095787,0.12918698787000002,-0.03391397,-0.0003163954775000005,0.2982345595437965,1.1816072926018164,0.045674800397507764,0.03485995068895666,0.030992417564527017,0.020708324550000018,-0.019853113550000002,3.1592693663492533,-0.10562395430270333,0.00027488924999999873,0.0053843452347375675,0.003396207534000413,0.0033808601816136367,-0.011639540319594598,0.02913649722816371,0.117102826915,0.019304900990000002,-0.097797925925,0.0006124313500000001,1.2680443584547376,-1.600225392319364,0.031375378397371714,0.022049744035144876,0.01731312024166667,0.011423176049999999,-0.012278387099999982,1.7453996352019692,-0.35166913413325773,0.00018325951249999954,0.004186413241029133,0.0025921073022289274,0.0026033956839545446,
302980.121875,128458.27049986618,360752.0,360752.0,0.0,356086.75,1.7420654841903396,-1.9340218973327419,329087.3463249637,92314.25588378895,302980.1218749998,116.90000000002328,-358668.2,250.00188683356845,-15.874534620679057,0.0,22460.721974945594,2802.138725105728,1440.8364705882357,69546.34314130888,96546.42050745666,297926.2386919105,302980.121875,5053.883183089484,37418.33695860985,1.9324593156856027,1.93122407478358,856957.1949701565,358461.364939252,1020135.3164645956,1020135.3164645956,0.0,928908.0601250216,259873.60104017495,856957.1949701568,0.9735777050211445,0.9471548637932264,0.9207325864652237,0.8943107427796666,0.8678884018400312,0.841464030696855,0.8150393849795526,0.7886147114358786,0.7621899525075503,442532.26015625,187614.16658175839,525124.0,525124.0,0.0,521453.1,1.743119419562679,-1.934545844615264,480659.83479084953,134834.04801635764,442532.2601562499,177.09999999997672,-521438.6,250.00228620097369,-15.874553564919122,0.0,32653.80489930691,4073.693973087281,2087.0043137254906,101567.06870549604,141025.79485393217,435197.77716624027,442532.26015625,7334.482990009698,54780.82945004463,1.9317720797583942,1.9309478107333162,1251670.2482011754,523600.74733241275,1485096.5624143253,1485096.5624143253,0.0,1356774.1716435545,379624.67849935417,1251670.2482011754,0.9737059000459262,0.9474114773462479,0.9211178136409702,0.8948237130872305,0.8685292067841858,0.8422342101738967,0.8159373804509579,0.7896387591046072,0.7633411924253865,0.20576988629629625,0.030615026604219813,0.10035131950000001,0.244651254,0.1442999345,0.202319283525,-1.0211978170490612,-0.3884076246472363,0.2080349152434941,0.02679970197294239,0.20576988629629622,0.017124389499999976,-0.012334350999999993,2.446814478890289,0.650315397857771,0.00023950149999996118,0.004596092009126463,0.0032412152563542685,0.003242229822429908,0.9179079109351853,0.16765601130626712,0.6508465975,1.2693604145,0.618513817,0.9665101805,-0.6982056996104431,0.12065522502929629,0.9330934953607398,0.13954155875068588,0.9179079109351854,0.08526269999999991,-0.06203100499999992,3.8393684522194222,0.9443486729295969,-0.001556762999999961,0.02255990019201109,0.013631216071359956,0.013272214392523364,9.777099931481484,0.04666958014466811,0.2298020499999982,9.881731075,9.651929025000001,9.776170675,1.1412761969909635,-0.6272064285241981,9.77721131611085,0.03157164110082324,9.777099931481482,0.039877049999999414,-0.04478684999999949,3.3978814678982525,-0.15904314884773246,0.00023954999999986626,0.011588131833909799,0.007212803196785589,0.007195137149532547,0.020330796930166664,0.08356534304739242,0.32186477838499994,0.22993272604999998,-0.09193205233499999,-0.008640607799999998,0.6437426054024411,1.2849194843700744,0.08600295263794175,0.06274316966769133,0.055073992023888844,0.02113592950000001,-0.029565866999999996,1.5180911875705707,-0.7311589121347958,0.0002443460249999998,0.010069954150231807,0.006357072550772642,0.00631817118897196,-0.005030236707708333,0.011338526147084657,0.052717649915,0.01800955533,-0.034708094585,-0.00300420137,1.0516544287318794,-0.8253138366948842,0.012404251550323335,0.007771560255949078,0.008243921089560185,0.004276054969999998,-0.003909535950000003,0.42151668258968256,-0.15647192971789267,6.108650250000007e-05,0.0016925388120679783,0.0012289223098589399,0.001226868130140187,-0.002889295916342593,0.011666810522914552,0.044104453754999995,0.01118039568,-0.032924058075,0.001498185555,0.8759109160268657,-1.4540497846263059,0.012019255329253293,0.008944563751526066,0.007614420760601849,0.004459314549999998,-0.004337141539999999,2.601794945141515,0.33423102248345044,-6.108649499999999e-05,0.0014301690357751762,0.0008797758016796226,0.0008746216783177573,
198274.8095703125,184075.89052330088,372493.8,372493.8,0.0,365121.75,-1.9775360595098084,-0.1485501333557056,270549.13339741074,183559.10104751593,198274.8095703126,77.79999999998836,-365147.9,505.99822691385344,-22.538774353586106,0.0,16153.225905683334,1426.3076206050168,734.0403131115463,35643.02660225537,54921.503301119374,195239.90168597535,198274.8095703125,3034.9078843371444,12595.338296825188,3.3183197914325655,2.172314421864622,560805.8495425574,516880.60310291126,1053407.907855277,1053407.907855277,0.0,762672.1174562362,513653.00556673005,560805.8495425576,0.9941629467976929,0.9883263173481779,0.9824902529712698,0.976655012748826,0.970820267912609,0.9649859334780967,0.959152221211453,0.9533191373367644,0.947486443446373,285404.6275390625,264997.9048730464,538669.0,538669.0,0.0,520631.15,-1.9767989768915648,-0.14783249352817454,389460.7695363105,264222.25283890043,285404.6275390625,91.80000000004657,-520184.8,505.9931785339946,-22.538606060113874,0.0,23011.74828118954,2031.8225175301693,1061.731115459883,51292.15399555652,79069.97302977882,281011.669361252,285404.6275390625,4392.958177810536,18041.734912169224,3.316792472592847,2.17234055765194,807246.190059568,744220.0227086066,1523181.9700451358,1523181.9700451358,0.0,1097957.1273807038,739551.532941006,807246.1900595678,0.9942122356368789,0.9884246543577783,0.9826373618521131,0.9768498356883132,0.971062606223765,0.9652755993795806,0.9594887278983321,0.9537019673799839,0.94791509648067,0.0556338767640942,0.041228085115291156,0.13867163670000002,0.11951147980000001,-0.019160156899999996,0.06658154734999999,-1.2601224723442481,-0.3007136069798886,0.06924509546586036,0.03689042030278304,0.058568643400471035,0.020477417700000014,-0.01580712949999999,-0.09905736029868883,0.11320515125863162,0.00011975101499999904,0.006570543520257635,0.005341637754657683,0.00533372624058394,-0.19902179415072468,0.23884992568487262,0.7976612918000001,0.1260977843,-0.6715635075000002,-0.20297791390000003,-1.5334385522985157,-0.10346957624223685,0.3109002437223918,0.22542601733405793,0.24495410538978257,0.04849914600000005,-0.0686173125,0.6622496946965764,-0.4309215508384313,-0.0028740235000000447,0.023776304283562345,0.017584489772082698,0.01768730753072993,9.824715892028985,0.026870038961811258,0.1189127249999995,9.895382899999998,9.776470174999998,9.8205384625,-0.3034128524261157,0.48397872157986643,9.824752635974138,0.02161682929531587,9.824715892028985,0.018800899999998677,-0.019758900000001134,0.7136621439180462,-0.07575158942952082,-0.00023949999999928195,0.0066355483305010005,0.005092248236453704,0.005095099999999962,-0.03805110160112319,0.07513920839150398,0.26963581135,0.04728408335,-0.22235172799999997,-0.005525196498,-0.04180305466882839,-1.1031247749670494,0.08422462211705589,0.06237293502885631,0.056083422919384035,0.02565632949999999,-0.021685707450000008,1.2749837399132637,0.4062977076490259,-0.0006108650000000021,0.008149450971417045,0.006078544537434065,0.005940996576540149,0.0017658579527536228,0.016808736509688664,0.0599258573,0.029432731099999998,-0.030493126200000005,0.0008137049262499996,-0.8745611778817857,-0.15219015416725656,0.01690123892977801,0.013869368715945702,0.013875897576159417,0.005681044499999999,-0.0051923528500000034,-0.562841226246301,-0.10267321693871645,0.00012217299999999973,0.0023368992520796206,0.0019402067407341896,0.0019315819232846715,0.002218829269782609,0.008457441033025835,0.032742365174999996,0.0211374961,-0.011604869075,0.0015592720974999998,-0.3697381696636066,0.5614274177278137,0.008743655537334093,0.006795902215343414,0.00688664616572464,0.002443460070000002,-0.002260200615000001,0.5507754742673399,0.2672110272121662,-0.00012217299999999886,0.0008366160353113422,0.0006463732369620118,0.0006514407248905111,
356484.4220703125,92157.3127639307,389095.2,389095.2,0.0,380117.69999999995,10.998615199723051,-3.5994718779401493,368203.90203618654,44560.552758789134,356484.4220703121,81.29999999998836,-374285.9,505.9902556272485,-22.53850859864878,-7.7000000000116415,16557.54893340065,1461.9467105288327,777.5682974559685,42989.551949006905,90648.24886446336,349347.5618541304,356484.4220703125,7136.860216182089,18643.15307172366,8.011879874154305,3.156741209060604,1008290.2089331415,260659.94038299177,1100407.457123116,1100407.457123116,0.0,1041437.8281735799,126036.27611664258,1008290.2089331415,0.9691678260138944,0.9383298046284078,0.9074847413775248,0.8766327990482238,0.8457735017219139,0.8149063637740999,0.7840332677126484,0.7531521847374179,0.722262585842995,520385.68144531245,134540.00718629005,568053.2,568053.2,0.0,555582.5,10.993915060707199,-3.5984408212040373,537496.2985798036,65048.21018066405,520385.6814453119,104.0,-543200.7,505.9914837460693,-22.538549538706945,-21.5,24029.94569549043,2121.7023211461355,1126.7608610567515,62748.708352083544,132331.19850864774,510012.0589226769,520385.6814453125,10373.622522635644,27178.978443177184,8.010671729192984,3.1564304731868797,1471872.9767294521,380536.18864592206,1606547.4200286346,1606547.4200286346,0.0,1520269.005964268,183984.12209118175,1471872.9767294528,0.9693632059318786,0.9387195966855535,0.9080675848164308,0.8774085890359319,0.8467424632656696,0.816067889879693,0.7853854997341737,0.7546953257887501,0.7239970778462911,0.15447178127833333,0.02974770719971997,0.11951147985000002,0.218306039,0.09879455914999999,0.14034815125,-0.8424869432049524,0.7506514970040425,0.15731006736678213,0.025677853695666667,0.1544717812783333,0.02107617349999999,-0.02227368299999996,2.4816834408336748,0.11659425055232171,2.7755575615628914e-17,0.006070158553462851,0.004140955006613682,0.004140177222259418,0.14646842426662499,0.046827345168424316,0.21447400965,0.2524350707,0.037961061049999995,0.14579682135,-0.8232021161002305,-0.12475489428028716,0.1537719075861089,0.03992619203069376,0.14646842426662499,0.040475831500000004,-0.05412744300000004,1.8993951726691574,-0.2517407156471217,-0.0004790040000000051,0.013180183112286803,0.009913597676891685,0.009907264318640165,9.819279123020833,0.013178938634687066,0.08478374999999794,9.85538595,9.770602200000003,9.819999612499998,1.3009121323903283,-0.449564008726111,9.819287967068503,0.010106081211805585,9.819279123020836,0.05616320000000208,-0.05017565000000168,18.5522799498257,0.4836716811828502,0.00023952500000312682,0.007720589180492563,0.004484948388508509,0.004488407531380687,0.0018286003603708333,0.015172938308052207,0.077702029422,0.03867088742199999,-0.039031142000000005,0.00043073725000000013,0.19747969773031127,0.2643551344775938,0.015282729997546457,0.011799044488347435,0.011715020452237506,0.010690137750000002,-0.006169736699999999,0.6254017397992548,0.6848506942306559,-0.0001832594499999998,0.0031535148588339766,0.0024138584245307682,0.0024184120269958157,-0.0015836855102083333,0.00891205561335658,0.046364654285,0.017887382509999997,-0.028477271775,-0.0021795335800000003,0.7922826455191494,0.036864156642061566,0.009051673604964137,0.006262414168225692,0.0066379027788749986,0.004276055049999998,-0.005681044650000001,2.288018891640829,-0.561925329813631,4.336808689942018e-19,0.0015371389161541516,0.0010410510287255125,0.0010354034074686192,0.001240604158625,0.0026003792695793774,0.01160643496,0.006354562250000001,-0.005251872709999999,0.0013454693150000002,0.33363514085041057,-0.5282142856038933,0.002881157931120023,0.0018835089375385413,0.002350668586166666,0.00158824905,-0.0010384705250000004,0.6056158801256317,0.28265209206299174,0.0,0.00044950053713128344,0.00033448551195234627,0.00033405881223849416,
316799.94609375,115436.36461079902,362550.0,362550.0,0.0,357819.15,3.663128753314698,-2.3792520496430694,337176.15591788245,74249.98736572254,316799.94609375007,72.5,-357173.8,250.00265091582875,-15.874570867134732,-19.599999999976717,22367.128703170554,2790.216695117268,1433.3799999999999,70876.27357315239,100741.50959858682,301459.16307943035,316799.94609374995,15340.783014319593,33976.40053184866,2.1037490891158956,2.011899983335385,896045.5606496935,317214.0361032889,1025297.5141653088,1025297.5141653088,0.0,950537.9484591671,208226.87529569992,896045.5606496935,0.966286726284133,0.9325756281908278,0.8988668644799854,0.8651602661742805,0.8314549096229623,0.7977530780381196,0.764053013091403,0.7303543876506214,0.6966578475987547,446784.736328125,162788.37314525002,510453.4,510453.4,0.0,505546.25,3.66500215740351,-2.3799505087953525,475517.2499994815,104715.17257690427,446784.7363281247,73.10000000003492,-505700.5,250.00246799814684,-15.874562193799603,-6.600000000034925,31668.244552572985,3950.5843506343735,2025.763921568627,99956.89179759745,142073.26639724572,425134.07995842944,446784.736328125,21650.65636969557,47978.402411036266,2.104162550093365,2.0120881691396115,1263698.0671530436,447229.6239273866,1443551.6702118986,1443551.6702118986,0.0,1340502.5704729436,293576.9107824416,1263698.0671530438,0.9661425563150075,0.932289429312027,0.8984395000541203,0.8645942382187572,0.8307513475073632,0.7969117204562133,0.7630762056554541,0.7292459225058174,0.6954197139709549,0.09408506150371682,0.056570066290563305,0.153999765715,0.1724414167,0.018441650985,0.08873547620000002,-1.667704027235732,0.0827686422951369,0.10978238109221766,0.05248486129018715,0.09408506150371687,0.028141479999999996,-0.028740235249999996,4.518671750854179,-0.015119909838436129,-0.0007783814249999917,0.007260804797316516,0.004588608625750958,0.0046403505231250005,0.20647506673407082,0.15351414660772741,0.5740862072199999,0.5385201662199999,-0.03556604100000001,0.24141797925000005,-0.9083924234546803,0.2410428353134507,0.2572907817850026,0.13122876974543815,0.208643301308407,0.0664617965,-0.05029541429999995,2.2935946704736825,0.7417276071454149,-0.0016166385000000033,0.020471323787225066,0.014340504638665496,0.014138100270803564,9.815644459070795,0.03159552184990858,0.15172452500000055,9.877899025000001,9.7261745,9.8240112,0.9970145275012792,-1.0638805945895546,9.815695310261425,0.0229746352220223,9.815644459070796,0.04023634999999892,-0.02921924999999881,2.7278476351540775,0.28278430497992746,0.0001197374999994949,0.010174620628114684,0.006907182007334133,0.006909205357142789,0.0165445997859823,0.06117651393955534,0.26474889794,0.1854006653,-0.07934823263999999,0.005867435776999999,0.9927643205948282,1.1875534001255865,0.06337420326816688,0.043536845996435126,0.04193127423000002,0.017287480699999996,-0.0207083235,0.5613341916160017,-0.41065152917849423,0.0006108649424999999,0.007858915968592018,0.0056917289515706305,0.005694680037473217,0.011759270923008849,0.010660669954331426,0.035246911595,0.033220094415,-0.00202681718,0.008113542012499999,-0.8225971180417702,0.626236659470945,0.015872313521220097,0.009085446288903981,0.012006139340707964,0.006047563539999998,-0.004031709000000001,2.2002233207376154,0.6877100291736354,0.0,0.0016324625573788608,0.0011519558448852044,0.0011519168867410719,-0.001694259822212389,0.00871014025123134,0.032009326875,0.0098364931,-0.022172833775,0.00024591228500000015,0.09223997688291163,-1.033769369900515,0.008873390532444939,0.006620486997104706,0.006186134506194687,0.0018936815499999947,-0.0026267195500000017,0.629181855967738,-0.5629167579162323,6.108648999999904e-05,0.0009206686030747649,0.0007068775714413262,0.0007063126771428574,
299477.19062500005,128921.11685817286,359593.2,359593.2,0.0,355339.85,1.5793326283066893,-1.8904836127903621,326047.9137743428,93586.62207031259,299477.19062500005,14.299999999988358,-348172.5,250.00180220848523,-15.874530618272187,-33.800000000046566,21803.499682385045,2719.7045536332234,1410.9929411764701,68756.47824577642,95584.65377619724,295757.228227931,299477.190625,3719.9623970689463,37279.79685154335,1.9030376589467322,1.9174880220618564,847049.4092065357,364643.7568441407,1016604.2019760452,1016604.2019760452,0.0,922202.6735173509,264702.94037704234,847049.4092065354,0.9747906808451873,0.9495808515374214,0.9243713538607622,0.8991624798712073,0.8739522382993735,0.8487423545381068,0.823531280738923,0.7983195803306224,0.7731081356865203,436966.320703125,188112.00090034088,524227.8,524227.8,0.0,519374.69999999995,1.5790216705030664,-1.8903307962549136,475736.99699682405,136551.9752197268,436966.3207031245,58.100000000034925,-507393.3,250.00081194649547,-15.874483654619082,-51.600000000034925,31774.36752422292,3963.4314094579017,2062.8376470588228,100314.01311410875,139475.83646901068,431573.60557601595,436966.320703125,5392.715127109031,54508.1994155585,1.9023730852936689,1.9172131518734405,1235927.3940772617,532060.6795652452,1482050.558533008,1482050.558533008,0.0,1345587.2659066156,386227.3106491443,1235927.394077262,0.9748309722848854,0.949660384046309,0.9244881301194923,0.899314800050568,0.8741404520688049,0.8489654654148013,0.8237883578670795,0.7986087566662863,0.7734275340164306,0.12199076796250001,0.024634581415844858,0.123942263685,0.1717229072,0.04778064351499999,0.123882390225,0.14325235683988558,-0.5214906051869039,0.12445324451220391,0.018746285161851846,0.12199076796249997,0.04478686500000001,-0.04586462400000001,5.315174451119953,-0.32865270204666674,0.00047900399999997734,0.010760831131587621,0.00664191715288584,0.006617640618878504,-0.08982875999537038,0.12316324502216096,0.5597160912000001,0.28237281570000006,-0.2773432755,-0.13058844651499998,0.856632614399329,1.2137241702766057,0.15244143480922343,0.09560218589704733,0.13826137905648145,0.12549903050000003,-0.12262500700000001,6.653096770789766,0.19765772448394256,-0.00011975150000000101,0.027636481679184026,0.01749753368443532,0.017444472552803743,9.817194287037037,0.02715162860314334,0.15687369999999667,9.884844674999998,9.727970975000002,9.8189217625,2.326061125570054,-0.651850149560691,9.817231833891286,0.01779534125514405,9.817194287037033,0.0829873999999986,-0.08298740000000038,12.467528919393853,-0.09236373195408332,-0.00011975000000141733,0.016096726564213445,0.008448147720325108,0.00844412079439271,0.010494738767111107,0.05906060954797815,0.213741669165,0.115334447865,-0.09840722130000001,0.005928522403499999,-0.6595413274416804,0.04600343577788913,0.0599857911673142,0.046262560944551445,0.04627620086307407,0.015821404549999987,-0.022968525500000003,2.1380397878308797,-1.1205733970238592,0.0012217300000000003,0.0071851819592126925,0.004828581419298802,0.0049514320332523344,0.0014466291112962965,0.012794748782932379,0.05338960130749999,0.03034902825,-0.023040573057499996,0.0005082724974999999,-0.20269927399943244,0.2311358615422983,0.01287627012003086,0.009287190601555216,0.009256011820879631,0.008063418049999996,-0.008796456049999998,2.164030428079526,-0.31790844646268435,0.0001832594999999996,0.002477709593549909,0.0016359700048283678,0.001640201081542056,-0.0024006037931018527,0.010888067376728087,0.04129447493999999,0.011241482564999999,-0.030052992374999997,0.0009789503225,0.21099848957427447,-1.129645505535393,0.011149569936622016,0.00859278214368227,0.007634695931064818,0.0031764980349999992,-0.0035430170499999997,0.5805205004250427,0.08479295091550726,0.0,0.0011993744990626606,0.0008470903406611929,0.0008460765896261678,
323622.34453124995,145416.760477515,392419.3,392419.3,0.0,388077.6,1.1543364259523017,-1.7757517534382086,354792.1308423822,108716.88136596669,323622.34453124995,82.5,-387310.5,250.00095015088505,-15.874490210769638,9.400000000023283,24254.395726256367,3025.8003291041864,1562.873333333333,74288.99160758077,103820.03394668772,323106.5880990388,323622.34453125,515.756432211196,41284.17855078897,1.8154558809787549,1.876589331697609,915342.2174461444,400475.939727712,1109686.6426359315,1109686.6426359315,0.0,999115.7857525919,300467.14211171755,915342.2174461447,0.9760901728417571,0.9521823454523162,0.9282745123325331,0.9043685907544937,0.8804639977942813,0.85656083671925,0.8326585342039245,0.8087575999824979,0.7848589101557015,460366.47109375,206857.50629994433,557928.8,557928.8,0.0,552407.6499999999,1.1546092211509524,-1.7759066948453865,504705.1769300015,154654.3613830569,460366.47109375,175.30000000004657,-555065.0,250.00065735218644,-15.874476325010002,57.199999999953434,34759.640216573694,4336.578546712797,2251.5960784313725,105689.32387923702,147678.70341996528,459610.786408793,460366.47109375,755.6846849569533,58870.945783845345,1.8161295412503975,1.8768596592936395,1302113.0141652457,569451.7885834692,1577850.4812636725,1577850.4812636725,0.0,1421187.40536898,426979.41427061567,1302113.0141652455,0.9759081764758589,0.9518186182688909,0.9277312847314014,0.9036462985316941,0.8795636480427426,0.8554847181012026,0.8314085279675025,0.8073344574272211,0.7832630143425755,0.1452895724382076,0.032829564815666845,0.14202466252,0.19687060920000002,0.054845946680000014,0.1476529614,0.22271363459413873,-0.6645091584756607,0.14895247626428781,0.02434189174109291,0.14528957243820764,0.04873865000000001,-0.05604345999999996,2.9022119103527233,-0.2932549797086633,-0.00011975100000000127,0.016183324667617554,0.010230220400000002,0.010230155222761907,0.047056490859811326,0.1299432621335868,0.5727689413350001,0.33254848223500005,-0.24022045910000003,0.1141226896675,-1.233281509668748,-0.251846697664258,0.13820117476330493,0.11818458380331967,0.12672252387754715,0.13819263584999997,-0.13004956899999998,4.4746817467114575,0.13611583018281553,0.0011975105000000125,0.03805029937856471,0.021803476729034012,0.021782133389904767,9.815260393396228,0.03132092682520559,0.22369494999999873,9.923165124999999,9.699470175,9.819520587500001,3.1893384886444816,-0.41420168984562916,9.81531036649529,0.02008372954788149,9.815260393396228,0.0647852499999999,-0.0698148500000002,2.4307414782175254,-0.07951339482556537,0.00011979999999844892,0.02237202999249724,0.013211820385487705,0.013212526428571604,0.020875121369811317,0.03313452864543644,0.11594217915400001,0.095420246424,-0.020521932730000005,0.014602805534999997,-0.4931636764078573,0.7893081582663248,0.03916206941365077,0.027238120729604832,0.028502689356415072,0.016676615040000002,-0.014660760649999993,2.8584549346541825,0.25887234179822016,-0.00024434610000000426,0.0047146674645285516,0.0032587778308571435,0.003262600931476191,0.003167840731202831,0.015351774839402324,0.06609559497,0.04513196255,-0.020963632419999996,-0.00120214953,0.32444698717655207,1.1063782435537768,0.0156752099066639,0.011668217732367831,0.01079017510445755,0.006719515549999999,-0.011362089700000001,2.7679233407243116,-1.067294760441515,0.0003054325099999993,0.003108651087626281,0.0021066282608176875,0.0021101022953571437,-0.0032233399741509435,0.013272278337144923,0.047342038835,0.010752790580000001,-0.036589248255,0.0019257910625000002,0.4442382415258179,-1.2926322804550086,0.013658085255540242,0.01053571444697401,0.009392692406037732,0.004459315074999999,-0.004031709534999997,1.2853447807444827,0.11103284518116587,0.0,0.0015857969834445244,0.0010433740699047622,0.0010419611849047626,
349276.95,126103.48987740312,402387.4,402387.4,0.0,393375.85,3.797590383357922,-2.406106725316103,371344.15029802604,80497.42207031258,349276.95000000007,119.29999999998836,-401747.6,505.99578941378456,-22.53869309001005,34.40000000002328,17772.33833186808,1569.4168925517306,826.8352250489238,45031.18632646533,88974.93535837313,347597.9996815829,349276.94999999995,1678.9503184170512,17283.93504463301,7.534450302721071,3.0341537205661813,987904.399428619,349981.3083143194,1138080.0558150697,1138080.0558150697,0.0,1048065.8464904882,224779.77161318998,987904.3994286188,0.9824986022429302,0.9649959673859053,0.9474912021588475,0.9299848750990561,0.9124769981728387,0.8949674605870506,0.8774557598886048,0.8599423729142873,0.8424264921673821,505288.599609375,182468.09768612316,582881.2,582881.2,0.0,567888.3500000001,3.7922690910137202,-2.404155910200384,537225.4420337853,116453.23194122312,505288.59960937547,132.19999999995343,-582194.2,505.99590954894984,-22.5386971045543,64.59999999997672,25754.866981305033,2274.354533721922,1203.71409001957,65132.15496864729,128727.08678855252,502879.4404819663,505288.599609375,2409.1591274086973,25037.08993370613,7.532559690268613,3.033694802225898,1429171.9809601735,506383.29982428125,1648448.2344293715,1648448.2344293715,0.0,1516231.0501709674,325127.12760851893,1429171.9809601735,0.9824805145489536,0.964959313614682,0.9474364358398663,0.9299118137773803,0.9123866911980623,0.8948599252122622,0.8773323933078061,0.8598035547505647,0.8422734155810543,0.13706792383854624,0.04374798461440927,0.16633410801999998,0.20884571299999996,0.04251160497999999,0.12693604004999998,-1.3105697322787455,0.21885278225507995,0.14388016507924958,0.03881792813109745,0.13706792383854627,0.0579594745,-0.0663420435,9.469547093297958,-0.5434525469722562,0.0005388792499999989,0.012813637171461554,0.006526789538746185,0.006532257063053093,0.0893215710171586,0.04603287552309504,0.3018922392499999,0.26644593954999995,-0.03544629969999996,0.07915539375000002,1.1525435055010957,0.7706064370404313,0.10048566404168342,0.036679608252617554,0.08982062151848016,0.10597961500000001,-0.10035131900000002,10.554895869850546,0.5157869115776482,-0.0005388792500000024,0.02013705964932268,0.011031626662827945,0.010998544855730088,9.823587623348018,0.022923674100559302,0.2001039500000008,9.944840099999999,9.744736149999998,9.819340775,5.49394894155728,1.6105674887365584,9.823614369896172,0.015060370194453719,9.823587623348018,0.11208690000000132,-0.112206699999998,31.14713113219151,-0.013664549738898281,-0.0004789999999985639,0.014946858283430214,0.006339496550238792,0.006345742477876053,0.002482920974052863,0.018701014866350764,0.10024294824999999,0.05693575079999998,-0.04330719745,-5.795459000000024e-05,0.2713748333333714,0.23447477469765923,0.018865122676379922,0.014256400857383982,0.014018396390361228,0.01099557055,-0.01386663619999999,3.1283766685700476,-0.6778543576073365,0.0001221729249999998,0.0032027665343433687,0.00220865806544279,0.0022020872834557516,-0.0011807556303524223,0.013247487913797455,0.06426299893000001,0.0424441557,-0.021818843230000003,-0.0032485474125000012,1.4865067168247528,1.1866713447000616,0.013300004506947306,0.009506986703863558,0.0098348778612555,0.008429937040000005,-0.009101888550000003,5.991476428221931,-0.39070044900600465,6.108650000000073e-05,0.002077151676543892,0.001224200932245968,0.001225243837466815,0.0010144719707488989,0.004670894513071522,0.027000233614999997,0.010752790525,-0.016247443089999997,0.0021395937650000004,4.981842109085013,-1.9506745367921818,0.004779791724717388,0.0028558689166269476,0.0032587126255506603,0.0033597575000000003,-0.002626719535,6.893130218880275,0.770745104571565,1.3552527156068805e-20,0.0006855136533601776,0.0003847315768756351,0.0003835475445353993,
382670.91093749995,73239.04635812255,402258.1,402258.1,0.0,397690.19999999995,23.204310680926962,-5.005225569941117,389616.4575440615,26906.54842529302,382670.9109375,34.5,-388552.2,250.00095582279596,-15.874490474312811,-36.20000000001164,24332.211059410245,3035.1048242983466,1580.6117647058823,66377.33909177118,129127.8369409128,369774.99886422826,382670.91093749995,12895.912073271727,13654.348435719463,2.166445701186573,2.0411402190393817,1082356.7843469589,196934.01467298195,1137676.898883776,1137676.898883776,0.0,1100126.9084778845,75191.81211238887,1082356.7843469589,0.8915709598294235,0.7831412465837269,0.6747093550248192,0.5662768023326591,0.45784014009097873,0.3493983755718004,0.2409515028837892,0.1325057485842273,0.024055001282684094,556570.6898437501,106408.1807566287,582961.0,582961.0,0.0,580151.6,23.315720488921762,-5.022429527274888,566651.2452338589,39133.87662963858,556570.68984375,50.59999999997672,-566975.4,250.0015135849484,-15.874516929687758,-45.90000000002328,35505.5085099625,4428.9747789311705,2292.029411764705,96522.35330158462,187816.1912455853,537859.2622872541,556570.6898437501,18711.42755649603,19733.127435744846,2.166443381654509,2.0411391498389584,1574219.6359927617,285990.1757652519,1648816.071376945,1648816.071376945,0.0,1599986.825876833,109073.50224603502,1574219.6359927615,0.8910055488715735,0.7820100799796788,0.6730127437264711,0.5640138232826346,0.455009351284148,0.34600077146165925,0.23698399691129501,0.12795947632366225,0.01893092441248443,0.14525502092601625,0.040830419789597075,0.12082874206500001,0.20968397,0.08885522793499999,0.12190650059999997,-1.6283868004776472,0.3414777142930583,0.15088453958047573,0.03857392181005157,0.14525502092601636,0.017842896000000052,-0.01784289650000001,1.170403355467391,-0.46805759932193863,1.3877787807814457e-17,0.005876095501024106,0.004242003935206933,0.004206007834918033,0.33050687005406504,0.16692197097734143,0.5515730344350002,0.6198310955000002,0.068258061065,0.40044728450000006,-1.4976318210103527,0.04128758560868805,0.3702671137812472,0.15595700286318326,0.33050687005406487,0.06945557199999997,-0.04418811300000003,2.580559265948576,0.9922203002365246,0.0005987547499999996,0.018043571922530286,0.011606979066436445,0.011491186495245897,9.811945614430893,0.023775178870089824,0.11807457499999785,9.866642574999998,9.748568,9.816227550000002,0.29889964533668323,-0.4965481420364516,9.811974419029026,0.018014116438628085,9.81194561443089,0.024668750000000017,-0.03353025000000187,2.41685200494344,-0.5485429870672603,0.0,0.008716689418543469,0.00597966641359849,0.005974790778688521,0.021867629946983744,0.05903404685970154,0.23170110089,0.18851607695,-0.04318502394,0.002568765042,1.3223796748950694,1.4954671198222569,0.06295404616171749,0.043700748029375125,0.03907265561317887,0.016126837000000005,-0.014477501000000004,0.061449313012769124,-0.023138681635074557,-0.0004581487249999997,0.006917773021604999,0.005114898673794141,0.005131766822081966,0.004620685446849592,0.012573190268810689,0.04893028787999999,0.0382291875,-0.010701100379999998,-0.00013313562499999966,0.8577674015279806,1.4061873867383528,0.013395366644270825,0.009534258795279922,0.00847291555270325,0.0034819307499999973,-0.005253439200000001,1.2689167849400702,-0.6098870416508975,0.0002138027450000002,0.0016145022276350283,0.001130551730759876,0.001145121542397542,-0.0020078319373983736,0.006562313485271699,0.023212870575000003,0.0048884864350000005,-0.01832438414,0.0007346043799999998,0.2225690972724843,-1.2380559575278367,0.006862604998673296,0.005302909135587949,0.004625879425853657,0.0022602005449999987,-0.0026878060500000007,3.3366385092759066,-0.6420921630637694,0.00012217299249999997,0.0006465733844137913,0.00043990161040513294,0.00044663245315573833,
363032.412109375,105796.13446832419,399935.3,399935.3,0.0,395651.05,7.839201483883356,-3.132113326278802,378134.0427816449,56723.81439208983,363032.41210937465,3.5,-383922.3,250.00175344219753,-15.874528305536106,-46.300000000046566,24042.28100308076,2998.8543237216436,1568.4058823529415,74555.20658837141,117817.38427875741,342320.766288864,363032.412109375,20711.645820510963,27898.913786342688,2.15922561143317,2.037813105916185,1026810.7215721937,283420.7972712929,1130676.7538820636,1130676.7538820636,0.0,1065207.7760988718,158587.79619584998,1026810.7215721937,0.9510441810318815,0.9020829104646688,0.8531178664914569,0.8041477581873658,0.7551702392584089,0.7061838341760821,0.6571914212792479,0.6081937365682607,0.5591876419191879,531391.8121093749,154886.2655415064,585867.6,585867.6,0.0,579369.35,7.832006612377004,-3.130241535405554,553504.3028109893,83029.97064208989,531391.812109375,41.300000000046566,-560686.2,250.00127704013397,-15.874505709589192,-76.0,35111.763121934266,4379.519058823537,2298.298823529413,109140.651970513,172453.2728762553,501085.9065618981,531391.8121093749,30305.90554747676,40797.43234518962,2.1591085615564802,2.037759916278694,1503003.0152381877,415043.3662536563,1656362.3856564458,1656362.3856564458,0.0,1559255.9314257072,232244.4623610404,1503003.0152381873,0.9511739799806791,0.9023411957285177,0.8535002958207918,0.8046528254225924,0.7557961144363261,0.7069306698063285,0.658058523247639,0.6091763956096798,0.5602869996287263,0.16170238901101694,0.01791991815326497,0.07915539960000001,0.21004322150000002,0.1308878219,0.156394781925,0.617628347829934,1.1242091989751324,0.16269230491479914,0.013732248526515362,0.16170238901101688,0.012933106050000004,-0.013891113949999978,0.4550449252369497,0.06279364568886629,-0.0003592530000000316,0.004527747442183739,0.0034852617909708556,0.0034901781512820538,0.39104480046355944,0.07987681169530639,0.2583028599650001,0.509660171,0.251357311035,0.38601728775,-1.403627899745197,-0.12685933808782898,0.399119457075438,0.07161511205277214,0.39104480046355955,0.034368530499999994,-0.033530273499999985,1.2078442640383562,0.3079858469772618,0.0003592534999999897,0.011025714266093447,0.008221640927080874,0.008187077691709408,9.814790433474576,0.009622593304404797,0.049217750000003946,9.8383815,9.789163749999997,9.8152694375,0.22740477025035633,-0.17635456816325426,9.81479515055337,0.0074468981542661315,9.814790433474572,0.01413065000000202,-0.016645400000001587,0.050166517026487334,-0.07936982018932605,0.00047905000000092457,0.005983774063218731,0.0046109525787129966,0.0046129735042736665,0.01475966350231356,0.019894224758332697,0.06969969898,0.052781869865,-0.016917829115,0.01347270542,-0.732775954498639,0.4146416220858918,0.024771512780542588,0.016257783899062624,0.019290737320059315,0.009040801999999997,-0.007696898999999997,1.2649670375637942,0.38749609884874725,-6.108655000000037e-05,0.0027598466190159954,0.00204175910381591,0.0020304735639914526,0.003378820430762713,0.008305638927848712,0.033719748615,0.022652129217500004,-0.0110676193975,0.0005999023725000003,-0.5859945008621272,0.630508233546116,0.008966608361199642,0.006993237449092219,0.006650915805720339,0.00262671955,-0.0034208440500000004,-0.12370284604873527,-0.2975907908867938,6.108650249999958e-05,0.001336334905431934,0.0010315492651632693,0.0010316831386965822,0.0004415962138559322,0.0022219113531031687,0.007330380115,0.003055891385,-0.00427448873,0.0014065558950000002,-0.54645600450936,-0.964448751474258,0.002265369126023538,0.0018789056551953465,0.0020423492502966096,0.0006719515600000001,-0.0008552109999999996,0.06146535164759781,-0.10853200207362587,0.0,0.00029717604534659965,0.00023134242082986336,0.00023129333384615383,
347349.00527343753,89871.24906434568,382521.2,382521.2,0.0,367182.75,10.952313488800048,-3.589046029414398,358787.0857107766,43418.625659179714,347349.0052734375,146.09999999997672,-382521.2,505.9962639183888,-22.538708894077992,36.79999999998836,16921.826233487347,1494.3567304046835,792.3007827788653,41910.22925415273,88315.07771826287,340333.6826432918,347349.0052734375,7015.3226301456925,18336.120817051567,8.013693711250042,3.1572122802681193,982451.3482689983,254194.050707106,1081762.642293484,1081762.642293484,0.0,1014803.068151875,122806.41853362473,982451.3482689982,0.9676852640023518,0.9353716237012764,0.9030587056981326,0.8707463197659976,0.8384358199611855,0.8061279073003347,0.7738234716696542,0.7415209885305879,0.7092234359976537,491448.0806640625,127161.57200826667,541885.5,541885.5,0.0,519540.9,10.949352783248917,-3.58836311797167,507633.01841389755,61431.01008300771,491448.08066406206,203.40000000002328,-541885.5,505.9945904545036,-22.53865310697861,64.59999999997672,23971.73843386548,2116.9209063997264,1128.6236790606654,59301.73118522038,124949.67664623786,481482.67851292586,491448.0806640625,9965.402151136685,25994.335115211183,8.014328519660799,3.15737647198123,1390025.0817546882,359666.8741232563,1532035.1590776257,1532035.1590776257,0.0,1435802.9071737952,173753.13521933614,1390025.0817546882,0.9676395208173462,0.9352829797717304,0.9029307093656408,0.8705832762726204,0.838239025344174,0.8058993198395399,0.7735638632344651,0.7412343408381488,0.7089108058973435,0.18051362775,0.02619528115385918,0.11472143894999999,0.2386637065,0.12394226755,0.17363892321750002,-0.774811006204644,0.39568453442253226,0.18240439292460944,0.021976283406666665,0.18051362775,0.017363892499999978,-0.01628613399999998,2.4071138935701084,0.5148287239510351,0.0,0.004055719591868091,0.0030220325281327355,0.0030032945120502105,0.54326280121875,0.07969591033747103,0.39996828024999986,0.7422165859999998,0.34224830575,0.52684444175,0.15246985819030812,0.47410018626820505,0.5490773254401983,0.060771399441406276,0.54326280121875,0.05412744575000006,-0.0506546670000001,2.7907810560661845,-0.01514902411567933,0.00047900299999981133,0.013792606252298,0.009690745472567007,0.009690309412133887,9.7997971478125,0.016966851778834727,0.08861580000000124,9.841255525,9.752639724999998,9.801019125,0.38205033410895517,-0.49315146973989127,9.799811835557525,0.012558251817708385,9.799797147812496,0.028141499999998487,-0.02490820000000049,3.1789143262905943,0.0378552606914797,0.00011970000000083303,0.006322051013422038,0.0045477151406663596,0.004546027510460305,0.0021986827572291665,0.038697758103514106,0.19437724769,0.12187070355,-0.07250654414,-0.0064720378075,1.1897141316473716,0.9550315071149993,0.03876016883483647,0.028259010096327596,0.027940548150520838,0.013927721999999997,-0.018387036999999988,0.8704549289825803,-0.6286567520334437,0.0006719516500000005,0.005519210257437429,0.004225770836729855,0.004192732089493723,-0.003913371995375,0.006473978813692524,0.025106551915000004,0.007197244405,-0.017909307510000003,-0.0043481042275,-0.9130017877909511,-0.20569506455654316,0.007564845144107379,0.005486882789442707,0.006141411737229164,0.0029321519499999997,-0.003970622599999999,0.5978868167238316,-0.23693456302761232,0.00012217299999999946,0.0011232076210924338,0.0008606180162201288,0.0008626231838493727,0.0015294924225416667,0.0034191823355663804,0.018325950255,0.010508444464999999,-0.00781750579,0.0018952478925000002,0.6678956357912775,0.11232253139286688,0.0037456848391798185,0.0025505459576003462,0.0029625974099583316,0.00219911405,-0.00164933555,1.650086200517607,0.3821446043102892,0.0,0.0005826074997893219,0.0004100701809373091,0.000407413734644352,
369837.166015625,92331.9210620776,396732.1,396732.1,0.0,394458.75,12.087076067111193,-3.749932748501663,381188.553098703,43340.292892456055,369837.16601562506,44.5,-387007.3,250.00179421993207,-15.874530235326734,-26.699999999953434,24235.407860083316,3023.2071111111054,1563.3894117647058,71007.36155503159,122007.04041041924,351291.30757079646,369837.166015625,18545.858444828533,21802.922112394204,2.165093727373101,2.0405188109299424,1046057.4720978539,253191.48302875966,1122085.5832673423,1122085.5832673423,0.0,1076263.0542809016,122205.45006852239,1046057.4720978538,0.9342068311880809,0.8684101487428924,0.8026078879576463,0.7367991139965476,0.670985263527965,0.6051691185272242,0.5393461846565065,0.473519188449827,0.40768980128452703,543221.646875,135569.8228498366,582987.4,582987.4,0.0,577136.25,12.10843755778862,-3.7544672740993636,559882.9650035114,63658.78674316407,543221.6468749997,136.79999999993015,-571779.1,250.0008590481419,-15.874485885361755,-6.599999999976717,35806.31027862076,4466.798059207999,2310.6250980392156,104278.79743698523,179212.53376817217,515982.5183049586,543221.646875,27239.12857004141,32108.97270680681,2.165118712485861,2.040530226176934,1536462.8407705468,371609.40633171826,1648838.910925977,1648838.910925977,0.0,1580762.9841133396,179423.20262910763,1536462.8407705466,0.933778093244198,0.8675536130653061,0.8013282164534463,0.7350974099043769,0.6688637759758559,0.6026233245474235,0.5363789737662127,0.4701338066904779,0.4038889038458465,0.14824672625125,0.030410067441378367,0.10250684095,0.2094444665,0.10693762555000001,0.140228400425,-0.7523841438588197,0.7129727693452027,0.15133361836023826,0.02461622814164582,0.14824672625125007,0.010657837500000017,-0.018082398700000002,1.1582849416444105,-0.46288757565714833,-0.000718505000000022,0.004472851738008361,0.00347855422177812,0.003506993050840339,0.32100547948225,0.15794363490739521,0.64473928285,0.7915539880000001,0.14681470515,0.26848169676,1.1185378425426649,1.3732480897159738,0.357757892527041,0.12197533940677921,0.32100547948225,0.06083349499999996,-0.07556286565000003,0.5599585457044474,-0.21065312940917985,0.00023950149999996118,0.024235618607063587,0.018604183023244843,0.018603667182941187,9.810619124166665,0.025438736391697435,0.14813205000000096,9.8596971,9.711565049999999,9.8093416875,2.3755641059617734,-1.0582235683892836,9.810652105174961,0.018330554972222343,9.810619124166667,0.035206799999999205,-0.02514770000000155,2.2590595838219727,0.2842703740536287,-0.0005987499999999812,0.008895985696744792,0.006369709120118678,0.006383027941176515,-0.0005593722671000002,0.07858208731389933,0.30830357384999996,0.1638982178,-0.14440535605,-0.0184755345025,-0.21353168019233904,0.3863437367895529,0.07858407818344947,0.05931478085757833,0.05943597818211666,0.019608766500000013,-0.031031942000000007,2.3150823282683586,-1.1192096468966675,-0.00012217301000000055,0.009267431480944725,0.006612802496955436,0.006608635449436975,0.005632411988687499,0.011200465000047953,0.040744696440000006,0.030837720820000004,-0.009906975620000001,0.004570524785,-0.8377528694902452,0.37610819741582097,0.012536924703754504,0.009346777699224996,0.010056639821062502,0.003787363,-0.0034208443,-0.40827573296381114,0.07449344560630146,-6.108651999999631e-05,0.001586728052599574,0.0012838475066443047,0.0012864098519117643,-0.0001816931966666667,0.004663698654852165,0.018875728945000003,0.00892019545,-0.009955533495000002,0.00030699885750000005,-0.4728312877688525,-0.2860441141454065,0.004667236608635226,0.0037374757565277763,0.00371016956575,0.0032986711000000004,-0.0018325950449999996,3.6230339635804265,1.096344184720123,0.0,0.0007606444927263244,0.0005312856205606951,0.0005302718978151261,
291098.54921875,136292.39022610313,359168.1,359168.1,0.0,353341.94999999995,0.7795772913651686,-1.6657026261746581,321424.92279038567,104613.54112548844,291098.5492187498,47.5,-349150.0,249.99854108946838,-15.874375977400003,-3.5,21864.768326889473,2727.403755478656,1416.7780392156865,67633.49108889661,93301.52700543171,286519.9792543953,291098.54921875,4578.569964354675,37456.6816801161,1.7661512405649518,1.8568386149107843,823351.0325845766,378009.0372280688,1015794.4586455694,1015794.4586455694,0.0,905978.8932884585,293326.9242284965,823351.0325845765,0.9777941559988593,0.9555907704320744,0.933390883367292,0.9111920992148111,0.8889957705523965,0.8668011696237532,0.8446087399351512,0.822418593083737,0.800229808542168,426687.1296875,199739.58820760137,526051.0,526051.0,0.0,520057.1,0.7818015017393072,-1.6670803806427295,471123.9855264213,153340.68723144536,426687.12968749984,145.20000000006985,-514047.1,249.99901219484508,-15.874398306279618,0.0,32191.048420779047,4015.6935732410675,2084.8799999999997,99118.15443370091,136772.33772664395,419991.19558527495,426687.12968749995,6695.93410222503,54914.29490598183,1.7654776206337512,1.856565801895604,1206853.4513882205,553878.7476656529,1487609.619914662,1487609.619914662,0.0,1327884.3775883997,429853.3793482841,1206853.4513882208,0.9777080765947069,0.9554184211049913,0.9331308342915915,0.9108445558384869,0.8885598269639465,0.8662756592335658,0.8439927213335257,0.8217113538123482,0.7994320624315536,0.1598424710195238,0.05126196056558762,0.193038579315,0.235071175,0.042032595685,0.13915064230000002,-1.1909192068452934,0.03535662905621717,0.16786126456885514,0.046445631901732426,0.1598424710195238,0.02742297499999999,-0.03604504615000001,3.8545289874159696,-0.4073777234790938,-0.0008382564999999675,0.009433931392556294,0.0058952780871690084,0.00598639775653846,0.6363031172761905,0.10144287124344945,0.4265529994999999,0.8138276729999999,0.3872746735,0.6476133135,-0.017501894938322327,-0.7123603271988943,0.6443386634228246,0.07864071391292518,0.6363031172761905,0.06382727500000007,-0.050295411999999984,0.629748645756874,0.6687849115546517,-0.001736388500000019,0.020913883754206396,0.01621000498132395,0.0162274096105769,9.796142349285715,0.028919116187242085,0.20549262499999976,9.900172775,9.69468015,9.7953907,1.6369717462074442,0.04056159921379404,9.79618503514251,0.02090386209523839,9.796142349285716,0.07364687499999967,-0.07029379999999819,7.8847138091226,-0.1028736287698377,0.0007185500000010947,0.016290116201263024,0.009291930006471914,0.009332517548076957,0.005509062300857141,0.0467930769549827,0.15418232826,0.06567112046,-0.08851120780000002,0.014480632579999996,-1.0330373066465026,-0.3714845752197869,0.04711625853513475,0.04075156103202177,0.041346118379047656,0.0172263935,-0.016432268999999992,0.8734549269015832,0.23410587108924058,-0.0009162973749999997,0.006717143878077379,0.004774642011911983,0.004832882025192308,0.006876685972476191,0.019293200161139855,0.07586943482,0.058998598285,-0.016870836535,0.0026157569399999996,0.3924313216916069,1.0807503683043722,0.020482099072650188,0.015174064409875742,0.01483589016438095,0.008185591539999995,-0.009468408000000001,2.472222361470351,-0.6210364148137002,0.00027488922999999773,0.002721950356684591,0.0017663125750147922,0.0017609358785096161,-0.0011014813534285712,0.01168781535462155,0.047403124505000005,0.01551753747,-0.031885587035,0.0026282858899999996,1.0302550606956267,-1.3638206270044186,0.011739603440307432,0.008482695883725168,0.008039535428857141,0.0045814873,-0.00464257375,1.0247309378042075,0.3546445655864229,-0.0002443460000000001,0.0016712596886263907,0.0011703577124149407,0.0011753277680288461,
340075.5015625,90716.4193748367,367534.8,367534.8,0.0,363489.95,10.119844012960412,-3.480446119110683,351967.0659410867,45166.277551269544,340075.5015625,92.0,-362619.4,250.0011814624646,-15.874501175099745,0.5999999999767169,22708.169261463907,2832.9192218377584,1464.4894117647063,67188.83100189739,111423.36798491023,321804.0752859588,340075.5015625,18271.426276541202,22596.49686788916,2.1636788633594017,2.039867017165802,961878.7730810405,249482.9938765355,1039408.6431566847,1039408.6431566847,0.0,993706.4648765686,124275.19318720025,961878.7730810406,0.941223284556367,0.8824519765634361,0.8236820847928754,0.764915997940992,0.7061524512815729,0.647398033026066,0.5886475667047993,0.5298976186790981,0.471148695562067,490411.59062500007,130809.69805637527,528645.7,528645.7,0.0,524821.25,10.123564877638737,-3.481319260338669,507557.5881857571,65132.789379882706,490411.59062500007,115.29999999998836,-525279.5,250.00217894022808,-15.874548483274713,27.20000000006985,32894.3403187885,4103.82694655902,2113.6364705882356,96890.37579255887,160679.96153739496,464049.36634513875,490411.590625,26362.224279861268,32589.82775900983,2.163695608959383,2.0398747261738768,1387093.4452136746,359650.30826565577,1495078.7181336575,1495078.7181336575,0.0,1432960.7705692165,178850.1439586831,1387093.4452136746,0.9409497817462894,0.8819038049965254,0.8228630179070965,0.7638272864201556,0.7047968250967915,0.6457689390027275,0.5867443193388625,0.5277216379807653,0.4687023958483173,0.18796275134831933,0.04207224541620835,0.12190649860000002,0.253752331,0.13184583239999997,0.168729133,-1.6395006201478666,0.20662960150366594,0.19261378384942182,0.03946368641827557,0.18796275134831927,0.01975891199999999,-0.024668700999999987,3.1118248968463877,-0.5347590488595181,-0.00011975100000001515,0.007029145557361392,0.004455864867171791,0.004416578548728818,1.011014270105042,0.04246623797037632,0.16896862149999992,1.101469523,0.9325009015000001,1.002914467,-0.6074783069327419,0.403076093230098,1.0119057444858128,0.03459268691970903,1.0110142701050422,0.04311035149999998,-0.04694238650000038,2.43615407994296,-0.13343237919067918,-0.0004790014999999648,0.013007342766455796,0.009104411650459655,0.00908280763135595,9.764665122478991,0.014665741672804907,0.07268864999999636,9.803893075,9.731204425000003,9.765213575,-0.3225878765560153,0.15174035834893382,9.764676135855016,0.012097762710966598,9.764665122478997,0.0348474999999997,-0.03376974999999938,5.555630364085074,0.17735473442500518,0.0,0.007768737570062197,0.005021799662453052,0.005018377542372612,0.0016740272941008405,0.021856446936118427,0.09150757846499999,0.058096394249999996,-0.033411184215,0.0007361706949999998,0.36267904226162795,0.7889679258842753,0.021920461675173607,0.01645693901126304,0.016453907806789913,0.0073303801000000005,-0.007941245200000004,-0.7007896943180509,-0.024978910115546045,-6.108650150000007e-05,0.003910882635756817,0.003159765521707268,0.0031542377287966084,0.007216750994390757,0.01320749459862629,0.048380509097499996,0.040855906712499994,-0.007524602385,0.0015161996874999996,0.5087681787897482,1.2937048459820168,0.015050561733296957,0.010268312619746487,0.00958934372418067,0.004398228035,-0.0044593146000000035,0.2758852391126174,-0.28670923305265666,-2.168404344971009e-19,0.0018385645424615841,0.0013706470204596383,0.0013703048237076274,0.0010400368116386556,0.0023633105999950324,0.013439030445000002,0.007331946530000001,-0.006107083915,0.0011622097949999998,1.7172271299454893,-0.5357024307030687,0.00258203670802961,0.0016365022430548687,0.0020178157214705886,0.0011606435650000002,-0.0014660760650000004,0.8918161816639683,-0.09669121575044161,-3.054323749999998e-05,0.0004795470084598859,0.0003427056262288136,0.00034270562622881344,
302799.59609375,130348.87823913051,365828.8,365828.8,0.0,356733.2,1.579694702494411,-1.890609818831157,329664.1100464802,94624.87377929715,302799.59609375003,134.79999999998836,-365828.8,505.9948632279991,-22.53866218619299,4.7999999999883585,16183.37954564301,1429.0833253549088,748.8279843444237,41320.05268734873,77200.28897908072,299134.5633289376,302799.59609375,3665.032764812352,12274.246878979535,7.145303401801138,2.939692543405823,856446.5909537532,368682.1838667482,1034508.1810310276,1034508.1810310276,0.0,932430.8638483929,267639.55967304774,856446.5909537532,0.986871200890362,0.9737429982263727,0.9606152089880956,0.9474880185674677,0.9343611737874483,0.9212338901139614,0.9081067597147788,0.8949797628283408,0.8818527402297375,439351.5560546875,189123.42744861208,530252.2,530252.2,0.0,517639.2,1.5803855410420384,-1.8909722788354326,478327.7752938727,137297.36126709002,439351.55605468736,178.10000000003492,-528512.4,505.9941672295002,-22.538638983801775,0.0,23380.110625206806,2064.5748423144855,1085.7180039138937,59943.590452406424,112021.28700695556,434066.25542272546,439351.5560546875,5285.300631962035,17719.47642501485,7.144079350719526,2.9394594779933128,1242673.8584445245,534921.6593371416,1499721.9701676583,1499721.9701676583,0.0,1352915.1858447755,388335.5807639139,1242673.8584445245,0.9869347426730902,0.9738691488479284,0.9608033586520422,0.9477372262376514,0.9346707314561836,0.9216034912344367,0.9085350939956646,0.8954658288858699,0.8823954389412048,0.185312426325463,0.03657189830859718,0.14920972469999993,0.26967921249999993,0.1204694878,0.1796863459,-0.6724296785578536,0.472440099908978,0.18888673615827162,0.030251907064621917,0.18531242632546313,0.01796264779999998,-0.023471192000000002,1.5863833580023883,-0.19081796655694913,-0.00047900449999999095,0.006267206321741188,0.004616779207182259,0.0046274007116279044,0.9571712600347221,0.1992370407092273,0.6931187010000002,1.447190628,0.7540719269999998,0.8671168592499998,0.2564760215734476,1.2324794057016186,0.9776871787167039,0.1632560852966178,0.957171260034722,0.04107458500000005,-0.04394861499999991,0.498429676013592,-0.09879022684314297,-0.0007185029999999815,0.01553658157403385,0.011843588521189836,0.011850334474418613,9.763347423263887,0.034772725108603714,0.1392705999999997,9.809042424999998,9.669771824999998,9.7744343625,0.5973803757412117,-1.2136704588746732,9.763409345600802,0.027133336622299633,9.763347423263884,0.028261249999998128,-0.02203419999999845,1.563735996388199,0.17828956968704537,-0.00035924999999892293,0.007045644791812417,0.00522196093455915,0.00521669162790692,0.004116290316999999,0.07546769051340446,0.30280579025,0.15638457904999997,-0.1464212112,0.007577858869999998,-0.1260814163755395,-0.055430644402778756,0.07557986608482993,0.05317033168783331,0.05386029582394446,0.01350011700000002,-0.017592912999999988,0.8915707727062538,-0.6913514157877219,0.0009162975200000013,0.005992193123366839,0.0044389092775594585,0.004426356311641863,0.0018501961167361103,0.015532379775664509,0.07538074220999999,0.05166821761,-0.0237125246,-0.0012937792575000002,2.2106665398753576,1.5621682898501055,0.015642188055571295,0.01085073328543789,0.010407336833287048,0.0058643043499999985,-0.005070179530000003,0.9876566794198167,-0.04295577613368908,6.108646999999985e-05,0.0019367631506118116,0.001428241374787885,0.0014282876274186059,0.0011805923746296297,0.005507297238129256,0.027305666309999997,0.014479067374999998,-0.012826598934999999,0.0009178638775000001,0.40557026646483996,-0.14105355137560485,0.005632416996648931,0.004046192534327846,0.0041632002640277785,0.0017715085500000002,-0.0014660760500000009,0.03444707929509638,0.1260263300808681,4.0657581468206416e-20,0.00063993522228595,0.0005038840156938884,0.0005037505438372093,
226576.2666015625,176251.11934078104,367799.9,367799.9,0.0,361735.94999999995,-1.741962438729771,-0.5073187569984045,287056.19947317033,170817.26349258423,226576.26660156267,59.40000000002328,-357876.9,505.99722185266893,-22.53874084504738,0.0,15831.587327580957,1397.8868371368028,723.4072407045016,37715.74125390349,60681.29649660485,225891.82568796628,226576.2666015625,684.4409135962295,14005.772588813445,4.38825653213487,2.360928149623502,640854.4582795838,496753.94493297493,1040230.1951704064,1040230.1951704064,0.0,810838.4046795587,480640.84370968776,640854.4582795837,0.993746188772079,0.9874918037214238,0.9812374239762623,0.9749827154355842,0.968727553785726,0.9624723337808877,0.956216718915645,0.9499607484740586,0.9437042495311742,332444.5779296875,258594.06532857165,537123.4,537123.4,0.0,531911.7,-1.7420553166885544,-0.507577544850714,421177.2643650245,250632.0450798046,332444.5779296876,67.40000000002328,-527051.2,505.9985108000738,-22.53878381619276,0.0,23315.416935276386,2058.725491247346,1060.7046966731905,55329.41079751424,89039.8416210268,331405.15618300653,332444.5779296875,1039.4217466809769,20591.818763572555,4.3880010354483066,2.3612496646164023,940295.261691127,728814.5854218394,1519071.310838725,1519071.310838725,0.0,1189674.6946465627,705221.4462683448,940295.2616911267,0.9937305541390213,0.9874614835755419,0.9811928207753264,0.9749242724395422,0.9686560220387807,0.9623877250720992,0.9561195104032059,0.9498514112272489,0.9435830852918045,0.18088236100718752,0.040884166691042785,0.15208374545000003,0.2603386335,0.10825488805000001,0.1987866303,-1.3914479238593402,-0.33558946610055007,0.18544525771654413,0.03763799494592968,0.18088236100718755,0.039877076500000025,-0.037841309999999975,5.320563415346031,-0.17894089221475928,-0.0002395015000000167,0.008447940149715222,0.005537098595569796,0.005525867653144655,0.8812998679218751,0.09209341499147508,0.35482216975000025,1.0655442465000002,0.71072207675,0.8732840303749999,-1.0628316693361344,0.14937710778009586,0.8860985578838879,0.07994556925117184,0.8812998679218756,0.044547365000000116,-0.05304968749999983,-0.19399315987963384,-0.2520820295113344,-0.0001197520000000285,0.01873834379840876,0.015153934710869827,0.015147369509433965,9.77896097046875,0.029830311158126416,0.16046620000000011,9.864846325,9.704380125,9.7811403625,0.728386264456983,0.1716885919763351,9.779006468420754,0.022461689359374825,9.778960970468754,0.08107140000000257,-0.07508385000000217,14.266556795227594,0.5764674682309472,-0.00023949999999928195,0.01357436545034377,0.007704239836240757,0.007713016981132127,0.007625582882049999,0.05064397340423957,0.1884518559,0.0886396451,-0.0998122108,0.0026909397750000006,-1.1548004818900004,-0.01085900397329939,0.0512148567942969,0.044986271242301853,0.044903581148312534,0.0194255075,-0.016920961,-0.533933467368116,0.018005730390740368,0.00030543250000000105,0.00833325265400828,0.006688562337002491,0.006686858843597484,0.006101123602765625,0.011248377238145502,0.05259547704249999,0.04036721459249999,-0.012228262450000003,0.00340988139125,0.4250234185645927,0.9656484091831313,0.012796472158679269,0.008851825360794138,0.009120635999171876,0.0072692935,-0.005314525800000001,2.973853474264808,0.8167659156449983,-0.0001832595024999998,0.001987167827814098,0.0013445940814022389,0.0013408294846698114,0.0001550461546562503,0.003321864525062908,0.015393798279999999,0.007698465435,-0.007695332845,0.00024591233,0.2991808549660053,-0.2232675632823549,0.003325480902507954,0.0023647729967984374,0.002381179226031249,0.0014660760749999999,-0.0016493356,0.7875434135800625,-0.12723193609344843,-6.108649499999988e-05,0.0005380202979600508,0.0003924845757810214,0.00039264405163522045,
331717.7765625,85766.90552982855,363324.1,363324.1,0.0,352872.5,10.990785818835212,-3.5977029468741692,342626.10141629784,41464.72207031254,331717.77656249993,98.59999999997672,-350447.9,505.99139825844253,-22.538546671402997,-24.900000000023283,15503.003139679233,1368.8332443579786,729.2737769080235,40013.09590451578,84343.46448545341,324993.2112016414,331717.7765625,6724.565360858545,17402.369442711268,8.013954529623526,3.157281761855169,938239.5569898712,242585.18021935222,1026905.2274983537,1026905.2274983537,0.0,969092.8933609024,117279.94462373386,938239.5569898712,0.9689544228771833,0.9379121443359919,0.9068734040084345,0.8758389991058624,0.8448088020949092,0.8137808578874599,0.7827557176113055,0.7517343297205108,0.7207168025238243,476636.086328125,123296.81705774763,523123.7,523123.7,0.0,506880.05,10.963673650761232,-3.591602134548667,492325.16072892677,59579.5107910157,476636.0863281248,120.0,-499135.7,505.9917039263901,-22.538556859940478,-41.20000000001164,22080.62437713945,1949.5576303705916,1043.0001956947165,57501.012688389565,121191.6935604095,467003.0081609007,476636.086328125,9633.078167224294,24932.481711782006,8.012880545086622,3.1570052764030723,1348130.4352033357,348735.64782160363,1478837.6067406526,1478837.6067406526,0.0,1392505.735134721,168516.30440041702,1348130.4352033357,0.9692628957855839,0.9385273674839628,0.907792022509911,0.8770588333950587,0.846326113510712,0.8155954658360005,0.7848664599355725,0.7541383231598977,0.7234095912550997,0.16657511271985417,0.033641051000098204,0.14166540965000002,0.24560926200000002,0.10394385235,0.1562750318,-0.6525623476910849,0.48450332158953224,0.16993819020462508,0.028272969389161982,0.1665751127198541,0.015088623500000009,-0.019040405849999997,0.8066859874638941,-0.32249336899153674,0.00011975100000000127,0.005606623961033982,0.004237513028821098,0.0042383830530753125,1.0003333371854166,0.14335330215836922,0.5481002404999998,1.2276870599999998,0.6795868195,1.014350686,-1.0249761730753946,-0.29068319557007466,1.0105527966040277,0.12598040632043403,1.000333337185417,0.09999206999999988,-0.06993456699999978,2.7614435573228286,0.48555499699058297,0.0004790000000001182,0.02376908557516871,0.01665473422842736,0.016653903895397486,9.762492207500001,0.03259963973867426,0.16453787499999883,9.833591299999998,9.669053425,9.767428875,0.002710897548960034,-0.33120584144791315,9.762546636918533,0.02579279439583336,9.762492207499998,0.02670450000000102,-0.03221302499999901,0.35436460376609347,-0.21048451122648126,0.00011975000000141733,0.01047623146855003,0.00797029282400512,0.007965191736401624,0.002570292577729168,0.055838613440148586,0.281181162395,0.105804952995,-0.17537620939999998,0.006050694987499999,1.3114775582801848,-0.9199517658095797,0.055897738369754056,0.04117325619536546,0.04144155212089584,0.024678947,-0.024129166999999993,1.0583351777771028,-0.23790041630938877,-0.00042760555000000014,0.0077100376912167074,0.005630068407662505,0.00564986235533473,-0.0002547995432083334,0.011985084899700113,0.0557719753225,0.029738163714999998,-0.026033811607500002,-0.00269876893125,0.7769902016200283,0.7799604221012583,0.011987793077136375,0.008870392146912147,0.008933169520479168,0.005131266100000004,-0.005009092999999998,1.3195436826406004,0.2216662230422701,5.421010862427522e-20,0.001646388845995307,0.0011721537173442344,0.0011713783857949787,0.0019189188357500002,0.004604488200712992,0.02602284909,0.012890817695,-0.013132031394999999,0.0021395937850000003,1.4261023182325907,-0.6267904468863188,0.004988342519184233,0.003236572787652083,0.003899831377875002,0.0026878061,-0.00171042205,0.9817402184264488,0.6764049556322872,-6.108647499999953e-05,0.0007581974006564557,0.0005559095051229843,0.0005559127133891221,
247730.208203125,173906.20118387335,375350.2,375350.2,0.0,367569.7,-1.4777119080116219,-0.722114103706225,302677.4237807794,163540.64525909326,247730.20820312508,61.70000000001164,-368668.6,505.9972964276102,-22.538743327837512,0.0,16308.979764096657,1440.0626606056344,745.9448140900195,38356.15045395393,66094.81078472282,246543.76301580528,247730.20820312502,1186.4451873197352,13382.744453004754,4.847350319326793,2.433971372316215,700686.8405007401,489989.22999822936,1061574.7436906083,1061574.7436906083,0.0,855015.4934065037,459825.7390786102,700686.8405007398,0.9931118366484891,0.986224144302511,0.9793366328942856,0.9724493453919124,0.965562232294445,0.9586756106197604,0.9517895007083501,0.944903773227044,0.9380183216789024,358585.2810546875,251737.49780268202,544022.8,544022.8,0.0,531316.9,-1.477718291477464,-0.7218294336524819,438126.8898264799,236722.31444625952,358585.28105468757,87.10000000009313,-529507.9,505.997378094917,-22.538746055655178,-3.799999999930151,23424.118546657566,2068.276854791452,1071.4837573385526,55478.78857936274,95698.69061170284,356869.393207589,358585.2810546875,1715.887847098501,19282.39623246364,4.843265455894549,2.433532032278484,1014232.3354698144,709324.0389050667,1538620.232398782,1538620.232398782,0.0,1237662.2408723435,665589.9701520657,1014232.3354698143,0.9931721965447485,0.9863443095757481,0.9795159668576603,0.9726877155034221,0.96585949231078,0.959031221182858,0.9522027254721939,0.9453736576078616,0.9385444255942355,0.17293712663081395,0.04788140013332003,0.17184265995000003,0.28309132150000005,0.11124866155000002,0.1626218336,-0.3887331189421457,0.8758214335253595,0.17944324519482271,0.03824243367067332,0.17293712663081395,0.012214600450000002,-0.017962646500000012,0.4865244538808997,-0.6152916125295939,0.00011975100000000127,0.005522647211992463,0.004324435212335419,0.0043033320754385955,1.0867965564796511,0.13528510845457759,0.599952431,1.47904439,0.8790919590000001,1.0596165764999999,0.4527849423524528,0.9219687592414785,1.0951843752289359,0.10582928358051648,1.0867965564796511,0.0934057665000001,-0.07879614999999984,5.080817633182997,0.45773391172149464,-0.001796267000000129,0.020320156328923637,0.014060454940255106,0.014111707678362565,9.753491200000001,0.03099085394253932,0.13148639999999823,9.8060485,9.674562100000001,9.7592859375,0.17706883225889758,-0.7835172670201636,9.753540435221739,0.024313406104650933,9.753491199999997,0.02790200000000098,-0.0405956000000014,2.5474710731347434,-0.44732193862161923,0.00011980000000022528,0.009703587763653524,0.007079345189972861,0.0070800173976607,-0.009426208098081396,0.06330976421036469,0.283930056,0.11160817055000001,-0.17232188545,-0.007296705665,-0.4495274030340375,-0.32361521547964045,0.06400765300712334,0.05383309017922188,0.05394630138151164,0.016126835499999992,-0.02351830250000001,0.4755522909985097,-0.9299291599536,0.0020158544999999972,0.0076255288465920616,0.0058564157623025885,0.005918960435029239,0.0032408282174709296,0.014612556715307997,0.0574823976425,0.035785727350000004,-0.021696670292499998,0.00255467045,-0.8161468256461095,0.3280257715508054,0.014967624437206076,0.012765988502295829,0.01280221174020348,0.005009093299999998,-0.004886920249999999,1.5096923175008516,0.5649751048841939,-0.0002443460100000003,0.0014937751347848527,0.0011244085983439346,0.0011284927304385966,0.0007988872179651163,0.008100977816113094,0.03310888392,0.012585385700000002,-0.02052349822,0.0014065558699999999,0.21816745983916386,-0.6718533414574246,0.00814027409637934,0.00605166035033126,0.006225969421569764,0.002871065550000001,-0.0025045465000000013,1.1735852866806784,0.01647318125700327,6.108648500000014e-05,0.0009533093327813393,0.0006934334246133855,0.000694457068976608,
