546188.0960937501,188979.52038159096,637946.1,637946.1,0.0,601506.25,4.381205629285334,-2.4962328541412346,577957.347421219,115211.55151977546,546188.0960937496,1399.3999999999069,-624905.2,249.93936098826495,-15.871567789922597,164.19999999995343,39136.44176832495,4884.039836985766,2813.3937254901957,120121.47076773077,174383.80706694952,517523.230945778,546188.0960937499,28664.865147971857,53742.25436972791,2.119554666413231,2.019490341763388,1544853.2262050416,512575.963903297,1804297.220653316,1804297.220653316,0.0,1627668.7652245217,317050.16697857116,1544853.2262050414,0.9623167070784617,0.9245896904604068,0.8868181007415085,0.848998764054379,0.8111306464101706,0.7732128599895247,0.7352440905973152,0.6972256770948955,0.6591557459208688,620532.063671875,213738.0776509773,709963.7,709963.7,0.0,698114.45,4.508765669497544,-2.5393826564611213,656310.907941359,130893.48218078623,620532.0636718746,1264.5,-693633.2,249.95046096679738,-15.872095092860835,143.59999999997672,43439.822273581114,5420.618808150706,3064.040784313725,136263.03241874257,198212.23203828806,588337.3028173837,620532.063671875,32194.760854491335,60609.50557286546,2.118908659847513,2.019196696471609,1755129.7206642614,580653.4683387012,2007890.8345604355,2007890.8345604355,0.0,1848685.6916882251,361993.8510650608,1755129.7206642618,0.9629513058381887,0.9258570911213083,0.8887157460094386,0.8515234736476416,0.8142771266230053,0.7769753725408454,0.7396170275684777,0.7022020905766911,0.6647297935879045,
554336.5015625,144412.64831121187,616651.6,616651.6,0.0,592594.2,10.578020148980595,-3.5099049680987364,572838.5199659757,71919.14180908194,554336.5015624992,1399.9000000000233,-582893.4,505.7313555061056,-22.529870216869607,15.899999999906868,25789.47493052945,2277.455689890887,1445.7440313111545,66721.5334080298,141107.89932341126,544087.0592617386,554336.5015624999,10249.442300761384,27011.827415553154,7.977558939493914,3.148001152610601,1567900.397256284,408450.5946800965,1743933.1057336782,1743933.1057336782,0.0,1620229.4726398906,203402.10729368735,1567900.3972562838,0.9696153225643256,0.9392189687205064,0.9088096389337164,0.8783896826865855,0.8479582529484441,0.8175139315361416,0.7870570093649111,0.7565870921766376,0.7261065578903481,617899.9931640625,161750.12265001715,696145.3,696145.3,0.0,656318.65,10.323047020384715,-3.452393455631295,638720.2077040024,80783.38610153191,617899.9931640622,1650.3000000000466,-630141.6,505.6208111014779,-22.526180677680877,0.0,27881.310335680435,2461.9647780147952,1621.7311154598829,74297.80766378835,157366.93182000174,606673.8921893114,617899.9931640625,11226.100974751036,29799.580781500947,7.961816831215351,3.1440936715520142,1747685.10104572,457484.4080143165,1968876.359329824,1968876.359329824,0.0,1806570.0086056446,228413.43163865284,1747685.1010457196,0.9708250915792102,0.9416357385609334,0.9124315982028607,0.8832131153301487,0.8539814610223087,0.8247370016098532,0.7954782223339641,0.766206468595507,0.7369202586336359,
576057.1335937501,149330.98226464933,629761.0,629761.0,0.0,617373.5,10.84705172697709,-3.5662558242902627,595097.944399384,72007.1416992187,576057.1335937509,521.4000000000233,-607915.8,505.9489373693849,-22.53713068465786,-12.79999999993015,26893.33292634771,2374.796855863742,1335.4592954990212,69409.36107032304,146543.77842232838,564817.3132902153,576057.13359375,11239.820303534618,29395.31169161189,7.998689865013274,3.1534213474863386,1629335.6220601024,422369.8940714906,1781180.3443414094,1781180.3443414094,0.0,1683190.6893551734,203666.95275751298,1629335.622060102,0.9692739942666138,0.93854099528407,0.9077991259785994,0.8770490222484313,0.8462905988183892,0.8155242639576559,0.7847502082386442,0.7539685210664672,0.723178557007842,632207.9822265625,166461.45384420088,706124.2,706124.2,0.0,683125.6,10.019445613104361,-3.3857416241896763,653755.572371591,84886.74980239873,632207.9822265625,972.4000000000233,-659677.8,505.82444442137245,-22.532979286615568,15.400000000023283,29185.162200302486,2577.2722439022455,1589.9303326810184,76187.72536244428,160948.51726593668,620352.3030956511,632207.9822265625,11855.679130911338,30950.325104788037,7.965277405935144,3.1451088879287696,1788154.205410667,470816.9970573243,1997034.765570235,1997034.765570235,0.0,1849098.187508151,240093.80267683143,1788154.2054106672,0.9705487844002172,0.9410838087825553,0.9116039969116749,0.8821092993075492,0.8525995113493265,0.8230756406393469,0.7935375082097924,0.763984881616113,0.7344189193883985,
597361.116015625,126676.64704513701,631773.5,631773.5,0.0,623436.0,18.250175940597703,-4.495719291105374,610644.9670913786,51335.720907592826,597361.1160156247,217.69999999995343,-617737.1,249.99739923185905,-15.874321782552167,0.0,38684.44669488263,4825.998978854285,2537.4819607843133,107532.3663292358,199978.93085711423,573545.3987279789,597361.116015625,23815.717287646024,25832.790956301476,2.1659951974062945,2.040934343610211,1689592.3838072498,325604.01429057907,1786707.8334052837,1786707.8334052837,0.0,1720680.2136194874,142951.6138945626,1689592.3838072496,0.9100715397945985,0.8201439589727875,0.7302175978977536,0.6402904945252714,0.5503606499695158,0.46043007222567317,0.3704992526748435,0.2805650684842043,0.19062700926218185,655788.2796875001,139512.62811368427,703456.4,703456.4,0.0,685175.95,17.981508862476762,-4.448843343595396,670464.0491321498,56356.80528564447,655788.2796874997,556.8000000000466,-662735.1,249.96930086810391,-15.872989035201538,96.09999999997672,41503.498105162354,5177.456682814305,2907.932156862745,118523.7890778348,219367.15384718313,630117.8665333168,655788.2796875,25670.41315418319,28311.202381991927,2.1641156486872273,2.0400828166800355,1854849.3583587664,360481.7811443349,1989364.8843807215,1989364.8843807215,0.0,1889553.718934955,158601.21541146463,1854849.3583587664,0.9127587735330414,0.8254953451887682,0.7382034403602812,0.6508821678317392,0.5635290416411335,0.47614400139373914,0.38872693265504243,0.3012771242248878,0.2137990512220286,
539115.3982421876,185763.88287788827,615842.6,615842.6,0.0,608624.5,4.4980340863588,-2.535823406801183,570222.4415118212,113719.65431671163,539115.3982421877,517.4000000000233,-603910.7,505.9581282216422,-22.53743718023412,34.59999999997672,26716.12960603313,2359.328792398926,1317.8185909980425,68062.98215627385,137600.79144019948,535800.7684276411,539115.3982421875,3314.629814546276,28069.10068232498,7.581306621585748,3.0461736711586513,1524848.615756548,517219.82864690805,1741638.544228728,1741638.544228728,0.0,1610180.0061235998,320215.9464794775,1524848.6157565485,0.9814368973193393,0.9628726387278229,0.9443076004173153,0.9257411026319639,0.9071737751879017,0.8886050791761999,0.870034873980668,0.8514630917957231,0.832888849068969,608715.8412109375,211267.36145513377,709753.5,709753.5,0.0,687609.75,4.291314664984248,-2.4701918199767943,644335.9941500654,129133.59906921409,608715.8412109371,1061.3999999999069,-674187.3,505.8353545834009,-22.533341859304684,0.0,29827.103213298004,2634.1193469694085,1608.2142857142858,76695.20120103686,155553.16199067765,605008.8718950958,608715.8412109376,3706.969315841737,30758.789248406927,7.542706167199894,3.037284933906247,1721708.3965437107,588566.7452758917,2007421.6338557794,2007421.6338557794,0.0,1819530.3285116663,363786.1507736075,1721708.396543711,0.9819436165891402,0.9638829557778203,0.9458181984329446,0.927750021594983,0.909677603580052,0.8916001076318054,0.8735176887594431,0.855430682415236,0.8373373993668296,
507533.03671875,215432.68983477613,628245.3,628245.3,0.0,590326.1,1.7230191517636992,-1.9243134806897289,551362.881603761,154638.97212524392,507533.03671875014,522.4000000000233,-628245.3,249.99052663974373,-15.873995724256034,36.60000000009313,39343.05126214545,4909.262985005778,2646.0145098039234,116671.80470097456,161584.29668655267,498886.133751331,507533.03671874997,8646.902967418935,64714.08971059635,1.9408325236909167,1.934656724688575,1435520.207760117,600412.3238353328,1771321.7555320892,1771321.7555320892,0.0,1556024.815194473,434717.673928831,1435520.2077601168,0.9722621693376945,0.9445461772966801,0.9168522817739571,0.8891795215053413,0.8615275860772728,0.8338975568804349,0.806290267581896,0.7787067657276229,0.7511472276951958,535280.825390625,228306.69408436638,696474.3,696474.3,0.0,610743.75,1.645775186561048,-1.8833509120700673,581936.0004283987,163093.37648620587,535280.8253906249,998.5,-696474.3,249.9654725039674,-15.872807101728348,256.4000000000233,43617.87069977392,5443.763072664371,3092.8305882352956,123390.13094042883,170227.82462977452,525708.0176435928,535280.825390625,9572.807747032204,69220.23836185083,1.9463094423370908,1.936905309391783,1514002.8058913732,635387.3119507455,1961062.1222909316,1961062.1222909316,0.0,1641926.1653420792,457735.8237019243,1514002.805891373,0.9708724353873699,0.9417735813229993,0.912704617582719,0.8836654994385459,0.8546585466735783,0.8256865404068978,0.7967496908476477,0.7678477718727614,0.7389828312166206,
546048.8937499999,213684.59305009613,659208.5,659208.5,0.0,634408.1000000001,2.6122286365487755,-2.1162892937912803,586370.6163106946,142911.23391113235,546048.8937499995,506.5999999999767,-645293.9,505.95203859709557,-22.537234314428762,149.40000000002328,28547.170524254434,2521.2224639152055,1458.5354207436399,72333.7528759703,139108.98981537178,542193.3933794693,546048.89375,3855.5003705308163,20111.543259753544,7.363525361614128,2.9931457499326273,1544459.5025201507,594201.2457923496,1864335.8543215739,1864335.8543215739,0.0,1654820.3151478323,398714.0893416859,1544459.5025201503,0.9847009570295695,0.9693962671809134,0.9540857967570262,0.938769367619646,0.9234476471843569,0.9081212161685467,0.892790196736377,0.8774540383546284,0.8621122653534891,588570.737109375,232125.3166206894,718019.4,718019.4,0.0,694330.7,2.4488460722514978,-2.054296694923803,632690.8211739192,154174.2026000981,588570.7371093751,1194.2999999999302,-691005.9,505.84196370928595,-22.533562479364566,135.30000000004657,30571.39930253103,2700.0395579060973,1664.4590998043054,77834.24147179976,150139.0366382789,584305.5341835134,588570.737109375,4265.202925861585,21055.996771152302,7.3200007196948,2.9835022477048603,1664729.4376720157,645781.6872962008,2030710.4785368708,2030710.4785368708,0.0,1785597.4037556485,430361.5318310013,1664729.4376720153,0.9850655933375263,0.9701193138597746,0.9551611652277444,0.9401915421532553,0.9252112842639062,0.9102207553918608,0.8952198485150341,0.8802084210702926,0.8651872581773188,
309978.4580078125,309210.8330351754,655225.3,655225.3,0.0,583502.75,-1.9886339336559768,0.0007375856026241894,437833.28299160657,308767.6046562195,309978.4580078123,492.80000000004657,-655225.3,505.97131352038144,-22.5378769366418,0.0,28986.23255482687,2560.0098536693463,1423.5045009784737,53623.49173956861,89825.4739326287,308418.4347837754,309978.4580078125,1560.0232240370904,17884.106980802182,2.6481897104809287,2.0052126924372535,876751.4787162949,871217.0990649811,1850671.5814605686,1850671.5814605686,0.0,1236006.6298909609,869512.1935157467,876751.478716295,0.9938666016029687,0.9877360258447293,0.9816078415746483,0.975481806369488,0.9693585000458541,0.96323791538447,0.9571202221917038,0.9510050688455287,0.9448923975837262,324215.4591796875,324601.24171678437,709465.1,709465.1,0.0,581419.5,-1.9601164897184071,0.022442541436171796,458782.7700504607,322948.99254226807,324215.45917968784,1152.8999999999069,-709465.1,505.8880400533917,-22.53509893213258,42.800000000046566,31387.644929684622,2772.318335177961,1639.0060665362034,56992.949791089755,93564.03579304615,322091.0331563026,324215.45917968755,2124.426023384956,18637.872930787125,2.666418070021545,2.0126527176752362,917019.7990058695,914351.6053391793,2004524.016332494,2004524.016332494,0.0,1294976.5132831943,909181.2430179744,917019.7990058693,0.9937467973841939,0.9874940487717169,0.9812414363642139,0.9749891860623139,0.9687371324754673,0.9624853893412472,0.956234017352857,0.9499824693949492,0.9437313845513154,
344257.83535156253,294644.0520899933,631402.3,631402.3,0.0,563726.0,-1.8914862459892998,-0.30475561359179604,453131.96161047206,290467.5485778784,344257.8353515624,442.20000000006985,-631402.3,505.97158235593156,-22.5378858963649,68.20000000006985,27932.356465124365,2466.9502200129446,1375.7771037182001,59575.18000658866,93760.70992234809,341001.115938734,344257.8353515625,3256.719412828486,22025.469925276655,3.816517429795625,2.255118581643241,973708.1994147676,833378.1607253437,1785343.470870984,1785343.470870984,0.0,1281650.0366252502,821566.2932562099,973708.1994147677,0.9936569649773678,0.9873139138388665,0.980970620156841,0.9746271081489539,0.9682827495489463,0.9619379594444135,0.9555926056878656,0.949246804512913,0.9429004143826699,365343.66933593753,314496.4208864257,705077.1,705077.1,0.0,571531.2,-1.8652468507043762,-0.2699571865275542,482062.2319516627,308258.72100219486,365343.6693359375,1162.2999999999302,-705077.1,505.8829056358972,-22.53492788016141,90.29999999993015,31193.775695863987,2755.257381060878,1650.758121330724,63721.56817333613,99392.91579822334,361538.4902822356,365343.6693359375,3805.179053701856,23523.07191622751,3.801558287517574,2.2494204594086837,1033347.9442040687,889525.8032843086,1993674.947699427,1993674.947699427,0.0,1363475.019389563,871887.3279221833,1033347.9442040685,0.9933727844440379,0.9867444780655127,0.9801145858344816,0.9734830567303767,0.966849761943361,0.9602144232075361,0.9535772340352024,0.9469383378705027,0.940297098101274,
582569.7730468749,118479.6634070525,625583.2,625583.2,0.0,609408.6499999999,19.838996560251356,-4.627004776833208,594495.5602096083,46564.86429443367,582569.7730468746,542.1999999999534,-625583.2,249.9981438323839,-15.874357057559125,167.20000000006985,39176.26048634004,4888.8388342945,2650.4023529411766,103303.92616975239,195668.06427202982,561295.6230482637,582569.773046875,21274.14999861135,23417.786574638103,2.1658445451082144,2.040865576730349,1647756.1481430137,306542.88081187964,1766756.6387974098,1766756.6387974098,0.0,1676027.703088331,126008.63859950769,1647756.1481430137,0.8983175485290056,0.7966527972875727,0.695002525109641,0.5933674457838802,0.49174801729980555,0.39013414611596214,0.28853673640946215,0.18695273348447627,0.08538002935198341,610728.498046875,132037.3616615839,700565.4,700565.4,0.0,628524.1499999999,14.931853929852004,-3.7873643831605173,624838.5096976208,69013.45924377444,610728.4980468756,1391.4000000000233,-700565.4,249.97161633153175,-15.873098332666,433.29999999993015,43875.75773482414,5477.264962706641,3280.5133333333333,110409.34399734806,204325.49795725173,588028.5162678575,610728.498046875,22699.981779017537,25249.879537918307,2.1601285589105013,2.038292777398442,1727401.049731282,341288.6280383187,1976841.8818645515,1976841.8818645515,0.0,1760793.0923992782,183276.82444640686,1727401.0497312823,0.902980101078019,0.8059684651539556,0.7089620045933271,0.6119638652453832,0.5149727730094757,0.41798984149562735,0.3210108176497151,0.2240339364572863,0.12706464417753163,
525805.5667968751,165502.45962874749,604406.1,604406.1,0.0,569905.7,6.1643391839038895,-2.8493870722374437,551237.2975568217,94480.6877838135,525805.566796875,724.1999999999534,-604406.1,249.98721609471022,-15.873838531304227,39.59999999997672,37850.29396263239,4723.014908112265,2532.367450980391,111521.3061684809,169248.0569017792,494989.28591911413,525805.566796875,30816.280877760855,46233.885311717095,2.1538039722868545,2.0352789025491544,1487202.7274708264,457314.7565680885,1703769.334496265,1703769.334496265,0.0,1555926.9710277522,265494.89727888873,1487202.7274708264,0.9541183443906843,0.9082703299557521,0.8624612921509967,0.8166874242355124,0.7709491627076452,0.7252479912650932,0.6795864819265071,0.6339629032917031,0.5883784175357016,535622.3980468749,169617.4484373838,658341.1,658341.1,0.0,572837.95,5.956145422249154,-2.784176765348025,561837.5495673937,96244.64964904783,535622.3980468747,1721.5,-658341.1,249.93345743010627,-15.871286057516432,163.80000000004657,41231.251874509166,5145.935541714711,2932.829019607843,113699.41028594572,172339.66344429614,503124.8506716605,535622.3980468749,32497.547375214424,47516.9363614372,2.1569379869927117,2.036723342400013,1514968.9192573824,467220.2147105566,1842809.013673182,1842809.013673182,0.0,1585378.678849334,269509.25185626495,1514968.9192573826,0.9510151725179548,0.9021445862197491,0.8533930196675288,0.8047643389002032,0.7562632135182419,0.7078901745190959,0.6596500420856402,0.6115457434157996,0.5635809567679432,
596047.630078125,56331.41719267594,631652.6,631652.6,0.0,598842.8,94.95767082370895,-9.222535844594509,598703.604369211,22013.52452697754,596047.6300781253,420.5,-631652.6,250.00081676422866,-15.874483874467364,252.29999999993015,39556.51658668922,4936.648095347942,2724.170196078431,90932.99393653359,206224.9044353696,591046.4887666629,596047.630078125,5001.141311462193,6076.514422967812,2.165512101848689,2.0407149702620155,1685877.2845536522,81894.11368352089,443141.52167257085,1782141.5852997545,1339000.0636271837,1687865.1795774463,57594.93560917471,1685877.284553652,0.5352802426502785,0.07070513331621539,0.06970642076901304,0.0686714205388125,0.06764832133985345,0.0666103464426662,0.06555391249372658,0.06450101064934377,0.06343124190398702,640851.5335937501,75131.90774645978,707348.5,707348.5,0.0,651255.6499999999,38.60291605261828,-4.798021305013558,645240.6463259147,50892.26066284182,640851.5335937503,1440.1000000000931,-707348.5,249.96527957883293,-15.872797508900527,370.5,44300.743250259045,5530.226023836997,3303.1494117647057,101698.87535250603,220266.49491421602,634708.984661031,640851.53359375,6142.548932718939,9513.750941884384,2.1531074813137945,2.035183567167575,1812601.860551757,147353.39971491514,496996.8600927426,1996669.686339108,1499672.8262463654,1818581.4607224048,135151.8713017232,1812601.8605517575,0.6831194818360955,0.366258972597243,0.3630957104195531,0.3598756659450632,0.35660886848223294,0.3532884750970929,0.3499054388294238,0.34646168819739387,0.3429676025653977,
580730.1701171875,208959.09692603425,680030.9,680030.9,0.0,660326.9,3.7807834549850687,-2.37895289106308,617180.2286791771,131571.67916717494,580730.1701171878,671.7000000000698,-679920.9,505.97169772744024,-22.537889681700015,127.59999999997672,30078.784273602643,2656.5434683537515,1498.6743639921722,74514.19555735252,148094.38499618162,578613.2068338773,580730.1701171875,2116.9632833102874,28394.775241532283,7.5190325005542675,3.030636754603601,1642552.9653179229,581783.6208686329,1922950.940617947,1922950.940617947,0.0,1742541.9436517784,365561.4391433749,1642552.965317923,0.9821090980574589,0.964216419508038,0.9463214797067938,0.9284241071982776,0.9105249450333471,0.8926251226982462,0.8747244759154396,0.8568237381226733,0.8389220221737458,618870.9919921875,226007.948164235,743460.8,743460.8,0.0,717505.15,3.404875702846554,-2.2530329794312345,658848.1595654658,143719.88915252718,618870.9919921873,1589.6999999999534,-712648.2,505.7920431540779,-22.531896317286463,131.80000000004657,31529.791280673235,2784.6734042838348,1745.6818003913897,79323.34997621145,158083.64494817125,616511.3357750496,618870.9919921875,2359.6562171378273,28586.476267071484,7.456161236563892,3.016226849579816,1750431.5004692855,629843.6647442908,2102000.2063986394,2102000.2063986394,0.0,1860299.2984607809,400245.4166360524,1750431.5004692858,0.9829544467727841,0.965897136814276,0.9488288443565878,0.9317483366184083,0.914657687193875,0.8975553239114918,0.8804413739507329,0.8633156369088666,0.8461790656783195,
574391.259375,90586.99999491376,610801.4,610801.4,0.0,587428.25,34.89278006507697,-5.956691483008873,581490.6047516819,31217.53654785156,574391.2593749999,428.4000000000233,-610801.4,249.99901505582008,-15.874398405997095,188.0,38250.6046945061,4773.4209550172955,2600.6964705882356,94509.5431248143,195916.4372501507,561091.9044381432,574391.259375,13299.354936856778,13956.203324996708,2.166137251794125,2.040999302669204,1624623.8182333745,219453.3109642075,1294600.439927751,1726476.3717177964,431875.9317900455,1639378.6342588286,86672.61436318557,1624623.8182333743,0.8326134429552923,0.6652420319816323,0.4978796846577668,0.3305387944733763,0.16321768863251734,-0.004082050549768125,-0.004347179901748342,-0.004650071738467529,-0.0049520480763236546,618503.2394531249,107086.04961970734,692777.3,692777.3,0.0,631742.0,23.15574708480627,-4.4362679248756205,627705.0893828757,59517.269491577186,618503.2394531253,1516.0999999999767,-692777.3,249.9562579160607,-15.872369416584785,401.30000000004657,43388.221521939595,5416.087504805844,3207.4043137254907,104468.51129975994,209960.44406101492,603970.8659201165,618503.2394531249,14532.373533008435,16242.792342163271,2.1570979612562224,2.0369500490075567,1749391.3392126071,263108.40088378044,1468715.8327873747,1958569.0759125021,489853.24312512734,1769066.4454247328,165047.41427281013,1749391.3392126071,0.8526434003498531,0.7052611162464156,0.5578576419608302,0.41043085294448856,0.26298411018611895,0.1155182135363042,0.113993835570492,0.11243647378882518,0.11085270344776187,
554780.867578125,215780.63016674653,652653.1,652653.1,0.0,645173.8999999999,2.7412800751193664,-2.1683950991024803,595267.2436695097,145196.55518646238,554780.8675781252,434.4000000000233,-652411.8,505.9811584158008,-22.53820519206872,69.19999999995343,28861.462463516888,2548.8602770363195,1395.611741682975,73466.80793652454,141257.94643646025,551026.3872546963,554780.8675781251,3754.4803234288047,20612.459000888888,7.387565577121816,2.9987225536821467,1569157.2541481932,600020.5118209928,1845831.647675381,1845831.647675381,0.0,1679964.0183205782,405292.33704532817,1569157.2541481932,0.9845704371375202,0.9691415999840424,0.9537144575370615,0.9382889832876661,0.9228657092642736,0.9074449760687885,0.8920273407738973,0.8766129468235866,0.8612015512944142,591242.6134765625,232961.9875270106,721132.3,721132.3,0.0,692243.7,2.4689344704128677,-2.060919766138121,635483.3716338536,154739.27774581863,591242.6134765622,1304.8000000000466,-687305.1,505.82048240274736,-22.532845978166442,114.0,30407.845856609038,2685.4913002018225,1660.506849315068,78118.09916888436,150845.71283286094,587170.7120265082,591242.6134765625,4071.901450054331,21125.147650744137,7.318683077187341,2.9833458082829125,1672286.645262937,648308.2380571661,2039612.3872265844,2039612.3872265844,0.0,1793556.8559311286,432336.0944581513,1672286.6452629378,0.9852077050470804,0.9704058684467014,0.9555946681777893,0.9407739030115662,0.9259441476757333,0.9111055571171888,0.8962587601348773,0.8814030985696822,0.8665394408591122,
596815.81953125,127291.97604401039,643990.2,643990.2,0.0,622959.95,17.769519392452814,-4.411539339114147,610239.600163695,51288.85949096676,596815.8195312502,395.70000000006985,-643990.2,250.00067993165808,-15.874477378995973,184.10000000009313,40328.75433844282,5032.492072279899,2703.543137254901,107546.92293476673,199747.77154343924,572858.6332035833,596815.81953125,23957.1863276668,26464.289084652002,2.1662384866770674,2.041044907133157,1688050.052439815,324550.7821460246,1820093.2436829032,1820093.2436829032,0.0,1718966.6051827937,139868.19867835555,1688050.052439815,0.9070732098618053,0.8141565055055147,0.7212461935640222,0.6283383175004689,0.5354341125920921,0.44254188900899594,0.3496555310327242,0.25677659636582606,0.16390266016957034,617142.342578125,138230.09244862697,704320.6,704320.6,0.0,635669.6499999999,14.114489151929849,-3.751792260221018,632433.57711397,69658.47184753415,617142.3425781248,1590.9000000000233,-704320.6,249.95551973687787,-15.872334100843245,298.0,44110.845093415,5506.076429065759,3228.2278431372547,113011.94345954934,205863.61544896828,592342.8825919325,617142.342578125,24799.459986192378,27917.43737077623,2.1618096604018735,2.039044586523365,1745542.1415773747,351841.17396766704,1989821.9582040804,1989821.9582040804,0.0,1780648.640165003,187412.20242098504,1745542.1415773751,0.9102490306015771,0.8204911225183212,0.7307272333327197,0.6409549166886463,0.551176906833551,0.4613914798379077,0.3715994938735141,0.28180526256464483,0.1920052845016827,
544348.298046875,155132.3479104995,619517.3,619517.3,0.0,582659.0,8.263950829579814,-3.174874511232302,566022.1859209706,80801.70049133305,544348.298046875,540.1999999999534,-619517.3,249.9983149572528,-15.874365216216969,246.29999999993015,38796.5571277037,4841.681347174159,2660.368235294118,110584.89428565586,177133.07469756991,513457.8885472852,544348.298046875,30890.409499589812,39917.15701384095,2.161417307339973,2.0388223630431526,1539649.4915052052,412393.92414457584,1746506.4794424502,1746506.4794424502,0.0,1593922.6158642706,220284.70050336648,1539649.491505205,0.9447778726735705,0.8895749766522296,0.8343894121909481,0.7792254149157564,0.7240815167382688,0.668959827444525,0.6138594746356194,0.5587815769573468,0.50372859561585,575885.24375,169553.14073371232,688080.3,688080.3,0.0,605711.3,6.9240188936789835,-2.8277421120862756,600326.6456702243,91452.3532714843,575885.2437500003,1719.0999999999767,-688080.3,249.9512066233887,-15.872129349194397,357.4000000000233,43094.443963051985,5379.487732410609,3201.9968627450985,118254.49882429451,186942.60226691162,543330.0227465736,575885.24375,32555.221003426508,42550.72671990632,2.155089832833098,2.0359698119111402,1628849.4441635716,449736.585613305,1940419.2004743624,1940419.2004743624,0.0,1689796.883708539,246308.16789650038,1628849.4441635716,0.9452773844130745,0.8905604748905324,0.8358501820607096,0.7811451499344402,0.7264466179593698,0.6717556697958397,0.6170712987318016,0.562393751392989,0.5077267982326596,
594303.5992187499,133319.19463860913,657298.2,657298.2,0.0,620021.6000000001,15.519700957109237,-4.127179211712462,609073.7030142148,56209.518524169995,594303.59921875,504.60000000009313,-657298.2,250.000324082549,-15.874460509745514,275.0,41162.58888895043,5137.112405997695,2838.911764705882,109076.58090266008,198100.83253523073,568706.5891905029,594303.5992187499,25597.010028247005,28565.109666782882,2.165937914869297,2.0409070098003697,1680944.4203646015,339422.4766459362,1855227.9300711614,1855227.9300711614,0.0,1714870.7712266096,153437.7536192731,1680944.4203646015,0.9137092057959157,0.8274411292953991,0.7411931901839481,0.6549611158947122,0.5687502179216597,0.4825617780049785,0.39639754005659816,0.31026096636460837,0.2241485120442065,628581.7179687499,146942.69068849835,721239.1,721239.1,0.0,652647.7,12.736695360905014,-3.599469034103227,645528.5667662749,75005.79406738289,628581.7179687498,1607.5,-721239.1,249.95895450274625,-15.872497072479165,384.69999999995343,45170.540011679564,5638.525628604372,3329.694901960784,117007.90941113062,208915.82423281483,601618.2532953309,628581.7179687499,26963.46467341898,30610.617768722892,2.1606685498069105,2.0385324008404964,1777897.5812223726,374474.3845178246,2036268.7621010656,2036268.7621010656,0.0,1816906.9524817076,203981.62356154842,1777897.581222373,0.9170842658287833,0.8341712135516225,0.7512623217834,0.6683549732794773,0.5854512008711025,0.5025499246300646,0.41965002624389247,0.3367557506676817,0.25386671184505094,
302890.23125,292704.3291260259,614321.8,614321.8,0.0,560196.25,-1.9881233952690511,-0.06457458455592997,421210.5369952125,292241.74655761704,302890.23125000007,638.1999999999534,-614321.8,505.97241528498324,-22.53791351968338,14.79999999993015,27176.598115001183,2400.1010098766274,1308.3986301369864,54240.86377140858,85451.87657806433,293279.19620872615,302890.23125,9611.035041273844,13922.25727082371,2.989040468827949,2.096841396054847,856702.9458881463,824770.0230549906,1735937.3543840551,1735937.3543840551,0.0,1189195.3281204724,823143.6177258495,856702.9458881463,0.99389866488794,0.9877986937630068,0.9816997510872417,0.975602225716875,0.9695062814899212,0.9634116065498507,0.957318198237904,0.9512260750991054,0.9451353933791107,318746.86484375,309533.5465883357,690139.1,690139.1,0.0,564773.1,-1.9511471244074754,-0.03504095479406892,444309.10446588113,307540.92037658975,318746.86484375,1265.6000000000931,-690139.1,505.86352995634707,-22.53428101199547,1.1999999999534339,30533.018968557397,2696.806468265633,1596.2657534246575,58036.822386330125,89485.00507030927,308391.94935755676,318746.86484374997,10354.91548619318,19453.31735075228,3.00519218390101,2.097573281159031,901552.2784518704,871761.7455571837,1949840.9740696042,1949840.9740696042,0.0,1254099.2990184894,865753.7379131862,901552.2784518703,0.9934923382993927,0.9869850965207142,0.9804779793227925,0.9739713117469423,0.9674650527417917,0.9609595553177637,0.9544545901952912,0.9479500192303566,0.9414456358074871,
536017.673828125,148707.31263360946,612535.0,612535.0,0.0,566659.4,8.883646436443328,-3.2588379646129817,556263.2573582623,75377.48538208008,536017.6738281249,574.8000000000466,-612535.0,249.99411403302844,-15.87416595529289,240.5,38359.58007566676,4787.270053056524,2656.450196078431,107559.4083125973,174951.5789944899,506054.046862426,536017.673828125,29963.626965698993,37915.92044290538,2.1630213745090963,2.03956163682271,1516086.927998825,399186.154212256,1726620.3740137848,1726620.3740137848,0.0,1567759.2796611618,203123.63918294077,1516086.9279988252,0.9414658818106562,0.882948538701597,0.8244498252729162,0.7659706859573732,0.7075112424745326,0.6490708074960851,0.5906505659306032,0.5322516961227216,0.4738743300971173,571663.4593750001,165156.56517082226,690174.8,690174.8,0.0,595982.95,7.152442635891472,-2.8218728379999845,595042.6890598828,89779.79702148441,571663.4593750002,1501.9000000000233,-690174.8,249.95417732779129,-15.872270897490306,441.5999999999767,43226.09563246421,5396.2456993464175,3259.6623529411772,116291.99708611683,186005.56691013064,539800.085906539,571663.4593750001,31863.37346846115,40689.87362376406,2.1565078121603287,2.0366157661097213,1616908.434722492,442609.13921042613,1946018.7790745785,1946018.7790745785,0.0,1676393.6698727221,238301.578478174,1616908.4347224918,0.9424465016732855,0.8848987212834634,0.827358038931624,0.7698202244957484,0.7122906691661292,0.6547644877194835,0.5972404156249091,0.539721735719978,0.48220759759894694,
571271.6095703125,167646.1729941446,642454.5,642454.5,0.0,626570.7,7.546786799585757,-3.0570457306644263,595362.4872467513,89261.18899536121,571271.6095703122,472.9000000000233,-636843.8,505.9754503721818,-22.538014928617113,111.80000000004657,28172.96072679342,2488.155658870795,1397.5837573385518,70242.55506385943,145410.12335451998,568089.8618281205,571271.6095703125,3181.747742191962,31763.68874272016,7.854365920100252,3.115641986668472,1615800.1161060873,474173.3682035324,1816969.9883857416,1816969.9883857416,0.0,1683938.9532646153,252468.7681415762,1615800.116106088,0.974567509087968,0.9491253215271109,0.9236712977321946,0.8982078059665545,0.8727345867390378,0.8472509902449973,0.8217581203427284,0.7962547613931187,0.7707419752346526,615159.77734375,184517.30630452698,710813.9,710813.9,0.0,686604.25,6.67770581894219,-2.839084751564826,642236.8628376067,107093.54398498533,615159.7773437499,1237.0999999999767,-678219.3,505.81819982950054,-22.532769671749563,142.40000000002328,30006.035934916086,2650.071333213348,1656.0602739726032,75736.05206278327,156740.3321354045,611649.7740498208,615159.77734375,3510.003293929181,32717.606647186916,7.803128175722767,3.103245701073707,1739934.6002918896,521885.5972953625,2010267.9154267507,2010267.9154267507,0.0,1816517.8198843068,302895.6944131107,1739934.6002918899,0.9759037559309973,0.951790462833896,0.9276598599699687,0.9035117717508178,0.8793466871345992,0.855164772068617,0.8309652422170888,0.8067485486297503,0.7825148100633801,
490555.7453125,241339.33169661122,638082.7,638082.7,0.0,602073.4,0.3589679943948849,-1.5170512332648693,546707.977153132,189707.10463256782,490555.7453125001,587.7000000000698,-637129.0,505.9679624577552,-22.53776518364223,139.5,28185.79007267492,2489.3572588952875,1409.2712328767122,68829.49117717164,126084.59429377888,486415.08979947947,490555.7453125,4140.655513020552,23620.169705273365,6.6549669671095195,2.8259272140141896,1387501.176241959,673833.0766569392,1804446.2787627904,1804446.2787627904,0.0,1542468.971898552,528458.2108597739,1387501.1762419592,0.9890750398491184,0.9781452749768205,0.9672108380231064,0.9562725331602155,0.9453313346553571,0.9343872586217175,0.9234405135770062,0.9124918764009078,0.9015409340728144,531277.9865234375,264742.79068487784,712388.3,712388.3,0.0,665787.7,0.21969438378767814,-1.428146523826786,593586.5936693774,205455.1588508599,531277.9865234373,1424.6999999999534,-688485.1,505.78460994739055,-22.531648316796588,142.5,30461.02769371159,2690.345734736019,1687.368688845401,74333.12396060125,136946.64796122425,526788.721659447,531277.9865234375,4489.264863990541,24776.86768204227,6.563167977330583,2.80762860501033,1502681.0678634318,739451.0665531075,2014510.0257837842,2014510.0257837842,0.0,1674765.1392185448,572397.2338854063,1502681.0678634313,0.9894468833134965,0.9788840145684031,0.9683115374320951,0.9577297344872949,0.9471396761316169,0.936541560286474,0.92593425882209,0.9153190922142559,0.90469632840205,
595396.7908203125,155360.5704789447,661955.4,661955.4,0.0,639634.55,10.492266516291169,-3.488955445367399,615332.6298667006,76031.7369750977,595396.7908203125,621.3000000000466,-624061.3,505.91197181586483,-22.535898559857596,128.60000000009313,27608.21280568931,2438.0835206666716,1459.86301369863,71704.95384770166,151538.2167406799,584129.1072120345,595396.7908203125,11267.683608277976,29394.605590194933,7.980269443108519,3.1487719212060363,1684036.4331430057,439422.4626308951,1871949.9801413908,1871949.9801413908,0.0,1740422.5948940152,215050.22720193403,1684036.433143005,0.9698863892666856,0.9397543281663623,0.9096035355039415,0.8794353213570177,0.8492490227660351,0.8190432472513781,0.7888197298567783,0.7585782181726041,0.7283176616394933,639167.947265625,170966.2143917776,729544.0,729544.0,0.0,691282.6,9.23365497693853,-3.220528365548054,661638.2027023594,94685.98074951171,639167.9472656245,1366.5999999999767,-667998.2,505.6885822809121,-22.528447596788116,179.30000000004657,29555.633096825855,2610.0873794141344,1734.5211350293541,77029.52121346944,162842.59129124804,627499.5234084127,639167.947265625,11668.423857212343,30355.93423076896,7.93259343991353,3.137054527017939,1807839.9593144367,483552.3689255917,2063391.787237124,2063391.787237124,0.0,1871392.0519195264,267812.39628511446,1807839.959314437,0.9712898759833971,0.9425549602001498,0.9137954021217627,0.8850100050957943,0.8561997348939783,0.8273648540586515,0.798506142271371,0.7696225763817456,0.7407161118670299,
508673.73046875,171320.97477092274,590702.7,590702.7,0.0,557189.3999999999,4.907049895522965,-2.6208274338834294,536749.3274010258,103324.3515014648,508673.73046875,644.0999999999767,-590702.7,249.99223753254242,-15.874076820316928,38.59999999997672,36991.89895350273,4615.825599384849,2463.8607843137265,110843.6903842569,162648.14719443247,479954.27647162223,508673.73046875,28719.45399712779,49682.14898808121,2.1399320705488503,2.0288096762789385,1438746.5769036454,467438.6101884622,1660670.5397868417,1660670.5397868417,0.0,1512775.78207971,281489.31396241806,1438746.5769036456,0.9594053655434126,0.9188380617510132,0.8782961572704123,0.8377820064443877,0.7972961067275209,0.7568375425472712,0.7164083996612609,0.6760091217274502,0.6356397679067772,521273.615625,177366.72740915767,656375.1,656375.1,0.0,559951.65,4.612094173161583,-2.5169927283160893,550622.5007558216,105883.70317382824,521273.61562500015,1314.3000000000466,-656375.1,249.94479123514157,-15.871825292595759,192.30000000004657,41108.02790733359,5130.886683583238,2963.869803921567,113948.13525496794,166493.52041331123,490786.4483901898,521273.615625,30487.1672348102,52240.0001860117,2.144030297891663,2.0306889283995817,1474384.4338482697,481247.3678344546,1830468.868970627,1830468.868970627,0.0,1550937.9380947757,281867.26750880695,1474384.433848269,0.9562941370592503,0.9126460565847113,0.8690600482085252,0.8255376577257026,0.7820804446719476,0.7386893965743766,0.6953667089425888,0.6521161776770772,0.608939620458089,
569628.49296875,149770.8298738107,638202.3,638202.3,0.0,617535.25,10.09405729171628,-3.3997840230015024,588988.8975888586,74071.63715820314,569628.49296875,580.7000000000698,-626304.2,505.95165107896446,-22.537221322289046,106.90000000002328,27707.067413158667,2447.009793161024,1406.9387475538163,68903.47535462533,144862.54219145107,558466.0951004314,569628.49296875,11162.397868318567,29291.02009517851,7.989194293322319,3.151002585372563,1611152.6805411072,423613.14119318576,1805003.3728403482,1805003.3728403482,0.0,1665911.4782623814,209506.22771261958,1611152.6805411077,0.9687899936816667,0.9375684692359055,0.9063339129695211,0.8750882653676146,0.843829072910588,0.8125577275918472,0.7812738442334588,0.7499777848406768,0.7186679956233548,605059.034765625,165961.61145912771,704436.2,704436.2,0.0,670170.15,8.085095161872063,-2.956587776447443,627407.1182490841,98866.9618087768,605059.0347656249,1277.4000000000233,-666686.2,505.7679159931784,-22.531093208084716,127.09999999997672,29496.70823155551,2605.1138047112245,1681.546183953033,73628.05240456991,153961.21315845678,593581.2271443361,605059.034765625,11477.807621288874,30144.2624933806,7.9286330902633555,3.1361074191928844,1711365.386003842,469399.12015293806,1992215.4085923797,1992215.4085923797,0.0,1774572.3480355574,279586.1324010247,1711365.386003842,0.9711553328951239,0.9422870200041772,0.9133941271956358,0.8844756747849427,0.8555307748400481,0.8265614140674256,0.7975669650337508,0.768547168714157,0.7395039677703525,
538419.07109375,185548.73665827356,632033.7,632033.7,0.0,587712.2,4.495473731007652,-2.5335501737358093,569494.0120782111,113572.77280883785,538419.0710937501,942.9000000000233,-632033.7,249.98749900472512,-15.873851861295847,125.60000000009313,39580.583512340156,4939.17640599768,2675.766274509803,118315.0884778758,171828.73005730554,508860.74955446087,538419.07109375,29558.321539289056,53879.62520422227,2.131976074814144,2.025106196973572,1522879.10516221,502056.99838389567,1780043.281281922,1780043.281281922,0.0,1603503.0397744498,310955.4567422076,1522879.1051622103,0.9607752312201367,0.9215687361200253,0.8823816669485961,0.8432118835748724,0.8040625134949386,0.7649349619781983,0.7258284421639125,0.6867415485335854,0.6476756686572518,554275.049609375,193477.87669149367,690222.3,690222.3,0.0,591206.0,4.146112063232379,-2.407915558972795,587072.8399342997,116917.3932769775,554275.049609375,1495.8999999999069,-690222.3,249.94976812837214,-15.872061429711009,171.0,43227.610773775814,5395.456387543264,3116.2819607843135,122319.87744037366,176671.22792267104,523105.634368344,554275.049609375,31169.415241031005,56713.07225758357,2.1324699810422523,2.025345292810532,1567726.5848851968,521160.74873389635,1941797.1041035212,1941797.1041035212,0.0,1652082.071501497,315765.89340228966,1567726.5848851965,0.9590533424178534,0.9181281330667459,0.8772224908500731,0.8363367479436356,0.795473157135975,0.7546331065750312,0.7138149258912567,0.6730183616715598,0.632244021243931,
391570.4787109375,292573.20812812966,640641.0,640641.0,0.0,580287.05,-1.6438192059053998,-0.5836271054196583,488801.1067011804,279911.70939102134,391570.47871093743,708.4000000000233,-640641.0,505.9697298730997,-22.537823901598472,93.0,28341.018295366823,2502.987816376286,1381.1318982387475,63833.95454515783,104380.13895141827,387732.1482442825,391570.4787109375,3838.3304666549625,18919.84564801837,4.612905937816256,2.4034239208606722,1107528.5632358664,824123.602462683,1810554.6914027485,1810554.6914027485,0.0,1380506.874491892,788958.0048975579,1107528.5632358666,0.9931792621603089,0.9863593597305182,0.9795402722086454,0.9727219995562483,0.9659048145891073,0.9590887770479034,0.9522738071632699,0.9454597989896176,0.9386463472185185,417066.66679687495,313440.95253721514,711442.0,711442.0,0.0,589527.65,-1.6371655075918539,-0.5480621193688545,521718.15693963744,298137.50009307836,417066.6667968754,1107.7000000000698,-711442.0,505.89191238441305,-22.53522818003101,93.79999999993015,31474.971116782763,2780.0061274275286,1637.4610567514678,68137.82003667798,111276.0563960069,412700.4519239929,417066.66679687495,4366.214872882088,20183.953186403363,4.577080311143533,2.395766171853869,1179642.6731957626,882629.5433930601,2010226.3375480166,2010226.3375480166,0.0,1473292.824693953,840007.7735060033,1179642.673195763,0.9929489919595268,0.9858987047280898,0.9788488030236769,0.9717994086102191,0.9647502691648332,0.9577016155881951,0.9506535851087436,0.943606015278478,0.9365591954204768,
591875.921484375,153583.01292467848,648791.6,648791.6,0.0,637299.8999999999,10.792863815577883,-3.5548956268645857,611477.594268179,74220.37732696523,591875.9214843748,646.0,-641614.6,505.9673209684601,-22.537743680894987,64.30000000004657,28384.04205621501,2506.7151849142815,1393.3356164383565,71355.25265566494,150555.2541119842,580332.710308296,591875.9214843749,11543.211176078854,29892.89951918482,7.999059509480558,3.153463793280732,1674077.910810553,434396.5014600775,1834935.2382433135,1834935.2382433135,0.0,1729519.3470859414,209900.70069591672,1674077.9108105528,0.9684510185712901,0.9368919749610427,0.9053212450048176,0.8737378426419438,0.8421451607006099,0.8105407581576973,0.7789242405744929,0.74729696463784,0.7156591160146616,638077.2791015625,169351.26249393728,717550.4,717550.4,0.0,695874.05,9.613758474386115,-3.3026065886682647,660168.5119830723,91208.65613784801,638077.2791015622,1097.0,-689001.9,505.8664770278451,-22.53438096932027,118.70000000006985,30482.33005388936,2692.184520586236,1659.6614481409001,77104.02642532738,162395.41817451213,626099.4948943659,638077.2791015625,11977.784207196606,31271.61831704623,7.961835867569487,3.1441621063711924,1804755.083895105,478990.53596661426,2029213.604191777,2029213.604191777,0.0,1867236.6872977866,257975.42417548993,1804755.0838951052,0.9698804073337903,0.9397429054081825,0.9095879591724293,0.8794152902289873,0.8492266979552957,0.8190201908599551,0.7887958021864243,0.7585523451280572,0.7282904599386139,
581646.5539062499,106494.0860716093,632486.8,632486.8,0.0,601936.6,24.818950954501886,-5.066646260407287,591315.232375459,40789.125939941434,581646.55390625,598.5999999999767,-632486.8,249.99481869339888,-15.874199349885409,208.69999999995343,39608.90171286465,4943.052118415998,2717.3098039215697,99420.22889553515,196874.45155599643,563953.9942723257,581646.55390625,17692.559633924368,18505.342935513298,2.166060381106326,2.040964626745337,1645144.890083585,301205.07053237286,1787278.998907787,1787278.998907787,0.0,1672491.017579031,115348.57940189165,1645144.890083585,0.8728262468811884,0.7456831326950436,0.6185678836632885,0.4914789490824987,0.3644199991359877,0.23739027110587732,0.11039799613475525,-0.016568184007234654,-0.016788076282680312,614785.84453125,118976.43588671331,701573.6,701573.6,0.0,624193.6,19.33487475759537,-4.230003552160598,626192.4839315043,60472.65737304687,614785.8445312497,1358.2000000000698,-701573.6,249.9615041017411,-15.872618616136478,371.60000000009313,43938.476942528825,5484.551495578633,3218.04431372549,106861.2785953439,207410.53708187846,595734.9420827237,614785.84453125,19050.902448526245,20636.112762071523,2.1620278257249224,2.0391462099111703,1738876.958582182,336492.97734009376,1981912.297105067,1981912.297105067,0.0,1771135.398801351,171042.50441940856,1738876.9585821824,0.8797992951777828,0.7596184413221363,0.6394535593738733,0.5193126783643225,0.39919880202235103,0.2791059704526532,0.1590348532652543,0.03898997557944829,0.03799128062685654,
310310.14667968755,309400.21702203713,645113.0,645113.0,0.0,590111.8999999999,-1.9924104398703333,-0.0020368544244373493,438201.8729143598,309097.99766922067,310310.1466796875,847.9000000000233,-645113.0,505.9652629703322,-22.537674788458613,0.0,28538.836038145506,2520.3844340363057,1370.3786692759297,53422.46953568713,90064.30018015917,308979.1330452795,310310.14667968755,1331.0136344080643,17844.237133347942,2.641708744170111,2.004370379196675,877689.6359527973,871858.0197720567,1823412.296847776,1823412.296847776,0.0,1237123.883731862,870562.0769382423,877689.6359527973,0.9939734193111291,0.9879474013288911,0.9819219149376814,0.9758971270118435,0.9698731458859693,0.9638499735713664,0.9578276512321461,0.9518060936860411,0.9457855799435859,324375.96972656244,324452.1008732888,708365.7,708365.7,0.0,598288.6,-1.9668023350819888,0.01700127219668251,458790.7317036153,323108.8760948181,324375.9697265626,1122.0,-708365.7,505.8936386875492,-22.535285503306753,0.0,31338.660463474054,2767.88592568193,1601.8409001956945,56933.50785321089,93607.15908910788,322345.13497115107,324375.9697265625,2030.8347554114578,18794.813697249298,2.6655701113957315,2.009041687254586,917473.7913904586,913940.2308008154,2001433.394013284,2001433.394013284,0.0,1295007.6846739675,909647.3821712397,917473.7913904584,0.9936721509121255,0.9873452255549533,0.9810189761844705,0.9746933608358367,0.9683684257467091,0.9620442398506852,0.9557206485784414,0.9493982635944821,0.9430765113603286,
307129.4201171875,300390.78181357105,632915.2,632915.2,0.0,575819.3500000001,-1.98841012289408,-0.039347695652050166,429608.0801149909,299931.0743331912,307129.4201171876,1004.2000000000698,-632915.2,505.952608817003,-22.537252479562103,0.0,27999.420643948873,2472.7524511625206,1351.2211350293537,54481.39333683214,87416.89352592407,300268.62822886446,307129.42011718755,6860.79188832306,16010.43931105309,2.8656432257842015,2.0636018545129864,868693.1826670215,844090.9142677399,1788307.061456954,1788307.061456954,0.0,1211246.1835487897,841546.5207086782,868693.1826670212,0.9938619450209789,0.9877238044689893,0.9815856160389137,0.9754474415207198,0.9693094437468625,0.9631717102655847,0.957034293043866,0.9508973128475608,0.9447608655987906,326138.92167968745,320070.18379154574,707473.9,707473.9,0.0,594758.35,-1.9615060817476067,-0.018685463205016888,456958.99026799254,318495.0407028187,326138.92167968757,1267.9000000000233,-707473.9,505.86988411096155,-22.53449286770432,0.0,31299.60997815685,2764.422978619118,1605.8880626223095,58697.40457531176,92416.47591274026,318562.62590108294,326138.9216796875,7576.295778604594,17296.063963890123,2.8801030723796712,2.0635713197386263,922460.1725143016,898793.7408280335,1997208.1127976428,1997208.1127976428,0.0,1287929.717968634,893633.2921232308,922460.1725143014,0.9935263453793551,0.9870525639018364,0.9805780081787346,0.9741033467138054,0.9676291033655413,0.9611543648645875,0.9546799274135436,0.9482057683027734,0.9417321080814375,
566096.319140625,142704.77967488396,633646.5,633646.5,0.0,606136.9,11.521100678751713,-3.628578331733547,583806.2150119864,66339.412399292,566096.3191406248,1148.5999999999767,-633646.5,249.9822140112,-15.87360089539407,203.79999999993015,39682.018622742544,4952.114236063054,2718.7725490196076,108950.45264857428,186647.7820108087,537300.3034744349,566096.3191406251,28796.015666190204,32921.19433605984,2.1647885021029616,2.0403809129862083,1601162.1842763198,389786.47093715554,1789613.5826565525,1789613.5826565525,0.0,1647924.098155664,186143.53125250508,1601162.1842763203,0.9307479664027758,0.8615141708145679,0.7923016661252953,0.7231083394589923,0.6539337942324397,0.5847764399685662,0.5156394155663584,0.4465215481972731,0.37742103716364817,600993.8921874999,154958.04184205076,699457.8,699457.8,0.0,629072.55,10.290436451078508,-3.3576360441220987,620649.3802286466,75484.07202148439,600993.8921874999,1418.7999999999302,-699457.8,249.96496346167018,-15.87278260617474,371.60000000009313,43805.46219028077,5467.733717800855,3166.1392156862726,116487.46653710546,197836.61803044114,570346.1959317294,600993.8921875,30647.696255770687,35904.97573104497,2.1630994836661355,2.0396153080955552,1699867.4264699128,422734.767134929,1974099.9338991446,1974099.9338991446,0.0,1751643.2145040461,211250.55918574092,1699867.4264699128,0.9308127411783956,0.8616511996535974,0.7925127173730446,0.7233992903864934,0.654310735875261,0.5852477838740161,0.5162102501441324,0.4471970961964639,0.37820612680966686,
564883.5216796875,146393.40403414075,615923.7,615923.7,0.0,608246.7,10.862057271662056,-3.57007294931342,583544.7042086398,70648.04353713989,564883.5216796875,625.3000000000466,-609002.0,505.969996557496,-22.537832953037842,78.09999999997672,26941.238684151453,2379.2612030437986,1321.829549902151,68079.02220887317,143693.66864894357,553893.1064359606,564883.5216796875,10990.415243726933,28730.229769393285,7.999639055665323,3.153611345307543,1597731.875040981,414061.5124319353,1741834.624939151,1741834.624939151,0.0,1650513.2779227772,199821.5689931648,1597731.875040981,0.9685583646966444,0.9371093862704905,0.9056503844333483,0.8741836289552802,0.842710680085073,0.8112319429340711,0.7797500223593685,0.748263238097685,0.7167709079733261,631280.3234375,165584.6814943038,696878.0,696878.0,0.0,683377.15,10.214848959583357,-3.4331586278959434,652635.5288405041,85233.63516845692,631280.3234374999,1064.9000000000233,-669080.0,505.8548098305372,-22.533991024456665,73.59999999997672,29600.93889303906,2614.2189774089456,1583.4637964774952,76041.35259550056,160706.4501476388,619559.0536381336,631280.3234375,11721.269799366459,30810.308476471015,7.9696422959328075,3.1460805604422224,1785530.3901291734,468337.3927419496,1971002.1344461052,1971002.1344461052,0.0,1845930.3040784514,241048.94685900054,1785530.3901291734,0.9697859904811291,0.9395580137081823,0.9093163143249763,0.8790612113249049,0.8487935376908374,0.8185120602023244,0.7882172398049558,0.757909023191387,0.727587430644163,
501832.23125,200176.84534877734,604311.2,604311.2,0.0,569545.15,2.4262572538550433,-2.0943685033905948,540283.5901035137,137219.75073242182,501832.2312499998,990.4000000000233,-604311.2,249.9835987317119,-15.873666730171086,48.40000000002328,37844.432904511574,4722.162903498654,2536.36862745098,114655.64710067213,159260.88403249008,485064.145574233,501832.23124999995,16768.085675766903,59317.284729793944,2.0292933644326254,1.976763140945186,1419395.894939403,546977.5849630728,1706205.7769768606,1706205.7769768606,0.0,1521140.751220236,376823.8582320347,1419395.8949394028,0.9696972439375451,0.9394010597427817,0.9091102869273517,0.8788259143393033,0.8485476293982557,0.8182758114800246,0.7880106221749993,0.7577490217081458,0.7274926129261077,527714.840234375,211503.56191973086,665666.4,665666.4,0.0,590933.85,2.335331014353102,-2.0522947948122976,568521.5117375291,144297.02662658715,527714.8402343751,1181.4000000000233,-665666.4,249.96635358283714,-15.872848742258645,35.59999999997672,41688.21035786083,5202.721310265279,2928.0266666666653,120849.5863536738,167319.46129091998,509745.812389604,527714.840234375,17969.02784477098,63480.53522184732,2.033755122198974,1.9786894009934173,1492602.9682500085,576166.3113818674,1871673.7842326593,1871673.7842326593,0.0,1599947.261380863,392991.1291017204,1492602.9682500085,0.9683146132884748,0.9366508844674583,0.9050077748826999,0.8733864634430417,0.8417870806029292,0.8102112654072616,0.7786594291930389,0.7471291775467508,0.7156219912586027,
591574.3355468749,155172.75844051767,662018.3,662018.3,0.0,636201.7,10.216980773395113,-3.4276051170504553,611587.0988173032,76916.26773986811,591574.3355468754,491.69999999995343,-659299.7,505.97754093534263,-22.53808463684198,159.29999999993015,29166.59083973049,2576.0734977271077,1478.6634050880625,71538.15769606199,150439.11171090472,580040.5008670721,591574.335546875,11533.834679802903,30149.10494567003,7.992167623290001,3.1517185684646543,1673224.896964486,438892.35501563805,1872431.201661327,1872431.201661327,0.0,1729828.9092025799,217542.10737207497,1673224.896964486,0.9681549763378744,0.936302805665664,0.9044437307218957,0.872578678807935,0.8407085732706348,0.8088330364806163,0.7769539018588242,0.7450703119504456,0.7131862621912193,647405.0779296875,172623.40206036,734269.1,734269.1,0.0,708863.75,9.38616440554174,-3.2526363467077704,670024.0099190753,94355.27212219252,647405.0779296879,1181.2999999999302,-709278.7,505.8716767062967,-22.534554355952952,179.30000000004657,31379.50970290262,2771.518639251525,1718.1639921722112,78386.97667529032,164724.3912358231,635192.8540836427,647405.0779296876,12212.22384604489,31806.040684246622,7.96183402943147,3.1441368689896394,1831138.0831147493,488244.98945195,2076604.183509612,2076604.183509612,0.0,1895112.0940878654,266787.3456034204,1831138.0831147502,0.9696685784965212,0.9393173225461272,0.9089467412382489,0.8785563955589021,0.8481479745054162,0.817720773125765,0.7872744009454805,0.7568091885930455,0.7263250094506666,
